Top pages,Clicks,Impressions,CTR,Position
https://sportscardsnearme.ca/shows/vaughan-sports-card-classic-presented-by-gta-card-blitz-vaughan-2026-08-29/,25,95,26.32%,2.72
https://sportscardsnearme.ca/shows/capital-trade-shows-pokemon-show-ottawa-2026-08-16/,20,274,7.3%,10.43
https://sportscardsnearme.ca/ontario/ottawa/,18,1903,0.95%,12.61
https://sportscardsnearme.ca/ontario/london/,17,2241,0.76%,7.88
https://sportscardsnearme.ca/guides/card-grading-companies-canada/,15,1333,1.13%,14.58
https://sportscardsnearme.ca/shows/capital-trade-shows-card-comic-show-ottawa-2026-08-09/,15,179,8.38%,11.11
https://sportscardsnearme.ca/ontario/toronto/,14,1972,0.71%,10.98
https://sportscardsnearme.ca/shows/,11,766,1.44%,17.45
https://sportscardsnearme.ca/new-brunswick/,11,339,3.24%,7.31
https://sportscardsnearme.ca/store/pokanada-sealed-pokemon-section-inside-pharmacy-london/,10,96,10.42%,4.6
https://sportscardsnearme.ca/ontario/markham/,9,734,1.23%,8.13
https://sportscardsnearme.ca/nova-scotia/,8,515,1.55%,9.62
https://sportscardsnearme.ca/shows/maritime-collectible-expo-moncton-2026-08-09/,8,279,2.87%,9.24
https://sportscardsnearme.ca/alberta/edmonton/,7,745,0.94%,10.1
https://sportscardsnearme.ca/store/collectible-card-caddy-okotoks/,7,25,28%,3.52
https://sportscardsnearme.ca/store/cartes-champions-anjou-montreal/,7,11,63.64%,5.09
https://sportscardsnearme.ca/ontario/mississauga/,6,1197,0.5%,14.9
https://sportscardsnearme.ca/shows/cardman-card-collectible-show-regina-2026-08-30/,6,234,2.56%,5.57
https://sportscardsnearme.ca/guides/tax-on-selling-sports-cards-canada/,6,119,5.04%,4.21
https://sportscardsnearme.ca/alberta/okotoks/,6,35,17.14%,4.06
https://sportscardsnearme.ca/store/b-t-sportscards-gaming-bathurst/,6,33,18.18%,3.85
https://sportscardsnearme.ca/store/cool-pool-cards-cold-lake/,6,16,37.5%,2.31
https://sportscardsnearme.ca/sell/edmonton/,5,105,4.76%,7.31
https://sportscardsnearme.ca/shows/mountain-view-county-sports-card-show-didsbury-2026-09-05/,5,19,26.32%,2.53
https://sportscardsnearme.ca/store/rt-sports-cards-r-t-sport-cards-collectibles-dunnville/,5,18,27.78%,4.67
https://sportscardsnearme.ca/shows/cambridge-sports-card-collectibles-expo-cambridge-2026-10-24/,5,14,35.71%,2.5
https://sportscardsnearme.ca/,4,99,4.04%,34.21
https://sportscardsnearme.ca/shows/durham-card-show-ajax-2026-09-13/,4,59,6.78%,7.31
https://sportscardsnearme.ca/shows/collectors-clash-card-show-woodbridge-2026-08-30/,4,40,10%,5.12
https://sportscardsnearme.ca/shows/shiny-cardboard-expo-toronto-2026-09-12/,4,27,14.81%,4.11
https://sportscardsnearme.ca/british-columbia/vernon/,3,303,0.99%,9.83
https://sportscardsnearme.ca/british-columbia/,3,294,1.02%,10.93
https://sportscardsnearme.ca/quebec/,3,160,1.88%,8.92
https://sportscardsnearme.ca/store/goliath-cards-and-collectibles-gander/,3,127,2.36%,4.39
https://sportscardsnearme.ca/sell/ottawa/,3,101,2.97%,8.9
https://sportscardsnearme.ca/shows/ontario-2026/,3,90,3.33%,9.33
https://sportscardsnearme.ca/store/stettler-game-corner-stettler/,3,83,3.61%,4.95
https://sportscardsnearme.ca/store/782-sports-cards-dartmouth/,3,62,4.84%,2.94
https://sportscardsnearme.ca/shows/card-yard-card-show-oakville-2026-09-05/,3,62,4.84%,6.98
https://sportscardsnearme.ca/saskatchewan/regina/,3,54,5.56%,7.54
https://sportscardsnearme.ca/alberta/fort-mcmurray/,3,46,6.52%,7.59
https://sportscardsnearme.ca/alberta/banff/,3,41,7.32%,10.39
https://sportscardsnearme.ca/shows/sportsworld-collectibles-show-regina-2026-09-12/,3,40,7.5%,5.58
https://sportscardsnearme.ca/sell/oshawa/,3,40,7.5%,6.78
https://sportscardsnearme.ca/sell/victoria/,3,30,10%,6.3
https://sportscardsnearme.ca/alberta/whitecourt/,3,24,12.5%,4.67
https://sportscardsnearme.ca/ontario/goderich/,3,23,13.04%,6.61
https://sportscardsnearme.ca/nova-scotia/yarmouth/,3,22,13.64%,6.82
https://sportscardsnearme.ca/store/collections-manlo-saint-jean-sur-richelieu/,3,16,18.75%,2.69
https://sportscardsnearme.ca/shows/jm-enterprise-caledonia-2026-08-30/,3,14,21.43%,5.64
https://sportscardsnearme.ca/shows/ripcity-cardshow-richmond-2026-09-27/,3,9,33.33%,4
https://sportscardsnearme.ca/store/the-memorabilia-shop-chestermere/,3,8,37.5%,8
https://sportscardsnearme.ca/shows/hobby-con-mississauga-mississauga-2026-09-05/,3,6,50%,3.33
https://sportscardsnearme.ca/shows/national-collective-convention-abbotsford-2026-10-25/,3,6,50%,5.5
https://sportscardsnearme.ca/sell/repentigny/,3,3,100%,2
https://sportscardsnearme.ca/guides/best-card-shops-edmonton/,2,378,0.53%,10.67
https://sportscardsnearme.ca/store/loot-kingdom-barrie/,2,179,1.12%,8.76
https://sportscardsnearme.ca/store/west-s-sports-cards-collectibles-edmonton/,2,128,1.56%,20.46
https://sportscardsnearme.ca/ontario/vaughan/,2,119,1.68%,13.42
https://sportscardsnearme.ca/prince-edward-island/charlottetown/,2,117,1.71%,8
https://sportscardsnearme.ca/ontario/sault-ste-marie/,2,109,1.83%,7.41
https://sportscardsnearme.ca/store/cards-coins-and-collectibles-corner-brook/,2,101,1.98%,7.07
https://sportscardsnearme.ca/ontario/greater-sudbury/,2,94,2.13%,14.03
https://sportscardsnearme.ca/sell/saskatoon/,2,78,2.56%,6.96
https://sportscardsnearme.ca/store/nether-world-st-john-s/,2,75,2.67%,7
https://sportscardsnearme.ca/store/dolly-s-cards-collectibles-waterloo-waterloo/,2,67,2.99%,5.25
https://sportscardsnearme.ca/sell/london/,2,65,3.08%,7.69
https://sportscardsnearme.ca/new-brunswick/fredericton/,2,63,3.17%,8.62
https://sportscardsnearme.ca/store/backmandy-collectibles-charlottetown/,2,58,3.45%,7.38
https://sportscardsnearme.ca/store/rainbow-s-end-book-and-discs-wolfville/,2,58,3.45%,8.09
https://sportscardsnearme.ca/store/heavyjs-card-house-sarnia/,2,49,4.08%,8.55
https://sportscardsnearme.ca/sell/calgary/,2,43,4.65%,9.72
https://sportscardsnearme.ca/store/brackenberries-pvp-alliston-new-tecumseth/,2,38,5.26%,6.16
https://sportscardsnearme.ca/shows/saskatchewan-2026/,2,38,5.26%,7.16
https://sportscardsnearme.ca/store/hobby-north-kn-cards-collectables-ltd-high-prairie/,2,34,5.88%,3.53
https://sportscardsnearme.ca/shows/capital-trade-shows-card-comic-show-ottawa-2026-09-12/,2,33,6.06%,4.7
https://sportscardsnearme.ca/store/gifted-rookies-charlottetown/,2,31,6.45%,8.29
https://sportscardsnearme.ca/store/jason-randy-s-sports-cards-timmins/,2,27,7.41%,4.3
https://sportscardsnearme.ca/pokemon/brandon/,2,27,7.41%,9.04
https://sportscardsnearme.ca/shows/mississauga-tcg-and-toy-show-mississauga-2026-08-29/,2,24,8.33%,5.5
https://sportscardsnearme.ca/store/le-coin-du-jouet-mont-tremblant/,2,23,8.7%,6.22
https://sportscardsnearme.ca/quebec/magog/,2,22,9.09%,6.59
https://sportscardsnearme.ca/shows/peterborough-card-show-peterborough-2026-09-06/,2,19,10.53%,4.74
https://sportscardsnearme.ca/store/la-zone-retro-val-d-or/,2,18,11.11%,5.89
https://sportscardsnearme.ca/manitoba/steinbach/,2,18,11.11%,6.33
https://sportscardsnearme.ca/sell/fredericton/,2,17,11.76%,5.71
https://sportscardsnearme.ca/british-columbia/delta-ladner/,2,17,11.76%,8
https://sportscardsnearme.ca/shows/vancouver-card-show-vancouver-2026-09-05/,2,15,13.33%,5.4
https://sportscardsnearme.ca/british-columbia/maple-ridge/,2,15,13.33%,6.27
https://sportscardsnearme.ca/store/hob-s-hobbies-strathmore/,2,13,15.38%,6.23
https://sportscardsnearme.ca/ontario/brockville/,2,13,15.38%,10.08
https://sportscardsnearme.ca/alberta/chestermere/,2,12,16.67%,11.92
https://sportscardsnearme.ca/quebec/rouyn-noranda/,2,9,22.22%,3.89
https://sportscardsnearme.ca/shows/hobby-con-waterloo-waterloo-2026-09-06/,2,8,25%,3.12
https://sportscardsnearme.ca/quebec/roberval/,2,7,28.57%,6.57
https://sportscardsnearme.ca/shows/cambridge-sports-card-collectibles-expo-cambridge-2026-09-26/,2,6,33.33%,1.17
https://sportscardsnearme.ca/shows/hobbycon-guelph-guelph-2026-09-07/,2,6,33.33%,2.5
https://sportscardsnearme.ca/sell/guelph/,2,5,40%,5.4
https://sportscardsnearme.ca/guides/best-card-shops-calgary/,1,740,0.14%,10.95
https://sportscardsnearme.ca/prince-edward-island/,1,196,0.51%,9.62
https://sportscardsnearme.ca/store/digital-oasis-windsor/,1,181,0.55%,9.18
https://sportscardsnearme.ca/guides/psa-grading-mississauga/,1,162,0.62%,9.85
https://sportscardsnearme.ca/shows/sport-card-memorabilia-expo-montreal-laval-2026-09-25/,1,146,0.68%,11.27
https://sportscardsnearme.ca/store/cardify-hobby-cards-collectibles-sports-tcgs-toronto/,1,141,0.71%,6.62
https://sportscardsnearme.ca/alberta/,1,128,0.78%,11.48
https://sportscardsnearme.ca/shows/card-summit-edmonton-2026-08-29/,1,119,0.84%,8.45
https://sportscardsnearme.ca/store/mintink-ajax-ajax/,1,105,0.95%,7.5
https://sportscardsnearme.ca/store/pastime-sports-games-guildford-surrey/,1,105,0.95%,9.98
https://sportscardsnearme.ca/store/onyx-cards-games-collingwood/,1,101,0.99%,8.22
https://sportscardsnearme.ca/store/ea-collectibles-london/,1,101,0.99%,10.59
https://sportscardsnearme.ca/store/the-fort-board-games-and-card-games-the-fort-gaming-collectibles-fort-saskatchewan/,1,98,1.02%,7.84
https://sportscardsnearme.ca/store/le-coin-de-la-carte-sportive-gatineau/,1,96,1.04%,10.2
https://sportscardsnearme.ca/sell/winnipeg/,1,94,1.06%,7.78
https://sportscardsnearme.ca/store/retro-relics-greater-sudbury/,1,90,1.11%,6.17
https://sportscardsnearme.ca/shows/greater-toronto-card-show-vaughan-edition-vaughan-2026-08-09/,1,80,1.25%,8.79
https://sportscardsnearme.ca/store/dave-s-sportscard-shop-cornwall/,1,77,1.3%,6.21
https://sportscardsnearme.ca/store/heaven-s-collectibles-tcg-london/,1,76,1.32%,10.71
https://sportscardsnearme.ca/store/vulcan-collectibles-ottawa/,1,70,1.43%,6.49
https://sportscardsnearme.ca/store/rockets-sports-cards-chatham-chatham-kent/,1,68,1.47%,7.54
https://sportscardsnearme.ca/pokemon/saskatoon/,1,66,1.52%,10.88
https://sportscardsnearme.ca/manitoba/winnipeg/,1,62,1.61%,11.08
https://sportscardsnearme.ca/store/gameshq-aka-the-trading-card-store-port-perry-port-perry/,1,59,1.69%,6.41
https://sportscardsnearme.ca/store/the-tabletop-games-collectibles-yellowknife/,1,59,1.69%,7.86
https://sportscardsnearme.ca/ontario/peterborough/,1,56,1.79%,8.7
https://sportscardsnearme.ca/british-columbia/victoria/,1,55,1.82%,10.13
https://sportscardsnearme.ca/ontario/cambridge/,1,55,1.82%,11.13
https://sportscardsnearme.ca/store/duel-city-games-mississauga/,1,54,1.85%,4.72
https://sportscardsnearme.ca/store/babs-gaming-and-sports-cards-inc-lloydminster/,1,53,1.89%,9
https://sportscardsnearme.ca/store/henry-s-hut-hobbies-and-collectibles-new-glasgow/,1,52,1.92%,8.13
https://sportscardsnearme.ca/alberta/medicine-hat/,1,49,2.04%,7.69
https://sportscardsnearme.ca/sell/montreal/,1,49,2.04%,8.53
https://sportscardsnearme.ca/alberta/stettler/,1,49,2.04%,9.16
https://sportscardsnearme.ca/store/a-spec-cards-inc-milton/,1,48,2.08%,6.5
https://sportscardsnearme.ca/new-brunswick/saint-john/,1,48,2.08%,9.19
https://sportscardsnearme.ca/ontario/oshawa/,1,47,2.13%,9.57
https://sportscardsnearme.ca/pokemon/kamloops/,1,45,2.22%,9.89
https://sportscardsnearme.ca/store/studio-151-fort-erie/,1,44,2.27%,5.32
https://sportscardsnearme.ca/ontario/lindsay-kawartha-lakes/,1,44,2.27%,6.61
https://sportscardsnearme.ca/store/hobby-sport-iles-de-la-madeleine-l-etang-du-nord/,1,43,2.33%,3.19
https://sportscardsnearme.ca/store/cardboard-slingers-collectables-oromocto/,1,43,2.33%,7.4
https://sportscardsnearme.ca/ontario/woodstock/,1,43,2.33%,8.44
https://sportscardsnearme.ca/pokemon/hamilton/,1,41,2.44%,7.1
https://sportscardsnearme.ca/ontario/owen-sound/,1,41,2.44%,8.85
https://sportscardsnearme.ca/store/stakk-quebec-quebec/,1,40,2.5%,7.47
https://sportscardsnearme.ca/shows/overtime-sports-card-tcg-show-calgary-2026-08-30/,1,39,2.56%,5.67
https://sportscardsnearme.ca/store/camrosenextgen-gaming-camrose/,1,37,2.7%,8.68
https://sportscardsnearme.ca/store/the-card-corner-and-games-port-alberni/,1,36,2.78%,8.75
https://sportscardsnearme.ca/shows/capital-trade-shows-card-comic-show-ottawa-2027-09-11/,1,36,2.78%,10.86
https://sportscardsnearme.ca/store/game-nation-hobbies-games-toronto/,1,36,2.78%,17.81
https://sportscardsnearme.ca/store/slab-labs-tcg-greater-sudbury/,1,34,2.94%,3.18
https://sportscardsnearme.ca/shows/big-kahuna-card-show-and-collectibles-st-albert-2026-09-19/,1,34,2.94%,6.71
https://sportscardsnearme.ca/store/beyond-the-pond-sports-cards-and-collectables-london/,1,32,3.12%,6.22
https://sportscardsnearme.ca/store/le-bla-bla-de-la-carte-sportive-sherbrooke/,1,32,3.12%,8.22
https://sportscardsnearme.ca/sell/st-john-s/,1,31,3.23%,6.23
https://sportscardsnearme.ca/store/card-board-gaming-appointment-only-markham/,1,31,3.23%,6.97
https://sportscardsnearme.ca/store/zone-collection-st-jean-saint-jean-sur-richelieu/,1,31,3.23%,7.45
https://sportscardsnearme.ca/guides/pokemon-tcg-shops-canada/,1,31,3.23%,15.94
https://sportscardsnearme.ca/sell/,1,31,3.23%,22.03
https://sportscardsnearme.ca/store/kootenay-sports-cards-collectables-cranbrook/,1,30,3.33%,8.57
https://sportscardsnearme.ca/british-columbia/abbotsford/,1,30,3.33%,9.53
https://sportscardsnearme.ca/sell/kingston/,1,29,3.45%,6.28
https://sportscardsnearme.ca/store/flip-collectibles-shop-vaughan/,1,27,3.7%,7.41
https://sportscardsnearme.ca/pokemon/owen-sound/,1,27,3.7%,8.81
https://sportscardsnearme.ca/pokemon/trois-rivieres/,1,27,3.7%,9.07
https://sportscardsnearme.ca/store/toybox-trading-co-vaughan/,1,27,3.7%,10
https://sportscardsnearme.ca/ontario/trenton-quinte-west/,1,26,3.85%,8.54
https://sportscardsnearme.ca/alberta/st-albert/,1,26,3.85%,8.96
https://sportscardsnearme.ca/quebec/sherbrooke/,1,26,3.85%,13.08
https://sportscardsnearme.ca/store/xcite-toys-games-collectibles-sault-ste-marie/,1,25,4%,5.24
https://sportscardsnearme.ca/shows/collectors-clash-show-on-steeles-north-york-2026-09-06/,1,25,4%,5.72
https://sportscardsnearme.ca/shows/greater-toronto-card-show-fall-edition-vaughan-2026-09-13/,1,25,4%,7.84
https://sportscardsnearme.ca/quebec/mont-tremblant/,1,23,4.35%,4
https://sportscardsnearme.ca/sell/moncton/,1,23,4.35%,7.57
https://sportscardsnearme.ca/quebec/brossard/,1,23,4.35%,9.13
https://sportscardsnearme.ca/ontario/sarnia/,1,22,4.55%,8.09
https://sportscardsnearme.ca/ontario/ajax/,1,22,4.55%,9
https://sportscardsnearme.ca/sell/kelowna/,1,21,4.76%,8.71
https://sportscardsnearme.ca/store/diadem-cards-hobbies-greater-sudbury/,1,20,5%,8.25
https://sportscardsnearme.ca/ontario/guelph/,1,20,5%,8.4
https://sportscardsnearme.ca/store/digital-grade-submissions-hamilton/,1,20,5%,10.6
https://sportscardsnearme.ca/store/exor-games-charlottetown/,1,20,5%,11.1
https://sportscardsnearme.ca/store/soul-tcg-ottawa/,1,19,5.26%,6.37
https://sportscardsnearme.ca/pokemon/winnipeg/,1,19,5.26%,7.42
https://sportscardsnearme.ca/ontario/welland/,1,19,5.26%,8.37
https://sportscardsnearme.ca/store/bog-collectibles-kahnawake/,1,19,5.26%,9.53
https://sportscardsnearme.ca/store/capital-city-cards-collectibles-edmonton/,1,18,5.56%,7.78
https://sportscardsnearme.ca/pokemon/banff/,1,18,5.56%,8.67
https://sportscardsnearme.ca/store/topdeck-hero-boucherville-boucherville/,1,18,5.56%,10.89
https://sportscardsnearme.ca/store/capital-city-sports-cards-edmonton/,1,18,5.56%,12.11
https://sportscardsnearme.ca/sell/charlottetown/,1,17,5.88%,6.88
https://sportscardsnearme.ca/sell/vaughan/,1,17,5.88%,7.71
https://sportscardsnearme.ca/sell/langley/,1,16,6.25%,5.62
https://sportscardsnearme.ca/store/tailgate-mercantile-co-okotoks/,1,16,6.25%,6.88
https://sportscardsnearme.ca/quebec/gatineau/,1,16,6.25%,8.75
https://sportscardsnearme.ca/store/le-centre-du-comic-carte-sportive-gatineau/,1,16,6.25%,10.06
https://sportscardsnearme.ca/store/advance-rc-hobbies-markham/,1,16,6.25%,18.31
https://sportscardsnearme.ca/store/tw-chicoutimi-jonquiere-saguenay/,1,15,6.67%,5.33
https://sportscardsnearme.ca/store/mk-ultra-cards-strathroy/,1,15,6.67%,6
https://sportscardsnearme.ca/store/tw-repentigny-repentigny/,1,15,6.67%,6.6
https://sportscardsnearme.ca/sell/kapuskasing/,1,15,6.67%,8.73
https://sportscardsnearme.ca/british-columbia/new-westminster/,1,14,7.14%,9.79
https://sportscardsnearme.ca/shows/quebec-2026/,1,12,8.33%,4.25
https://sportscardsnearme.ca/store/cartes-sur-table-l-assomption/,1,11,9.09%,3.45
https://sportscardsnearme.ca/alberta/camrose/,1,11,9.09%,3.91
https://sportscardsnearme.ca/alberta/hinton/,1,11,9.09%,6.27
https://sportscardsnearme.ca/manitoba/carman/,1,11,9.09%,8
https://sportscardsnearme.ca/shows/durham-card-show-ajax-2026-11-01/,1,11,9.09%,12.36
https://sportscardsnearme.ca/store/la-zone-retro-rouyn-noranda/,1,10,10%,3.6
https://sportscardsnearme.ca/store/great-canadian-card-co-greater-sudbury/,1,10,10%,11.5
https://sportscardsnearme.ca/store/brightside-hobbies-brightside-tcg-morinville/,1,9,11.11%,3.22
https://sportscardsnearme.ca/quebec/jonquiere-saguenay/,1,9,11.11%,8.11
https://sportscardsnearme.ca/guides/are-you-running-a-card-business/,1,9,11.11%,10.44
https://sportscardsnearme.ca/shows/trade-on-south-edmonton-2026-09-05/,1,8,12.5%,3.5
https://sportscardsnearme.ca/shows/card-yard-collectibles-trade-show-mississauga-2026-09-12/,1,8,12.5%,6.12
https://sportscardsnearme.ca/quebec/verdun-montreal/,1,8,12.5%,6.75
https://sportscardsnearme.ca/alberta/wainwright/,1,8,12.5%,7.88
https://sportscardsnearme.ca/store/big-time-sportscards-regina/,1,8,12.5%,18.12
https://sportscardsnearme.ca/sell/cornwall/,1,7,14.29%,4.86
https://sportscardsnearme.ca/sell/maple-ridge/,1,6,16.67%,2.83
https://sportscardsnearme.ca/shows/durham-card-show-ajax-2026-10-18/,1,6,16.67%,6.17
https://sportscardsnearme.ca/store/personalized-sportcards-lethbridge/,1,6,16.67%,6.33
https://sportscardsnearme.ca/ontario/dunnville/,1,6,16.67%,7.17
https://sportscardsnearme.ca/quebec/dolbeau-mistassini/,1,6,16.67%,17
https://sportscardsnearme.ca/new-brunswick/caraquet/,1,5,20%,2.6
https://sportscardsnearme.ca/shows/premier-card-collectibles-convention-red-deer-2026-11-01/,1,5,20%,8.2
https://sportscardsnearme.ca/pokemon/brockville/,1,5,20%,12.2
https://sportscardsnearme.ca/store/the-trading-post-sault-ste-marie/,1,4,25%,3.75
https://sportscardsnearme.ca/store/dxhers-ottawa/,1,4,25%,4.75
https://sportscardsnearme.ca/quebec/granby/,1,4,25%,7.75
https://sportscardsnearme.ca/ontario/st-catharines/,1,4,25%,10.5
https://sportscardsnearme.ca/shows/georgetown-card-show-sports-non-sports-georgetown-2026-10-24/,1,3,33.33%,2
https://sportscardsnearme.ca/quebec/shawinigan/,1,3,33.33%,4
https://sportscardsnearme.ca/store/librairie-alpha-gaspe/,1,3,33.33%,6
https://sportscardsnearme.ca/alberta/taber/,1,2,50%,4
https://sportscardsnearme.ca/ontario/stoney-creek/,1,2,50%,4
https://sportscardsnearme.ca/shows/capital-trade-shows-pokemon-show-ottawa-2027-08-15/,1,2,50%,5.5
https://sportscardsnearme.ca/pokemon/carleton-place/,1,2,50%,12
https://sportscardsnearme.ca/shows/collecticon-hamilton-hamilton-2026-10-12/,1,1,100%,1
https://sportscardsnearme.ca/shows/sports-cards-and-collectible-show-st-catharines-2026-09-12/,1,1,100%,1
https://sportscardsnearme.ca/quebec/riviere-du-loup/,1,1,100%,4
https://sportscardsnearme.ca/store/northern-sports-cards-lindsay-kawartha-lakes/,1,1,100%,12
https://sportscardsnearme.ca/store/total-sports-cards-collectibles-etobicoke/,0,608,0%,9.12
https://sportscardsnearme.ca/store/rookies-sports-cards-collectibles-hamilton/,0,338,0%,12.48
https://sportscardsnearme.ca/store/clutch-games-toronto/,0,274,0%,7.26
https://sportscardsnearme.ca/store/strictly-singles-sports-cards-halifax/,0,213,0%,10.35
https://sportscardsnearme.ca/pokemon/fort-erie/,0,185,0%,9.19
https://sportscardsnearme.ca/store/mana-vault-saskatoon/,0,156,0%,9.49
https://sportscardsnearme.ca/store/m4-sports-cards-and-collectibles-hamilton/,0,144,0%,9.51
https://sportscardsnearme.ca/store/goalline-sports-cards-chilliwack/,0,143,0%,6.99
https://sportscardsnearme.ca/store/merchant-s-shop-la-shop-du-marchand-merchant-s-inventory-bathurst/,0,137,0%,6.91
https://sportscardsnearme.ca/pokemon/toronto/,0,134,0%,21.54
https://sportscardsnearme.ca/store/gator-byte-computers-entertainment-yarmouth/,0,130,0%,8.49
https://sportscardsnearme.ca/store/skaf-express-let-s-play-cards-and-games-thunder-bay/,0,123,0%,8.45
https://sportscardsnearme.ca/store/sports-collection-99-terrebonne/,0,117,0%,6.77
https://sportscardsnearme.ca/shows/woodstock-toy-and-collectibles-expo-woodstock-2026-10-18/,0,115,0%,8.87
https://sportscardsnearme.ca/ontario/,0,114,0%,11.49
https://sportscardsnearme.ca/store/hope-club-collectibles-sports-cards-and-trading-card-games-toronto/,0,109,0%,7.73
https://sportscardsnearme.ca/quebec/montreal/,0,106,0%,11.04
https://sportscardsnearme.ca/store/true-gem-sports-collectibles-markham/,0,101,0%,7.24
https://sportscardsnearme.ca/shows/london-card-show-london-2026-08-29/,0,98,0%,9.18
https://sportscardsnearme.ca/store/trading-card-warehouse-moncton/,0,89,0%,9.37
https://sportscardsnearme.ca/store/cartes-leo-lachute/,0,86,0%,8.33
https://sportscardsnearme.ca/pokemon/london/,0,85,0%,9.6
https://sportscardsnearme.ca/shows/atlantic-entertainment-expo-aex-moncton-moncton-2026-10-17/,0,84,0%,7.08
https://sportscardsnearme.ca/store/local-legends-cards-collectibles-vancouver/,0,84,0%,9.54
https://sportscardsnearme.ca/store/professional-sports-authenticator-psa-canada-mississauga/,0,84,0%,15.32
https://sportscardsnearme.ca/store/colossal-cards-and-collectables-courtenay/,0,81,0%,8.17
https://sportscardsnearme.ca/store/tabletop-renaissance-games-hobbies-windsor/,0,79,0%,11.51
https://sportscardsnearme.ca/store/tom-tech-repairs-game-vault-kingston-kingston/,0,76,0%,8.05
https://sportscardsnearme.ca/store/pastime-sports-games-langley-langley/,0,75,0%,15.88
https://sportscardsnearme.ca/store/stakk-saint-eustache-hq-saint-eustache/,0,73,0%,7.15
https://sportscardsnearme.ca/store/event-horizon-hobbies-midland/,0,73,0%,7.55
https://sportscardsnearme.ca/store/remi-card-trader-saint-hubert-longueuil/,0,73,0%,8.79
https://sportscardsnearme.ca/store/omar-s-collectibles-vernon/,0,73,0%,10.62
https://sportscardsnearme.ca/store/next-level-games-and-collectibles-summerside/,0,72,0%,8.06
https://sportscardsnearme.ca/store/ppag-hockey-cards-granby/,0,71,0%,8.3
https://sportscardsnearme.ca/store/players-cards-and-collectibles-london/,0,71,0%,8.77
https://sportscardsnearme.ca/store/the-trading-card-store-lindsay-lindsay-kawartha-lakes/,0,70,0%,9.27
https://sportscardsnearme.ca/store/elsewhere-gaming-hobbies-new-minas/,0,69,0%,8.03
https://sportscardsnearme.ca/store/pastime-sports-games-capilano-north-vancouver/,0,69,0%,8.77
https://sportscardsnearme.ca/store/comic-readers-medicine-hat/,0,69,0%,9.45
https://sportscardsnearme.ca/store/gp-sports-cards-toronto/,0,69,0%,9.62
https://sportscardsnearme.ca/store/paradoxtcg-hamilton/,0,69,0%,28.14
https://sportscardsnearme.ca/store/kanzen-games-sports-collectibles-mississauga/,0,68,0%,11.21
https://sportscardsnearme.ca/store/cardboard-hero-fredericton-fredericton/,0,67,0%,9.91
https://sportscardsnearme.ca/pokemon/victoria/,0,67,0%,9.97
https://sportscardsnearme.ca/store/1up-games-hamilton/,0,67,0%,48.03
https://sportscardsnearme.ca/alberta/red-deer/,0,66,0%,15.14
https://sportscardsnearme.ca/new-brunswick/bathurst/,0,65,0%,7.74
https://sportscardsnearme.ca/store/avalon-hobbies-medicine-hat/,0,65,0%,9.89
https://sportscardsnearme.ca/sell/vancouver/,0,65,0%,10.25
https://sportscardsnearme.ca/new-brunswick/moncton/,0,64,0%,9.25
https://sportscardsnearme.ca/store/andys-sports-cards-and-collectibles-calgary/,0,64,0%,15.31
https://sportscardsnearme.ca/pokemon/montreal/,0,62,0%,11.68
https://sportscardsnearme.ca/store/hobby-stop-tcg-collectibles-toronto/,0,62,0%,18.42
https://sportscardsnearme.ca/store/m-l-sports-cards-collectables-niagara-falls/,0,61,0%,8.16
https://sportscardsnearme.ca/store/hobby-knight-in-canada-newmarket/,0,61,0%,9.07
https://sportscardsnearme.ca/sell/halifax/,0,61,0%,9.11
https://sportscardsnearme.ca/store/cheesmo-s-cards-mobile-hobby-shop-mississauga/,0,60,0%,6.25
https://sportscardsnearme.ca/store/card-rack-fredericton/,0,60,0%,7.77
https://sportscardsnearme.ca/store/dueling-grounds-tabletop-games-peterborough/,0,60,0%,11.55
https://sportscardsnearme.ca/store/sportsworld-collectibles-regina/,0,60,0%,12.55
https://sportscardsnearme.ca/store/action-packed-comics-games-kingston/,0,59,0%,24.42
https://sportscardsnearme.ca/store/northern-war-table-vaughan/,0,58,0%,7.74
https://sportscardsnearme.ca/store/d-m-sports-halifax/,0,58,0%,8.59
https://sportscardsnearme.ca/pokemon/saint-john/,0,58,0%,8.95
https://sportscardsnearme.ca/store/la-carte-cachee-saint-jean-sur-richelieu/,0,56,0%,8.18
https://sportscardsnearme.ca/store/kingston-card-den-kingston/,0,56,0%,8.36
https://sportscardsnearme.ca/store/the-hobby-spot-leduc-quarantined-case-breaks-leduc/,0,56,0%,8.59
https://sportscardsnearme.ca/store/games-nook-ii-sault-ste-marie/,0,56,0%,9.61
https://sportscardsnearme.ca/store/skies-the-limit-fireworks-toys-yorkton/,0,55,0%,9.22
https://sportscardsnearme.ca/store/cartes-sportives-rive-sud-mcmasterville-mcmasterville/,0,54,0%,7.44
https://sportscardsnearme.ca/store/fan-of-the-sport-st-thomas/,0,54,0%,8.7
https://sportscardsnearme.ca/store/gateway-cards-sports-brampton/,0,53,0%,9.36
https://sportscardsnearme.ca/saskatchewan/weyburn/,0,52,0%,6.56
https://sportscardsnearme.ca/store/armadillo-games-canmore/,0,52,0%,7.54
https://sportscardsnearme.ca/store/f-c-house-of-cards-windsor/,0,52,0%,9.5
https://sportscardsnearme.ca/store/inner-hero-collectibles-brandon/,0,52,0%,10.12
https://sportscardsnearme.ca/store/kadoone-markham/,0,52,0%,10.44
https://sportscardsnearme.ca/quebec/laval/,0,52,0%,10.58
https://sportscardsnearme.ca/pokemon/brampton/,0,51,0%,5.75
https://sportscardsnearme.ca/store/game-cycle-london-wharncliffe-london/,0,51,0%,8.71
https://sportscardsnearme.ca/newfoundland-and-labrador/st-john-s/,0,51,0%,10
https://sportscardsnearme.ca/store/prairie-canucks-cards-collectibles-weyburn/,0,50,0%,6.2
https://sportscardsnearme.ca/pokemon/fort-saskatchewan/,0,50,0%,7.26
https://sportscardsnearme.ca/store/putali-chowk-board-games-bar-windsor/,0,50,0%,7.94
https://sportscardsnearme.ca/store/georges-ii-sherwood-park/,0,50,0%,8.1
https://sportscardsnearme.ca/store/relikks-cards-collectibles-toronto/,0,50,0%,8.9
https://sportscardsnearme.ca/store/duck-duck-games-collectibles-toronto/,0,50,0%,9
https://sportscardsnearme.ca/shows/vancity-card-show-vancouver-2026-10-02/,0,50,0%,10.52
https://sportscardsnearme.ca/store/docs-hobby-shop-greater-sudbury/,0,50,0%,13.1
https://sportscardsnearme.ca/store/dragon-world-card-games-collectibles-brampton/,0,49,0%,9.78
https://sportscardsnearme.ca/store/great-hobbies-oshawa/,0,49,0%,9.78
https://sportscardsnearme.ca/store/collector-s-avenue-west-island-dollard-des-ormeaux/,0,48,0%,7.38
https://sportscardsnearme.ca/store/carto-puces-terrebonne/,0,47,0%,8.68
https://sportscardsnearme.ca/store/kanto-kreations-sault-ste-marie/,0,46,0%,7.22
https://sportscardsnearme.ca/store/kollect-this-inc-peterborough/,0,46,0%,9
https://sportscardsnearme.ca/store/arctic-board-games-steinbach/,0,46,0%,9.28
https://sportscardsnearme.ca/alberta/grande-prairie/,0,46,0%,15.5
https://sportscardsnearme.ca/store/celly-sports-games-calgary/,0,45,0%,7.64
https://sportscardsnearme.ca/store/elite-cards-toronto-vaughan/,0,45,0%,9.4
https://sportscardsnearme.ca/store/boutique-la-coupe-stanley-saint-jerome/,0,45,0%,10.04
https://sportscardsnearme.ca/alberta/calgary/,0,45,0%,10.64
https://sportscardsnearme.ca/store/boreal-gaming-cards-thorold/,0,44,0%,7.5
https://sportscardsnearme.ca/store/poke-jeux-boucherville/,0,44,0%,7.89
https://sportscardsnearme.ca/store/new-rave-tcg-hobbies-oshawa/,0,44,0%,8.02
https://sportscardsnearme.ca/store/maximum-cards-collectibles-whitby/,0,44,0%,11.48
https://sportscardsnearme.ca/shows/sport-card-memorabilia-expo-toronto-fall-mississauga-2026-11-05/,0,44,0%,17.3
https://sportscardsnearme.ca/store/kaboom-hobby-windsor/,0,43,0%,5.4
https://sportscardsnearme.ca/store/gamezilla-saint-john-saint-john/,0,43,0%,8.67
https://sportscardsnearme.ca/store/level-up-games-canada-vaughan/,0,43,0%,9.33
https://sportscardsnearme.ca/store/hobbiesville-toronto-toronto/,0,43,0%,23.98
https://sportscardsnearme.ca/store/d-c-s-collectibles-whitecourt/,0,42,0%,7.93
https://sportscardsnearme.ca/store/nd-sports-cards-ltd-psa-authorized-platinum-dealer-vaughan/,0,42,0%,9.76
https://sportscardsnearme.ca/pokemon/nanaimo/,0,42,0%,10.17
https://sportscardsnearme.ca/store/west-s-sports-cards-edmonton/,0,42,0%,39.29
https://sportscardsnearme.ca/shows/true-north-card-fest-prince-george-2026-08-29/,0,41,0%,6.76
https://sportscardsnearme.ca/store/helou-s-sports-cards-and-collectibles-windsor/,0,41,0%,10.05
https://sportscardsnearme.ca/store/rad-cards-and-collectibles-saskatoon/,0,41,0%,10.12
https://sportscardsnearme.ca/pokemon/edmonton/,0,41,0%,11.37
https://sportscardsnearme.ca/store/eastridge-sports-cards-games-calgary/,0,41,0%,16.41
https://sportscardsnearme.ca/guides/psa-grading-submissions-canada/,0,41,0%,20.98
https://sportscardsnearme.ca/store/over-the-top-gaming-oshawa/,0,40,0%,3.23
https://sportscardsnearme.ca/store/neko-s-game-store-car-wash-thompson/,0,40,0%,7.62
https://sportscardsnearme.ca/ontario/kingston/,0,40,0%,9.25
https://sportscardsnearme.ca/store/collector-s-avenue-montreal-montreal/,0,40,0%,9.28
https://sportscardsnearme.ca/ontario/brampton/,0,39,0%,6.79
https://sportscardsnearme.ca/store/nova-s-sports-cards-lloydminster-sk-side/,0,39,0%,7.56
https://sportscardsnearme.ca/store/royalty-cards-and-collectibles-toronto/,0,39,0%,7.72
https://sportscardsnearme.ca/store/miraj-trading-montreal/,0,39,0%,8.36
https://sportscardsnearme.ca/store/go-beyond-games-dauphin/,0,39,0%,8.72
https://sportscardsnearme.ca/store/mint-sports-cards-collectibles-bolton/,0,39,0%,9.64
https://sportscardsnearme.ca/pokemon/kingston/,0,39,0%,9.87
https://sportscardsnearme.ca/pokemon/st-john-s/,0,39,0%,11.64
https://sportscardsnearme.ca/store/out-of-the-box-ottawa/,0,39,0%,15.21
https://sportscardsnearme.ca/store/jeux-3-dragons-sainte-therese/,0,38,0%,5.71
https://sportscardsnearme.ca/british-columbia/prince-george/,0,38,0%,8.84
https://sportscardsnearme.ca/store/sports-la-tornade-vaudreuil-dorion/,0,38,0%,9.63
https://sportscardsnearme.ca/store/empire-trading-tcg-ottawa/,0,38,0%,15.16
https://sportscardsnearme.ca/saskatchewan/saskatoon/,0,37,0%,9.38
https://sportscardsnearme.ca/store/legendary-collectables-mississauga/,0,37,0%,20.73
https://sportscardsnearme.ca/store/mk-kards-cambridge/,0,36,0%,8.03
https://sportscardsnearme.ca/sell/windsor/,0,36,0%,8.33
https://sportscardsnearme.ca/store/box-of-cards-sports-cards-barrie/,0,36,0%,8.33
https://sportscardsnearme.ca/store/black-knight-games-hamilton/,0,36,0%,8.53
https://sportscardsnearme.ca/guides/are-old-hockey-cards-worth-anything/,0,36,0%,8.89
https://sportscardsnearme.ca/pokemon/fort-mcmurray/,0,36,0%,9.22
https://sportscardsnearme.ca/store/wayne-s-sports-cards-collectibles-edmonton/,0,36,0%,9.25
https://sportscardsnearme.ca/store/prisma-games-edmonton/,0,36,0%,11.94
https://sportscardsnearme.ca/store/eclipse-games-edmonton/,0,35,0%,7.43
https://sportscardsnearme.ca/guides/best-card-shops-alberta/,0,35,0%,8.69
https://sportscardsnearme.ca/store/cardbreaknl-mount-pearl/,0,35,0%,8.74
https://sportscardsnearme.ca/quebec/joliette/,0,35,0%,9.09
https://sportscardsnearme.ca/store/mb-cartes-sherbrooke/,0,35,0%,10.06
https://sportscardsnearme.ca/alberta/leduc/,0,34,0%,7.09
https://sportscardsnearme.ca/store/xtreme-collectables-grimsby/,0,34,0%,8.15
https://sportscardsnearme.ca/store/let-s-collect-cards-burnaby/,0,34,0%,8.21
https://sportscardsnearme.ca/sell/regina/,0,34,0%,8.53
https://sportscardsnearme.ca/store/rednails-ii-toronto/,0,34,0%,9.41
https://sportscardsnearme.ca/store/go-go-hobbies-coquitlam/,0,33,0%,3.18
https://sportscardsnearme.ca/store/dd-sports-vaughan-vaughan/,0,33,0%,5.09
https://sportscardsnearme.ca/store/stadium-sports-cards-blenheim-chatham-kent/,0,33,0%,7.03
https://sportscardsnearme.ca/store/scenic-city-game-emporium-owen-sound/,0,33,0%,8.15
https://sportscardsnearme.ca/pokemon/vaughan/,0,33,0%,9.18
https://sportscardsnearme.ca/alberta/lethbridge/,0,33,0%,15.21
https://sportscardsnearme.ca/shows/british-columbia-2026/,0,32,0%,5.66
https://sportscardsnearme.ca/pokemon/alliston-new-tecumseth/,0,32,0%,7.5
https://sportscardsnearme.ca/alberta/cold-lake/,0,32,0%,7.59
https://sportscardsnearme.ca/alberta/lloydminster/,0,32,0%,7.72
https://sportscardsnearme.ca/store/tugs-cards-comics-tugs-pop-culture-sports-drumheller/,0,32,0%,8.66
https://sportscardsnearme.ca/british-columbia/kamloops/,0,32,0%,8.97
https://sportscardsnearme.ca/ontario/windsor/,0,32,0%,9.16
https://sportscardsnearme.ca/store/untouchables-sports-cards-gaming-milton-milton/,0,32,0%,9.19
https://sportscardsnearme.ca/store/ultime-sports-collection-laval/,0,32,0%,12.38
https://sportscardsnearme.ca/sell/peterborough/,0,31,0%,6.48
https://sportscardsnearme.ca/shows/the-hobby-spot-monthly-card-show-leduc-2026-08-29/,0,31,0%,6.61
https://sportscardsnearme.ca/store/village-des-heros-chateauguay/,0,31,0%,9.35
https://sportscardsnearme.ca/shows/this-weekend/,0,31,0%,32.97
https://sportscardsnearme.ca/shows/trade-on-north-edmonton-2026-08-29/,0,30,0%,4.93
https://sportscardsnearme.ca/store/between-2-games-saint-amable/,0,30,0%,7.93
https://sportscardsnearme.ca/pokemon/collingwood/,0,30,0%,8.37
https://sportscardsnearme.ca/pokemon/cornwall/,0,30,0%,8.5
https://sportscardsnearme.ca/store/d-m-sports-cards-moncton/,0,30,0%,8.83
https://sportscardsnearme.ca/shows/capital-trade-shows-card-comic-show-ottawa-2027-08-08/,0,30,0%,9.63
https://sportscardsnearme.ca/pokemon/spruce-grove/,0,30,0%,10.1
https://sportscardsnearme.ca/store/gamecycle-windsor/,0,30,0%,10.97
https://sportscardsnearme.ca/store/amg-collectibles-bedford-halifax/,0,30,0%,16
https://sportscardsnearme.ca/store/imperial-garden-sports-collectibles-grande-prairie/,0,30,0%,24.33
https://sportscardsnearme.ca/store/ultimate-fan-zone-moose-jaw/,0,29,0%,6.97
https://sportscardsnearme.ca/store/dbsport-collectibles-toronto/,0,29,0%,7.17
https://sportscardsnearme.ca/store/lasting-memories-locker-room-hanover/,0,29,0%,7.17
https://sportscardsnearme.ca/store/prospects-antiques-sports-cards-gravenhurst/,0,29,0%,7.31
https://sportscardsnearme.ca/store/pabi-s-collectibles-pabi-s-hobbies-collectibles-miramichi/,0,29,0%,7.62
https://sportscardsnearme.ca/shows/west-van-card-show-the-shipyards-north-vancouver-2026-08-30/,0,29,0%,7.86
https://sportscardsnearme.ca/store/treasures-n-more-carleton-place/,0,29,0%,10.86
https://sportscardsnearme.ca/store/l-imaginaire-chicoutimi-chicoutimi-saguenay/,0,29,0%,12.41
https://sportscardsnearme.ca/store/warhammer-london/,0,29,0%,12.97
https://sportscardsnearme.ca/sell/barrie/,0,29,0%,19.07
https://sportscardsnearme.ca/store/game-time-collectibles-mississauga/,0,29,0%,22.03
https://sportscardsnearme.ca/pokemon/gander/,0,28,0%,7.64
https://sportscardsnearme.ca/store/legends-warehouse-vaughan/,0,28,0%,7.93
https://sportscardsnearme.ca/ontario/cornwall/,0,28,0%,8.39
https://sportscardsnearme.ca/store/game-over-kingston/,0,28,0%,8.54
https://sportscardsnearme.ca/store/the-cards-vault-lachine-montreal/,0,28,0%,8.64
https://sportscardsnearme.ca/store/collect-em-all-cards-and-games-thunder-bay/,0,28,0%,9.36
https://sportscardsnearme.ca/store/premium-sports-cards-london/,0,28,0%,9.39
https://sportscardsnearme.ca/store/outpost-sports-cards-and-games-edmonton/,0,28,0%,9.43
https://sportscardsnearme.ca/store/holmestead-sports-cards-collectibles-red-deer/,0,28,0%,10.32
https://sportscardsnearme.ca/store/heroes-n-legends-hamilton/,0,28,0%,14.14
https://sportscardsnearme.ca/british-columbia/richmond/,0,28,0%,14.86
https://sportscardsnearme.ca/store/carsncards-com-ottawa/,0,27,0%,8.15
https://sportscardsnearme.ca/store/common-box-games-edmonton/,0,27,0%,9.22
https://sportscardsnearme.ca/guides/your-first-card-show/,0,27,0%,9.52
https://sportscardsnearme.ca/store/penticton-sports-cards-collectables-penticton/,0,27,0%,10.07
https://sportscardsnearme.ca/pokemon/bathurst/,0,26,0%,6.92
https://sportscardsnearme.ca/quebec/drummondville/,0,26,0%,8.08
https://sportscardsnearme.ca/store/cartes-sportives-rive-sud-sainte-catherine/,0,26,0%,8.23
https://sportscardsnearme.ca/store/galactic-trading-post-fort-mcmurray/,0,26,0%,8.23
https://sportscardsnearme.ca/store/all-in-sports-den-fort-mcmurray/,0,26,0%,8.58
https://sportscardsnearme.ca/store/kunaigames-windsor/,0,26,0%,8.62
https://sportscardsnearme.ca/store/i-want-that-stuff-brandon/,0,26,0%,9.08
https://sportscardsnearme.ca/alberta/spruce-grove/,0,26,0%,9.73
https://sportscardsnearme.ca/store/kingdom-of-titans-chicoutimi-saguenay/,0,26,0%,9.77
https://sportscardsnearme.ca/british-columbia/chilliwack/,0,26,0%,9.81
https://sportscardsnearme.ca/pokemon/guelph/,0,26,0%,10.04
https://sportscardsnearme.ca/store/premier-sportscards-banff/,0,26,0%,10.62
https://sportscardsnearme.ca/pokemon/barrie/,0,26,0%,11.04
https://sportscardsnearme.ca/store/cartes-de-sport-check-swing-brossard/,0,26,0%,11.62
https://sportscardsnearme.ca/store/booster-house-kingston/,0,26,0%,15.5
https://sportscardsnearme.ca/alberta/airdrie/,0,25,0%,6.88
https://sportscardsnearme.ca/prince-edward-island/summerside/,0,25,0%,7.68
https://sportscardsnearme.ca/pokemon/ottawa/,0,25,0%,7.76
https://sportscardsnearme.ca/pokemon/goderich/,0,25,0%,7.88
https://sportscardsnearme.ca/store/wally-s-pro-sports-cards-vancouver/,0,25,0%,8.2
https://sportscardsnearme.ca/pokemon/thunder-bay/,0,25,0%,8.44
https://sportscardsnearme.ca/store/mintink-trading-cards-live-experience-vaughan/,0,25,0%,10.32
https://sportscardsnearme.ca/store/triple-play-sports-cards-victoria/,0,25,0%,16.72
https://sportscardsnearme.ca/pokemon/,0,25,0%,18.68
https://sportscardsnearme.ca/shows/collectors-clash-card-show-woodbridge-2026-09-27/,0,24,0%,5.25
https://sportscardsnearme.ca/store/le-foyer-du-video-maniwaki/,0,24,0%,8.71
https://sportscardsnearme.ca/pokemon/lindsay-kawartha-lakes/,0,24,0%,9.29
https://sportscardsnearme.ca/quebec/quebec/,0,24,0%,9.75
https://sportscardsnearme.ca/store/sports-card-alley-nanaimo/,0,24,0%,10.58
https://sportscardsnearme.ca/store/wayne-s-sports-cards-and-collectibles-edmonton/,0,24,0%,11.25
https://sportscardsnearme.ca/shows/saskatchewan-card-collector-experience-saskatoon-2026-09-26/,0,24,0%,11.38
https://sportscardsnearme.ca/store/l-imaginaire-pointe-claire-pointe-claire/,0,24,0%,12.38
https://sportscardsnearme.ca/british-columbia/north-vancouver/,0,24,0%,13.42
https://sportscardsnearme.ca/store/cancentral-sports-cards-memorabilia-winnipeg/,0,24,0%,18.83
https://sportscardsnearme.ca/shows/sarnia-card-show-sarnia-2026-10-04/,0,23,0%,3.96
https://sportscardsnearme.ca/shows/traders-r-us-edmonton-2026-09-13/,0,23,0%,7.78
https://sportscardsnearme.ca/store/pastime-sports-games-metrotown-burnaby/,0,23,0%,8.17
https://sportscardsnearme.ca/store/flaring-lair-richmond-hill/,0,23,0%,8.22
https://sportscardsnearme.ca/store/all-in-hobby-sports-brossard/,0,23,0%,8.48
https://sportscardsnearme.ca/pokemon/drummondville/,0,23,0%,8.65
https://sportscardsnearme.ca/store/the-fort-gaming-collectibles-board-games-card-fort-saskatchewan/,0,23,0%,11.61
https://sportscardsnearme.ca/store/omg-games-barrie/,0,23,0%,52.78
https://sportscardsnearme.ca/nova-scotia/new-glasgow/,0,22,0%,7.23
https://sportscardsnearme.ca/store/shikdar-trading-inc-ottawa/,0,22,0%,8
https://sportscardsnearme.ca/store/esper-cards-games-toronto/,0,22,0%,8.05
https://sportscardsnearme.ca/ontario/stratford/,0,22,0%,8.59
https://sportscardsnearme.ca/quebec/vaudreuil-dorion/,0,22,0%,8.59
https://sportscardsnearme.ca/store/springer-hobbies-markham/,0,22,0%,8.68
https://sportscardsnearme.ca/store/the-dragon-s-lair-unleashed-hamilton/,0,22,0%,8.77
https://sportscardsnearme.ca/store/horizon-diecast-markham/,0,22,0%,9
https://sportscardsnearme.ca/british-columbia/vancouver/,0,22,0%,9.86
https://sportscardsnearme.ca/store/entertainment-centre-st-john-s/,0,22,0%,10
https://sportscardsnearme.ca/pokemon/fredericton/,0,22,0%,10.32
https://sportscardsnearme.ca/pokemon/lloydminster/,0,22,0%,10.59
https://sportscardsnearme.ca/store/l-imaginaire-quebec-quebec-ste-foy/,0,22,0%,11.36
https://sportscardsnearme.ca/store/border-city-games-lloydminster/,0,22,0%,13
https://sportscardsnearme.ca/store/brimstone-games-windsor/,0,22,0%,13.36
https://sportscardsnearme.ca/store/arcardia-collectibles-exchange-richmond/,0,22,0%,15.05
https://sportscardsnearme.ca/shows/capital-trade-shows-pokemon-show-ottawa-2027-02-28/,0,22,0%,15.77
https://sportscardsnearme.ca/store/l-imaginaire-trois-rivieres-trois-rivieres/,0,22,0%,16.41
https://sportscardsnearme.ca/store/taps-games-edmonton/,0,22,0%,29.36
https://sportscardsnearme.ca/store/lakeland-sports-cards-bonnyville/,0,21,0%,4.86
https://sportscardsnearme.ca/quebec/sainte-therese/,0,21,0%,5.1
https://sportscardsnearme.ca/store/rose-city-sports-n-collectables-windsor/,0,21,0%,6.57
https://sportscardsnearme.ca/store/the-cardboard-casket-medicine-hat/,0,21,0%,7.14
https://sportscardsnearme.ca/store/cardchasers-les-collectionneurs-cardchasers-laval/,0,21,0%,7.86
https://sportscardsnearme.ca/store/pvp-shoppe-markham/,0,21,0%,7.9
https://sportscardsnearme.ca/store/gamers-emporium-london/,0,21,0%,7.95
https://sportscardsnearme.ca/sell/kitchener/,0,21,0%,8.48
https://sportscardsnearme.ca/store/bootown-s-games-and-hobbies-stratford/,0,21,0%,8.95
https://sportscardsnearme.ca/quebec/beloeil/,0,21,0%,9.1
https://sportscardsnearme.ca/store/danireon-cards-games-ottawa/,0,21,0%,9.19
https://sportscardsnearme.ca/store/rival-cards-ajax/,0,21,0%,9.52
https://sportscardsnearme.ca/nova-scotia/bedford-halifax/,0,21,0%,12.71
https://sportscardsnearme.ca/store/infinity-cards-collectibles-aldergrove/,0,21,0%,13.71
https://sportscardsnearme.ca/store/top-shelf-co-oakville/,0,21,0%,14.33
https://sportscardsnearme.ca/store/the-hobby-centre-ottawa/,0,21,0%,24.86
https://sportscardsnearme.ca/store/lower-level-sports-cards-collectibles-winnipeg/,0,21,0%,40.48
https://sportscardsnearme.ca/ontario/alliston-new-tecumseth/,0,20,0%,6.9
https://sportscardsnearme.ca/ontario/oakville/,0,20,0%,7.25
https://sportscardsnearme.ca/store/kanto-poke-mart-chilliwack/,0,20,0%,7.25
https://sportscardsnearme.ca/store/universe-collectibles-vaudreuil-dorion/,0,20,0%,7.3
https://sportscardsnearme.ca/pokemon/sault-ste-marie/,0,20,0%,7.45
https://sportscardsnearme.ca/store/light-the-lamp-sports-cards-sydney/,0,20,0%,7.65
https://sportscardsnearme.ca/nova-scotia/new-minas/,0,20,0%,8.65
https://sportscardsnearme.ca/store/comfy-hobbies-markham/,0,20,0%,9
https://sportscardsnearme.ca/store/board-game-bliss-richmond-hill/,0,20,0%,9.3
https://sportscardsnearme.ca/store/tko-toy-co-guelph/,0,20,0%,9.3
https://sportscardsnearme.ca/store/dolly-s-toys-games-toronto-toronto/,0,20,0%,12.1
https://sportscardsnearme.ca/pokemon/markham/,0,20,0%,15.2
https://sportscardsnearme.ca/ontario/whitby/,0,20,0%,18.2
https://sportscardsnearme.ca/store/game-breakers-sports-cards-collectibles-ottawa/,0,20,0%,22.75
https://sportscardsnearme.ca/store/power-up-gaming-barrie/,0,20,0%,40.45
https://sportscardsnearme.ca/store/obsidian-games-vernon/,0,20,0%,61.9
https://sportscardsnearme.ca/store/chase-the-hits-inc-cochrane/,0,19,0%,5.95
https://sportscardsnearme.ca/store/beardycards-toronto/,0,19,0%,7.53
https://sportscardsnearme.ca/store/hobby-et-collection-tpm-quebec/,0,19,0%,7.68
https://sportscardsnearme.ca/store/gnu-books-oshawa/,0,19,0%,7.74
https://sportscardsnearme.ca/sell/vegreville/,0,19,0%,7.84
https://sportscardsnearme.ca/store/hobbybox604-north-vancouver/,0,19,0%,8.11
https://sportscardsnearme.ca/store/entertainment-centre-bay-roberts/,0,19,0%,8.68
https://sportscardsnearme.ca/store/gamer-s-spot-trois-rivieres/,0,19,0%,9.11
https://sportscardsnearme.ca/ontario/blenheim-chatham-kent/,0,19,0%,9.16
https://sportscardsnearme.ca/store/the-trading-post-guelph/,0,19,0%,9.32
https://sportscardsnearme.ca/ontario/niagara-falls/,0,19,0%,10.11
https://sportscardsnearme.ca/store/not-a-hobby-shop-goose-guzzu-mart-markham/,0,19,0%,10.32
https://sportscardsnearme.ca/store/807-cards-collectibles-thunder-bay/,0,19,0%,11.63
https://sportscardsnearme.ca/store/addictive-hobbies-games-oshawa/,0,19,0%,43.63
https://sportscardsnearme.ca/alberta/cochrane/,0,18,0%,9.11
https://sportscardsnearme.ca/store/nerdvana-cards-games-markham/,0,18,0%,9.83
https://sportscardsnearme.ca/store/l-entre-jeux-shawinigan-shawinigan/,0,18,0%,10
https://sportscardsnearme.ca/store/pirates-cove-collectibles-ltd-lethbridge/,0,18,0%,11.56
https://sportscardsnearme.ca/store/panda-hobby-canada-s-largest-gundam-store-markham/,0,18,0%,20.33
https://sportscardsnearme.ca/store/ideal-hobbies-barrie/,0,18,0%,20.67
https://sportscardsnearme.ca/store/waypoint-games-hamilton/,0,17,0%,6.82
https://sportscardsnearme.ca/sell/chilliwack/,0,17,0%,6.88
https://sportscardsnearme.ca/ontario/belleville/,0,17,0%,7.06
https://sportscardsnearme.ca/alberta/slave-lake/,0,17,0%,7.12
https://sportscardsnearme.ca/shows/the-hobby-spot-monthly-card-show-leduc-2026-09-26/,0,17,0%,7.24
https://sportscardsnearme.ca/store/l-arene-des-dieux-quebec/,0,17,0%,7.41
https://sportscardsnearme.ca/quebec/saint-eustache/,0,17,0%,7.59
https://sportscardsnearme.ca/sell/surrey/,0,17,0%,7.76
https://sportscardsnearme.ca/pokemon/richmond-hill/,0,17,0%,8.53
https://sportscardsnearme.ca/store/401-games-vaughan-vaughan/,0,17,0%,8.76
https://sportscardsnearme.ca/store/box-of-cards-sports-cards-aurora/,0,17,0%,8.76
https://sportscardsnearme.ca/store/hyper-games-chamber-slave-lake/,0,17,0%,8.82
https://sportscardsnearme.ca/pokemon/bracebridge/,0,17,0%,9.35
https://sportscardsnearme.ca/quebec/candiac/,0,17,0%,9.47
https://sportscardsnearme.ca/store/ubecard-vancouver/,0,17,0%,9.47
https://sportscardsnearme.ca/ontario/burlington/,0,17,0%,9.59
https://sportscardsnearme.ca/store/slab-sharks-sports-cards-collectibles-consignment-mississauga/,0,17,0%,9.88
https://sportscardsnearme.ca/pokemon/vernon/,0,17,0%,10.41
https://sportscardsnearme.ca/alberta/sherwood-park/,0,17,0%,10.47
https://sportscardsnearme.ca/store/tistaminis-hamilton/,0,17,0%,11.53
https://sportscardsnearme.ca/store/black-rose-hobbies-toronto/,0,17,0%,12
https://sportscardsnearme.ca/store/mypops-ca-hamilton-toys-funko-tcg-hamilton/,0,17,0%,12
https://sportscardsnearme.ca/store/the-vault-sports-cards-and-collectables-lethbridge/,0,17,0%,16.65
https://sportscardsnearme.ca/store/game-3-tcg-hobby-oakville/,0,17,0%,41.12
https://sportscardsnearme.ca/store/new-realm-games-vaughan/,0,16,0%,6.38
https://sportscardsnearme.ca/ontario/thunder-bay/,0,16,0%,6.69
https://sportscardsnearme.ca/store/450-sports-blainville/,0,16,0%,6.94
https://sportscardsnearme.ca/ontario/gravenhurst/,0,16,0%,7.69
https://sportscardsnearme.ca/store/breakaway-sports-cards-hamilton/,0,16,0%,7.81
https://sportscardsnearme.ca/sell/waterloo/,0,16,0%,7.88
https://sportscardsnearme.ca/store/warp-zone-gaming-mississauga/,0,16,0%,8
https://sportscardsnearme.ca/store/anime-hypercubed-camrose/,0,16,0%,8.19
https://sportscardsnearme.ca/store/sino-hobby-markham-markham/,0,16,0%,8.31
https://sportscardsnearme.ca/store/collect-edition-candiac/,0,16,0%,8.56
https://sportscardsnearme.ca/store/savage-cards-piedmont-saint-sauveur/,0,16,0%,9.38
https://sportscardsnearme.ca/store/the-nut-man-cards-collectables-regina/,0,16,0%,9.88
https://sportscardsnearme.ca/store/les-mordus-de-la-carte-topdeck-hero-joliette-joliette/,0,16,0%,10
https://sportscardsnearme.ca/store/sunny-hobbies-toronto/,0,16,0%,10.31
https://sportscardsnearme.ca/british-columbia/burnaby/,0,16,0%,11.06
https://sportscardsnearme.ca/pokemon/oakville/,0,16,0%,11.19
https://sportscardsnearme.ca/store/red-dragon-comics-cards-games-ottawa/,0,16,0%,11.69
https://sportscardsnearme.ca/store/wizard-s-loft-red-deer/,0,16,0%,12.06
https://sportscardsnearme.ca/store/house-of-cards-abbotsford-abbotsford/,0,16,0%,17.31
https://sportscardsnearme.ca/pokemon/vancouver/,0,16,0%,17.44
https://sportscardsnearme.ca/sell/richmond/,0,16,0%,25.88
https://sportscardsnearme.ca/store/collectors-books-cards-calgary/,0,16,0%,43.56
https://sportscardsnearme.ca/shows/sport-card-expo-toronto-mississauga-2026-11-08/,0,16,0%,51.12
https://sportscardsnearme.ca/store/the-card-palace-montreal/,0,15,0%,5.2
https://sportscardsnearme.ca/store/orchard-city-games-wainwright-wainwright/,0,15,0%,5.27
https://sportscardsnearme.ca/pokemon/courtenay/,0,15,0%,6.67
https://sportscardsnearme.ca/store/dad-s-day-off-games-hobbies-ddogames-blackfalds/,0,15,0%,6.87
https://sportscardsnearme.ca/store/dice-hollow-games-and-hobbies-warman/,0,15,0%,7.33
https://sportscardsnearme.ca/sell/burnaby/,0,15,0%,7.87
https://sportscardsnearme.ca/store/collectors-corner-maple-ridge/,0,15,0%,8
https://sportscardsnearme.ca/store/doe-s-cards-brampton/,0,15,0%,8.47
https://sportscardsnearme.ca/ontario/port-perry/,0,15,0%,8.73
https://sportscardsnearme.ca/store/vaulted-yyc-17th-ave-calgary/,0,15,0%,9
https://sportscardsnearme.ca/quebec/saint-hubert-longueuil/,0,15,0%,9.13
https://sportscardsnearme.ca/store/heroes-beacon-saint-john/,0,15,0%,9.53
https://sportscardsnearme.ca/store/paradise-games-and-customs-spruce-grove/,0,15,0%,9.53
https://sportscardsnearme.ca/store/wiser-s-wide-world-of-collectibles-langley/,0,15,0%,9.8
https://sportscardsnearme.ca/british-columbia/kelowna/,0,15,0%,10.13
https://sportscardsnearme.ca/ontario/chatham-chatham-kent/,0,15,0%,10.67
https://sportscardsnearme.ca/pokemon/richmond/,0,15,0%,11
https://sportscardsnearme.ca/store/306-sports-cards-saskatoon/,0,15,0%,12.4
https://sportscardsnearme.ca/british-columbia/langley/,0,15,0%,13.13
https://sportscardsnearme.ca/sell/brampton/,0,15,0%,13.13
https://sportscardsnearme.ca/store/the-game-hub-kamloops/,0,15,0%,13.33
https://sportscardsnearme.ca/store/wonderland-games-grande-prairie/,0,15,0%,20.13
https://sportscardsnearme.ca/shows/casino-card-show-burnaby-2026-08-29/,0,14,0%,4.64
https://sportscardsnearme.ca/saskatchewan/prince-albert/,0,14,0%,5.5
https://sportscardsnearme.ca/shows/hanover-card-toy-collectible-show-hanover-2026-09-13/,0,14,0%,5.79
https://sportscardsnearme.ca/store/bocado-la-sarre/,0,14,0%,7.57
https://sportscardsnearme.ca/ontario/north-bay/,0,14,0%,7.79
https://sportscardsnearme.ca/pokemon/laval/,0,14,0%,8.93
https://sportscardsnearme.ca/pokemon/balzac-rocky-view-county/,0,14,0%,9.21
https://sportscardsnearme.ca/quebec/victoriaville/,0,14,0%,9.21
https://sportscardsnearme.ca/store/collectionick-mirabel/,0,14,0%,9.21
https://sportscardsnearme.ca/store/first-row-collectibles-winnipeg/,0,14,0%,9.71
https://sportscardsnearme.ca/shows/london-card-show-london-2026-08-30/,0,14,0%,9.79
https://sportscardsnearme.ca/store/wax-box-club-vaughan/,0,14,0%,9.79
https://sportscardsnearme.ca/pokemon/regina/,0,14,0%,10.21
https://sportscardsnearme.ca/ontario/timmins/,0,14,0%,10.36
https://sportscardsnearme.ca/store/atlas-collectables-waterloo/,0,14,0%,10.36
https://sportscardsnearme.ca/store/djk-entertainment-toronto/,0,14,0%,10.79
https://sportscardsnearme.ca/store/nostalgia-warehouse-ottawa/,0,14,0%,11.64
https://sportscardsnearme.ca/store/pokemon-tcg-supply-ottawa/,0,14,0%,12
https://sportscardsnearme.ca/ontario/waterloo/,0,14,0%,12.57
https://sportscardsnearme.ca/store/deck-out-gaming-oshawa/,0,14,0%,13.36
https://sportscardsnearme.ca/store/manitobatcg-winnipeg/,0,14,0%,13.86
https://sportscardsnearme.ca/store/downtown-cards-charlottetown/,0,14,0%,15.57
https://sportscardsnearme.ca/british-columbia/nanaimo/,0,14,0%,15.64
https://sportscardsnearme.ca/store/playdexk-markham/,0,13,0%,7
https://sportscardsnearme.ca/store/djs-sportscards-comics-collectibles-red-deer/,0,13,0%,7.08
https://sportscardsnearme.ca/alberta/bonnyville/,0,13,0%,7.15
https://sportscardsnearme.ca/pokemon/mcmasterville/,0,13,0%,7.38
https://sportscardsnearme.ca/store/icons-and-heroes-edmonton/,0,13,0%,7.54
https://sportscardsnearme.ca/store/minty-fresh-collectibles-ottawa/,0,13,0%,7.92
https://sportscardsnearme.ca/pokemon/windsor/,0,13,0%,8.15
https://sportscardsnearme.ca/store/okanagan-sportscards-comics-kelowna/,0,13,0%,8.38
https://sportscardsnearme.ca/store/les-cartes-sportives-m-c-saint-eustache/,0,13,0%,8.46
https://sportscardsnearme.ca/store/hockey-central-sports-memorabilia-inc-sylvan-lake/,0,13,0%,8.85
https://sportscardsnearme.ca/quebec/mascouche/,0,13,0%,8.92
https://sportscardsnearme.ca/ontario/beamsville/,0,13,0%,9.31
https://sportscardsnearme.ca/store/gamesland-canada-edmonton/,0,13,0%,9.62
https://sportscardsnearme.ca/nova-scotia/dartmouth/,0,13,0%,9.77
https://sportscardsnearme.ca/store/books-galore-coldbrook/,0,13,0%,10.15
https://sportscardsnearme.ca/store/hobby-o-max-trois-rivieres/,0,13,0%,11.15
https://sportscardsnearme.ca/store/chumleighs-kingston/,0,13,0%,11.77
https://sportscardsnearme.ca/guides/card-grading-101/,0,13,0%,12.23
https://sportscardsnearme.ca/store/rawscoe-s-sport-collectibles-peterborough/,0,13,0%,12.92
https://sportscardsnearme.ca/store/brodie-s-gaming-guelph/,0,13,0%,13.31
https://sportscardsnearme.ca/store/l-imaginaire-laval-laval/,0,13,0%,13.54
https://sportscardsnearme.ca/ontario/huntsville/,0,13,0%,14.85
https://sportscardsnearme.ca/store/great-canadian-games-hobbies-greater-sudbury/,0,13,0%,20.31
https://sportscardsnearme.ca/nova-scotia/halifax/,0,13,0%,23.77
https://sportscardsnearme.ca/shows/sport-card-expo-toronto-mississauga-2026-11-07/,0,13,0%,46.92
https://sportscardsnearme.ca/store/ebenezer-s-comics-collectibles-vernon/,0,13,0%,47.92
https://sportscardsnearme.ca/store/pokemon-tcg-store-barrie/,0,13,0%,53.23
https://sportscardsnearme.ca/store/k-b-hobbies-and-games-vernon/,0,13,0%,53.31
https://sportscardsnearme.ca/store/al-s-sports-quest-whitecourt/,0,12,0%,4.58
https://sportscardsnearme.ca/store/cardera-collectibles-balzac-rocky-view-county/,0,12,0%,5.42
https://sportscardsnearme.ca/store/game-day-hobbies-and-collectables-wetaskiwin/,0,12,0%,5.92
https://sportscardsnearme.ca/store/aces-cool-collectibles-north-bay/,0,12,0%,6.58
https://sportscardsnearme.ca/store/retro-boyz-collectibles-vaughan/,0,12,0%,6.67
https://sportscardsnearme.ca/store/cangeek-games-and-collectibles-toronto/,0,12,0%,7.08
https://sportscardsnearme.ca/store/castle-vania-sports-cards-miramichi/,0,12,0%,7.08
https://sportscardsnearme.ca/store/card-brawlers-montreal/,0,12,0%,7.17
https://sportscardsnearme.ca/quebec/blainville/,0,12,0%,7.25
https://sportscardsnearme.ca/store/flawless-victory-prince-albert/,0,12,0%,7.42
https://sportscardsnearme.ca/newfoundland-and-labrador/,0,12,0%,7.5
https://sportscardsnearme.ca/store/sports-cards-plus-collectibles-thunder-bay/,0,12,0%,7.75
https://sportscardsnearme.ca/pokemon/yarmouth/,0,12,0%,7.92
https://sportscardsnearme.ca/quebec/sainte-catherine/,0,12,0%,8.17
https://sportscardsnearme.ca/store/rock-city-comics-rocky-mountain-house/,0,12,0%,8.25
https://sportscardsnearme.ca/store/k-os-collectibles-inc-markham/,0,12,0%,8.42
https://sportscardsnearme.ca/quebec/saint-hyacinthe/,0,12,0%,9
https://sportscardsnearme.ca/store/manta-trading-markham/,0,12,0%,9
https://sportscardsnearme.ca/store/collector-s-lane-saskatoon/,0,12,0%,9.17
https://sportscardsnearme.ca/store/house-of-cards-cloverdale-surrey/,0,12,0%,9.25
https://sportscardsnearme.ca/store/masterset-co-markham/,0,12,0%,9.58
https://sportscardsnearme.ca/store/soar-hobby-more-windsor/,0,12,0%,9.58
https://sportscardsnearme.ca/store/retrosaurus-hamilton/,0,12,0%,10.33
https://sportscardsnearme.ca/store/nexpack-collectibles-trading-card-shop-markham/,0,12,0%,10.42
https://sportscardsnearme.ca/store/video-time-barrie/,0,12,0%,10.58
https://sportscardsnearme.ca/store/microplay-video-games-collectibles-guelph/,0,12,0%,10.83
https://sportscardsnearme.ca/store/cards-and-coasters-orillia/,0,12,0%,12.83
https://sportscardsnearme.ca/store/tpm-hobby-et-collection-quebec/,0,12,0%,13.83
https://sportscardsnearme.ca/pokemon/paris/,0,12,0%,15.92
https://sportscardsnearme.ca/sell/mississauga/,0,12,0%,22.58
https://sportscardsnearme.ca/store/maple-leaf-sports-calgary/,0,12,0%,40.75
https://sportscardsnearme.ca/store/nak-gaming-online-order-pickup-only-mississauga/,0,11,0%,4.18
https://sportscardsnearme.ca/store/modern-tcg-rouyn-noranda/,0,11,0%,4.27
https://sportscardsnearme.ca/store/senshen-collectibles-balzac/,0,11,0%,5.45
https://sportscardsnearme.ca/shows/nostalgia-fest-expo-square-one-mississauga-2026-10-11/,0,11,0%,6.27
https://sportscardsnearme.ca/sell/niagara-falls/,0,11,0%,6.36
https://sportscardsnearme.ca/quebec/saint-bruno-de-montarville/,0,11,0%,6.73
https://sportscardsnearme.ca/pokemon/saint-bruno-de-montarville/,0,11,0%,6.91
https://sportscardsnearme.ca/pokemon/weyburn/,0,11,0%,7.09
https://sportscardsnearme.ca/store/wandering-adventures-vaughan/,0,11,0%,7.18
https://sportscardsnearme.ca/pokemon/port-alberni/,0,11,0%,7.45
https://sportscardsnearme.ca/store/bingham-s-sports-cards-lethbridge/,0,11,0%,7.45
https://sportscardsnearme.ca/store/froggers-house-of-cards-and-autograph-gallery-edmonton/,0,11,0%,7.55
https://sportscardsnearme.ca/store/418-sports-quebec-charlesbourg/,0,11,0%,7.64
https://sportscardsnearme.ca/store/local-comic-shop-windsor/,0,11,0%,7.64
https://sportscardsnearme.ca/store/mystic-dragon-beamsville/,0,11,0%,7.73
https://sportscardsnearme.ca/store/breakers-choice-burlington/,0,11,0%,8.27
https://sportscardsnearme.ca/pokemon/pointe-claire/,0,11,0%,8.36
https://sportscardsnearme.ca/store/doug-laurie-sports-barrie/,0,11,0%,9
https://sportscardsnearme.ca/store/snap-collectables-airdrie/,0,11,0%,10.36
https://sportscardsnearme.ca/pokemon/milton/,0,11,0%,10.82
https://sportscardsnearme.ca/pokemon/surrey/,0,11,0%,10.82
https://sportscardsnearme.ca/pokemon/joliette/,0,11,0%,11.09
https://sportscardsnearme.ca/store/cedar-creek-hobbies-windsor/,0,11,0%,11.27
https://sportscardsnearme.ca/store/cardboard-hero-oshawa/,0,11,0%,11.36
https://sportscardsnearme.ca/store/mypops-ca-markham-toys-funko-tcg-markham/,0,11,0%,12.73
https://sportscardsnearme.ca/store/aj-sports-autographed-memorabilia-toronto/,0,11,0%,13.64
https://sportscardsnearme.ca/store/evolution-sports-excellence-leduc/,0,11,0%,16.09
https://sportscardsnearme.ca/store/the-upper-hand-mississauga/,0,11,0%,20.73
https://sportscardsnearme.ca/store/skyfox-games-oshawa/,0,11,0%,25.45
https://sportscardsnearme.ca/store/face-to-face-games-toronto/,0,11,0%,40.09
https://sportscardsnearme.ca/shows/capital-trade-shows-card-comic-show-ottawa-2026-10-11/,0,10,0%,4.4
https://sportscardsnearme.ca/quebec/saint-jerome/,0,10,0%,5.3
https://sportscardsnearme.ca/store/shock-spring-stratford/,0,10,0%,5.5
https://sportscardsnearme.ca/store/boutique-sportive-alexcardz-victoriaville/,0,10,0%,5.9
https://sportscardsnearme.ca/quebec/saint-jean-sur-richelieu/,0,10,0%,6.7
https://sportscardsnearme.ca/store/king-drug-hinton/,0,10,0%,6.7
https://sportscardsnearme.ca/pokemon/oshawa/,0,10,0%,6.9
https://sportscardsnearme.ca/pokemon/saint-hubert-longueuil/,0,10,0%,7.2
https://sportscardsnearme.ca/british-columbia/port-alberni/,0,10,0%,7.6
https://sportscardsnearme.ca/pokemon/prince-albert/,0,10,0%,8.1
https://sportscardsnearme.ca/store/the-game-chamber-london/,0,10,0%,8.1
https://sportscardsnearme.ca/pokemon/kahnawake/,0,10,0%,8.3
https://sportscardsnearme.ca/alberta/sylvan-lake/,0,10,0%,8.5
https://sportscardsnearme.ca/store/olympic-sports-cards-and-games-calgary/,0,10,0%,8.5
https://sportscardsnearme.ca/store/tillsonburg-s-hobby-central-tillsonburg/,0,10,0%,8.5
https://sportscardsnearme.ca/british-columbia/courtenay/,0,10,0%,8.8
https://sportscardsnearme.ca/store/arkane-angel-cold-lake/,0,10,0%,9
https://sportscardsnearme.ca/pokemon/quebec-ste-foy/,0,10,0%,9.2
https://sportscardsnearme.ca/store/the-rad-zone-sault-ste-marie/,0,10,0%,9.3
https://sportscardsnearme.ca/store/cardboard-classics-vaughan/,0,10,0%,9.4
https://sportscardsnearme.ca/pokemon/sherbrooke/,0,10,0%,9.9
https://sportscardsnearme.ca/pokemon/grande-prairie/,0,10,0%,10.3
https://sportscardsnearme.ca/store/sequence-comics-and-gaming-brockville/,0,10,0%,10.4
https://sportscardsnearme.ca/ontario/orillia/,0,10,0%,10.6
https://sportscardsnearme.ca/store/cartoon-kingdom-windsor/,0,10,0%,10.7
https://sportscardsnearme.ca/store/up-north-games-huntsville/,0,10,0%,11.1
https://sportscardsnearme.ca/store/l-imaginaire-st-bruno-saint-bruno-de-montarville/,0,10,0%,12.3
https://sportscardsnearme.ca/quebec/pointe-claire/,0,10,0%,12.8
https://sportscardsnearme.ca/ontario/orangeville/,0,10,0%,13.1
https://sportscardsnearme.ca/store/the-cg-realm-windsor/,0,10,0%,25.9
https://sportscardsnearme.ca/shows/capital-trade-shows-card-comic-show-ottawa-2026-11-01/,0,10,0%,39.1
https://sportscardsnearme.ca/store/comic-alley-toys-oshawa/,0,10,0%,42.4
https://sportscardsnearme.ca/store/player-x-kapuskasing/,0,9,0%,4.56
https://sportscardsnearme.ca/store/the-entertainment-cube-oshawa/,0,9,0%,5.78
https://sportscardsnearme.ca/store/buying-sports-cards-comics-ottawa/,0,9,0%,5.89
https://sportscardsnearme.ca/store/fantasy-forged-cards-and-collectibles-orangeville/,0,9,0%,6.11
https://sportscardsnearme.ca/shows/capital-trade-shows-card-comic-show-ottawa-2026-12-06/,0,9,0%,6.44
https://sportscardsnearme.ca/store/fine-toys-store-markham/,0,9,0%,6.44
https://sportscardsnearme.ca/ontario/collingwood/,0,9,0%,6.56
https://sportscardsnearme.ca/pokemon/bay-roberts/,0,9,0%,6.56
https://sportscardsnearme.ca/store/webber-s-balloons-cards-and-collectibles-hamilton/,0,9,0%,6.56
https://sportscardsnearme.ca/shows/true-north-card-fest-prince-george-2026-08-30/,0,9,0%,6.78
https://sportscardsnearme.ca/store/nerd-feeder-delta-ladner/,0,9,0%,7.11
https://sportscardsnearme.ca/store/holler-collectibles-camrose/,0,9,0%,7.33
https://sportscardsnearme.ca/saskatchewan/moose-jaw/,0,9,0%,7.89
https://sportscardsnearme.ca/store/forbes-hobbies-cambridge/,0,9,0%,7.89
https://sportscardsnearme.ca/store/the-data-base-camrose-camrose/,0,9,0%,7.89
https://sportscardsnearme.ca/store/hairy-tarantula-toronto/,0,9,0%,8.33
https://sportscardsnearme.ca/quebec/mcmasterville/,0,9,0%,8.56
https://sportscardsnearme.ca/ontario/bolton/,0,9,0%,8.67
https://sportscardsnearme.ca/quebec/trois-rivieres/,0,9,0%,8.78
https://sportscardsnearme.ca/ontario/milton/,0,9,0%,8.89
https://sportscardsnearme.ca/store/overtime-sports-cards-grading-balzac/,0,9,0%,8.89
https://sportscardsnearme.ca/quebec/chateauguay/,0,9,0%,9
https://sportscardsnearme.ca/store/collecto-sports-drummondville/,0,9,0%,9.11
https://sportscardsnearme.ca/store/instant-replay-sportscards-cobourg/,0,9,0%,9.22
https://sportscardsnearme.ca/store/la-place-du-hobby-terrebonne/,0,9,0%,9.89
https://sportscardsnearme.ca/store/valixya-greater-sudbury/,0,9,0%,9.89
https://sportscardsnearme.ca/store/librairie-crossover-comics-montreal/,0,9,0%,10
https://sportscardsnearme.ca/store/vintage-pursuit-hobby-shop-saint-john/,0,9,0%,10.11
https://sportscardsnearme.ca/store/achetons-vendons-riviere-du-loup/,0,9,0%,10.33
https://sportscardsnearme.ca/store/a-j-hobbies-markham/,0,9,0%,10.56
https://sportscardsnearme.ca/store/collectors-dreams-richmond-hill/,0,9,0%,12.33
https://sportscardsnearme.ca/store/zone-collection-rive-sud-longueuil/,0,9,0%,13.22
https://sportscardsnearme.ca/store/banana-games-hobby-toronto/,0,9,0%,13.33
https://sportscardsnearme.ca/store/man-cave-sports-cards-regina/,0,9,0%,14
https://sportscardsnearme.ca/store/players-choice-sports-kelowna/,0,9,0%,16
https://sportscardsnearme.ca/store/great-white-toys-comics-games-prince-george/,0,9,0%,18.56
https://sportscardsnearme.ca/shows/capital-trade-shows-card-comic-show-ottawa-2027-10-31/,0,9,0%,18.78
https://sportscardsnearme.ca/alberta/vegreville/,0,8,0%,4.88
https://sportscardsnearme.ca/store/card-cycle-london/,0,8,0%,5.75
https://sportscardsnearme.ca/store/realm-hoppers-london/,0,8,0%,5.75
https://sportscardsnearme.ca/sell/st-thomas/,0,8,0%,6.12
https://sportscardsnearme.ca/sell/laval/,0,8,0%,6.5
https://sportscardsnearme.ca/store/boutique-nostalgies-lameque/,0,8,0%,6.5
https://sportscardsnearme.ca/store/ogre-s-lair-family-game-shop-yellowknife/,0,8,0%,7
https://sportscardsnearme.ca/sell/orillia/,0,8,0%,7.12
https://sportscardsnearme.ca/store/spoutnik-gaspesie-chandler/,0,8,0%,7.62
https://sportscardsnearme.ca/store/env-collectible-sherwood-park/,0,8,0%,7.75
https://sportscardsnearme.ca/alberta/strathmore/,0,8,0%,8
https://sportscardsnearme.ca/saskatchewan/lloydminster-sk-side/,0,8,0%,8
https://sportscardsnearme.ca/store/la-boite-a-bd-de-laval-laval/,0,8,0%,8
https://sportscardsnearme.ca/store/stephen-licence-bicycles-hobbies-belleville/,0,8,0%,8
https://sportscardsnearme.ca/store/la-taverne-du-gamer-magog/,0,8,0%,8.12
https://sportscardsnearme.ca/store/xplore-games-toronto/,0,8,0%,8.12
https://sportscardsnearme.ca/pokemon/charlottetown/,0,8,0%,8.25
https://sportscardsnearme.ca/pokemon/saint-jean-sur-richelieu/,0,8,0%,8.5
https://sportscardsnearme.ca/store/the-mana-lounge-london/,0,8,0%,8.5
https://sportscardsnearme.ca/sell/whitby/,0,8,0%,9
https://sportscardsnearme.ca/pokemon/sarnia/,0,8,0%,9.5
https://sportscardsnearme.ca/store/outpost-gaming-north-bay/,0,8,0%,9.62
https://sportscardsnearme.ca/quebec/salaberry-de-valleyfield/,0,8,0%,9.88
https://sportscardsnearme.ca/pokemon/prince-george/,0,8,0%,10.12
https://sportscardsnearme.ca/store/vintage-games-n-junque-sault-ste-marie/,0,8,0%,10.12
https://sportscardsnearme.ca/store/morrison-trading-post-airdrie/,0,8,0%,10.5
https://sportscardsnearme.ca/store/topdeck-hero-laval-laval/,0,8,0%,10.5
https://sportscardsnearme.ca/pokemon/squamish/,0,8,0%,10.75
https://sportscardsnearme.ca/store/tactical-magic-games-inc-fort-mcmurray/,0,8,0%,10.88
https://sportscardsnearme.ca/ontario/paris/,0,8,0%,11.12
https://sportscardsnearme.ca/pokemon/cambridge/,0,8,0%,11.38
https://sportscardsnearme.ca/store/game-knight-leagues-london/,0,8,0%,12.38
https://sportscardsnearme.ca/store/argama-hobby-vaughan/,0,8,0%,14.75
https://sportscardsnearme.ca/store/shoebox-games-cafe-calgary/,0,8,0%,15.88
https://sportscardsnearme.ca/store/a-c-games-toronto/,0,8,0%,16.12
https://sportscardsnearme.ca/store/games-galore-the-billiard-store-medicine-hat/,0,8,0%,17.88
https://sportscardsnearme.ca/store/team-collectors-richmond/,0,8,0%,19.5
https://sportscardsnearme.ca/sell/vernon/,0,8,0%,20.38
https://sportscardsnearme.ca/store/j-b-books-cards-comics-gaming-collectables-trenton-quinte-west/,0,8,0%,20.5
https://sportscardsnearme.ca/store/game-breakers-sports-cards-ottawa/,0,8,0%,21.62
https://sportscardsnearme.ca/store/seven-sisters-ritual-apothecary-london/,0,8,0%,24
https://sportscardsnearme.ca/store/vancity-cj-trading-cards-richmond/,0,8,0%,24.5
https://sportscardsnearme.ca/shows/sport-card-expo-toronto-mississauga-2026-11-06/,0,8,0%,54.5
https://sportscardsnearme.ca/quebec/quebec-ste-foy/,0,7,0%,4.57
https://sportscardsnearme.ca/store/jesse-johnston-edson-buy-sell-and-trade-edson/,0,7,0%,4.57
https://sportscardsnearme.ca/store/la-zone-retro-amos/,0,7,0%,5
https://sportscardsnearme.ca/shows/vancouver-card-show-vancouver-2026-09-06/,0,7,0%,5.71
https://sportscardsnearme.ca/shows/stony-plain-card-show-stony-plain-2026-11-15/,0,7,0%,5.86
https://sportscardsnearme.ca/store/chigun-hobbies-markham/,0,7,0%,5.86
https://sportscardsnearme.ca/pokemon/moose-jaw/,0,7,0%,6
https://sportscardsnearme.ca/sell/markham/,0,7,0%,6.29
https://sportscardsnearme.ca/store/rolls-and-realms-inc-brantford/,0,7,0%,6.29
https://sportscardsnearme.ca/shows/greater-toronto-sports-card-show-toronto-2026-09-13/,0,7,0%,6.43
https://sportscardsnearme.ca/store/high-score-gamez-st-catharines/,0,7,0%,6.71
https://sportscardsnearme.ca/sell/gatineau/,0,7,0%,7.14
https://sportscardsnearme.ca/pokemon/granby/,0,7,0%,7.43
https://sportscardsnearme.ca/manitoba/dauphin/,0,7,0%,7.57
https://sportscardsnearme.ca/store/great-canadian-collectibles-kenora/,0,7,0%,7.57
https://sportscardsnearme.ca/alberta/edson/,0,7,0%,7.86
https://sportscardsnearme.ca/shows/nostalgia-fest-expo-square-one-mississauga-2026-10-09/,0,7,0%,7.86
https://sportscardsnearme.ca/pokemon/jonquiere-saguenay/,0,7,0%,8.14
https://sportscardsnearme.ca/ontario/carleton-place/,0,7,0%,8.29
https://sportscardsnearme.ca/pokemon/north-bay/,0,7,0%,8.29
https://sportscardsnearme.ca/store/la-madame-des-cartes-saint-hubert-longueuil/,0,7,0%,8.29
https://sportscardsnearme.ca/store/game-shack-toronto/,0,7,0%,8.57
https://sportscardsnearme.ca/store/the-sword-board-toronto/,0,7,0%,8.57
https://sportscardsnearme.ca/store/ksks-sports-collectibles-inc-pointe-claire/,0,7,0%,8.71
https://sportscardsnearme.ca/store/sentry-box-cards-calgary/,0,7,0%,9
https://sportscardsnearme.ca/store/401-games-toronto/,0,7,0%,9.29
https://sportscardsnearme.ca/store/game-cycle-hamilton-road-london/,0,7,0%,9.29
https://sportscardsnearme.ca/sell/saint-john/,0,7,0%,9.57
https://sportscardsnearme.ca/store/crackerjack-stadium-welland/,0,7,0%,10
https://sportscardsnearme.ca/ontario/etobicoke/,0,7,0%,10.14
https://sportscardsnearme.ca/ontario/richmond-hill/,0,7,0%,10.14
https://sportscardsnearme.ca/store/sbt-comics-games-kingston/,0,7,0%,10.14
https://sportscardsnearme.ca/store/meeplemart-toronto/,0,7,0%,10.57
https://sportscardsnearme.ca/shows/sport-card-memorabilia-expo-halifax-dartmouth-2026-07-10/,0,7,0%,10.71
https://sportscardsnearme.ca/store/red-riot-games-mississauga/,0,7,0%,11
https://sportscardsnearme.ca/pokemon/lethbridge/,0,7,0%,11.29
https://sportscardsnearme.ca/store/chonky-collectibles-toronto/,0,7,0%,11.57
https://sportscardsnearme.ca/store/swirl-cafe-games-edmonton/,0,7,0%,11.57
https://sportscardsnearme.ca/store/imaginaire-store-ottawa-ottawa/,0,7,0%,13
https://sportscardsnearme.ca/quebec/l-assomption/,0,7,0%,15.29
https://sportscardsnearme.ca/store/fundy-coins-and-collectibles-saint-john/,0,7,0%,16.14
https://sportscardsnearme.ca/store/gamezilla-fredericton-fredericton/,0,7,0%,18.57
https://sportscardsnearme.ca/store/battle-river-sports-excellence-camrose/,0,7,0%,22
https://sportscardsnearme.ca/store/nefarious-comics-ottawa/,0,7,0%,22.43
https://sportscardsnearme.ca/guides/,0,7,0%,25
https://sportscardsnearme.ca/store/rain-city-games-new-westminster-new-westminster/,0,7,0%,25.43
https://sportscardsnearme.ca/quebec/val-d-or/,0,7,0%,29.43
https://sportscardsnearme.ca/store/epic-games-more-victoria/,0,7,0%,44.29
https://sportscardsnearme.ca/store/the-comic-doctor-inc-oshawa/,0,7,0%,48.71
https://sportscardsnearme.ca/shows/west-van-card-show-ubc-vancouver-2026-09-13/,0,6,0%,3.17
https://sportscardsnearme.ca/store/bay-breakers-happy-valley-goose-bay/,0,6,0%,4
https://sportscardsnearme.ca/store/hall-of-fame-collection-burlington/,0,6,0%,5.17
https://sportscardsnearme.ca/store/blue-moon-collectables-delta-ladner/,0,6,0%,5.83
https://sportscardsnearme.ca/alberta/olds/,0,6,0%,6
https://sportscardsnearme.ca/store/the-card-goat-edmonton/,0,6,0%,6.17
https://sportscardsnearme.ca/saskatchewan/yorkton/,0,6,0%,6.33
https://sportscardsnearme.ca/sell/timmins/,0,6,0%,6.33
https://sportscardsnearme.ca/pokemon/vaudreuil-dorion/,0,6,0%,6.5
https://sportscardsnearme.ca/sell/red-deer/,0,6,0%,6.5
https://sportscardsnearme.ca/newfoundland-and-labrador/gander/,0,6,0%,6.83
https://sportscardsnearme.ca/store/gamers-zone-des-jogers-cowansville/,0,6,0%,6.83
https://sportscardsnearme.ca/quebec/saint-amable/,0,6,0%,7
https://sportscardsnearme.ca/prince-edward-island/stratford/,0,6,0%,7.17
https://sportscardsnearme.ca/store/north-western-games-kenora/,0,6,0%,7.17
https://sportscardsnearme.ca/nova-scotia/sydney/,0,6,0%,7.33
https://sportscardsnearme.ca/pokemon/vegreville/,0,6,0%,7.67
https://sportscardsnearme.ca/sell/lindsay-kawartha-lakes/,0,6,0%,7.67
https://sportscardsnearme.ca/pokemon/st-albert/,0,6,0%,7.83
https://sportscardsnearme.ca/alberta/blackfalds/,0,6,0%,8
https://sportscardsnearme.ca/pokemon/whitby/,0,6,0%,8.33
https://sportscardsnearme.ca/pokemon/camrose/,0,6,0%,8.83
https://sportscardsnearme.ca/quebec/chicoutimi-saguenay/,0,6,0%,8.83
https://sportscardsnearme.ca/store/cool-dragon-hobby-markham/,0,6,0%,9
https://sportscardsnearme.ca/shows/bossa-burnaby-card-show-burnaby-2026-07-12/,0,6,0%,9.17
https://sportscardsnearme.ca/store/joe-daley-s-sports-framing-winnipeg/,0,6,0%,9.33
https://sportscardsnearme.ca/store/conspiracy-comics-games-anime-mississauga/,0,6,0%,9.5
https://sportscardsnearme.ca/store/vtrgaming-mississauga/,0,6,0%,10.17
https://sportscardsnearme.ca/shows/hobby-con-waterloo-waterloo-2026-11-28/,0,6,0%,10.33
https://sportscardsnearme.ca/store/hobby-o-max-chicoutimi-chicoutimi-saguenay/,0,6,0%,11.17
https://sportscardsnearme.ca/store/gauntlet-games-victoria/,0,6,0%,12.17
https://sportscardsnearme.ca/quebec/repentigny/,0,6,0%,14.83
https://sportscardsnearme.ca/sell/summerside/,0,6,0%,15.67
https://sportscardsnearme.ca/pokemon/sainte-catherine/,0,6,0%,19
https://sportscardsnearme.ca/resellers/,0,6,0%,24
https://sportscardsnearme.ca/shows/capital-trade-shows-pokemon-show-ottawa-2026-11-22/,0,6,0%,28.33
https://sportscardsnearme.ca/store/x-planet-games-mississauga/,0,6,0%,34.5
https://sportscardsnearme.ca/sell/lloydminster-sk-side/,0,5,0%,4
https://sportscardsnearme.ca/shows/border-city-card-show-lloydminster-2026-11-07/,0,5,0%,4.6
https://sportscardsnearme.ca/store/capitaine-quebec-montreal/,0,5,0%,5.4
https://sportscardsnearme.ca/sell/bathurst/,0,5,0%,5.6
https://sportscardsnearme.ca/sell/drummondville/,0,5,0%,5.8
https://sportscardsnearme.ca/sell/chatham-chatham-kent/,0,5,0%,6.6
https://sportscardsnearme.ca/sell/burlington/,0,5,0%,7
https://sportscardsnearme.ca/store/univers-fantastique-beloeil/,0,5,0%,7.4
https://sportscardsnearme.ca/alberta/drumheller/,0,5,0%,7.6
https://sportscardsnearme.ca/store/jeuxjubes-sainte-therese/,0,5,0%,7.6
https://sportscardsnearme.ca/store/mandalorian-emporium-squamish/,0,5,0%,7.6
https://sportscardsnearme.ca/pokemon/steinbach/,0,5,0%,7.8
https://sportscardsnearme.ca/shows/collecticon-hamilton-hamilton-2026-09-07/,0,5,0%,7.8
https://sportscardsnearme.ca/shows/ncx-toronto-s-hottest-card-and-collectible-show-north-york-2026-11-22/,0,5,0%,7.8
https://sportscardsnearme.ca/store/comics-north-greater-sudbury/,0,5,0%,7.8
https://sportscardsnearme.ca/store/sport-collect-2010-salaberry-de-valleyfield/,0,5,0%,8
https://sportscardsnearme.ca/store/gamer-s-spot-drummondville/,0,5,0%,8.2
https://sportscardsnearme.ca/store/reliquary-cards-calgary/,0,5,0%,8.2
https://sportscardsnearme.ca/ontario/midland/,0,5,0%,8.6
https://sportscardsnearme.ca/store/galerie-du-jouet-st-felicien-saint-felicien/,0,5,0%,8.6
https://sportscardsnearme.ca/pokemon/kenora/,0,5,0%,8.8
https://sportscardsnearme.ca/store/dsm-sports-cards-collectors-le-roi-des-cartes-beloeil/,0,5,0%,8.8
https://sportscardsnearme.ca/store/tw-sportcards-montreal/,0,5,0%,8.8
https://sportscardsnearme.ca/quebec/sainte-julie/,0,5,0%,9
https://sportscardsnearme.ca/ontario/newmarket/,0,5,0%,9.2
https://sportscardsnearme.ca/pokemon/quebec/,0,5,0%,9.2
https://sportscardsnearme.ca/store/forest-city-coins-stamps-london/,0,5,0%,9.2
https://sportscardsnearme.ca/pokemon/stratford/,0,5,0%,9.4
https://sportscardsnearme.ca/store/maverick-sports-collectables-st-john-s/,0,5,0%,9.4
https://sportscardsnearme.ca/store/the-comic-book-shoppe-ottawa/,0,5,0%,9.4
https://sportscardsnearme.ca/shows/west-van-card-show-the-shipyards-north-vancouver-2026-10-31/,0,5,0%,10
https://sportscardsnearme.ca/store/ultimate-sportscards-north-bay/,0,5,0%,10.8
https://sportscardsnearme.ca/store/dolly-s-sports-cards-toronto/,0,5,0%,11
https://sportscardsnearme.ca/pokemon/orillia/,0,5,0%,11.8
https://sportscardsnearme.ca/pokemon/peterborough/,0,5,0%,12.4
https://sportscardsnearme.ca/pokemon/mascouche/,0,5,0%,14.2
https://sportscardsnearme.ca/store/certified-sports-memorabilia-vaughan/,0,5,0%,14.4
https://sportscardsnearme.ca/store/tabletop-giant-mtg-north-goderich/,0,5,0%,14.4
https://sportscardsnearme.ca/store/superstars-sports-collectibles-winnipeg/,0,5,0%,16.6
https://sportscardsnearme.ca/british-columbia/aldergrove/,0,5,0%,16.8
https://sportscardsnearme.ca/store/kingston-gaming-nexus-kingston/,0,5,0%,17.2
https://sportscardsnearme.ca/shows/collections-montreal-montreal-2026-09-20/,0,5,0%,17.8
https://sportscardsnearme.ca/shows/capital-trade-shows-pokemon-show-ottawa-2027-06-27/,0,5,0%,18.8
https://sportscardsnearme.ca/sell/wainwright/,0,5,0%,19.2
https://sportscardsnearme.ca/store/mark-s-autographs-and-collectables-sault-ste-marie/,0,5,0%,19.2
https://sportscardsnearme.ca/store/great-white-north-pottery-supplies-greater-sudbury/,0,5,0%,19.6
https://sportscardsnearme.ca/store/gotham-central-comics-mississauga/,0,5,0%,19.8
https://sportscardsnearme.ca/store/carta-magica-ottawa-ottawa/,0,5,0%,25.8
https://sportscardsnearme.ca/store/mission-fun-games-st-albert/,0,5,0%,28.6
https://sportscardsnearme.ca/store/the-3d-shoppe-oshawa/,0,5,0%,34.6
https://sportscardsnearme.ca/shows/capital-trade-shows-card-comic-show-ottawa-2027-07-04/,0,5,0%,36.2
https://sportscardsnearme.ca/store/showcase-comics-hobbies-ltd-comics-collectibles-rc-boardgames-lethbridge/,0,5,0%,56.2
https://sportscardsnearme.ca/shows/saskatoon-sportscard-collectibles-show-saskatoon-2026-10-24/,0,4,0%,1.25