Top queries,Clicks,Impressions,CTR,Position
sports cards near me,2.0,49.0,0.0408,10.35
pokanada,2.0,9.0,0.22219999999999998,6.11
card shops near me,1.0,98.0,0.0102,10.3
loot kingdom,1.0,88.0,0.011399999999999999,6.69
retro relics,1.0,50.0,0.02,5.28
digital oasis,1.0,50.0,0.02,8.84
card stores near me,1.0,39.0,0.0256,12.08
toybox trading co,1.0,14.0,0.07139999999999999,8.5
beyond the pond,1.0,10.0,0.1,5.7
card show québec 2026,1.0,9.0,0.11109999999999999,4.22
basketball cards near me,1.0,8.0,0.125,10.88
dolly's cards and collectibles waterloo,1.0,7.0,0.1429,4.0
gifted rookies,1.0,7.0,0.1429,8.14
sell sports cards near me,1.0,6.0,0.16670000000000001,13.67
onyx cards,1.0,2.0,0.5,5.0
sport cards stores near me,1.0,2.0,0.5,7.0
diadem cards & hobbies reviews,1.0,2.0,0.5,9.5
lloydminster card shop,1.0,2.0,0.5,10.0
places that buy sports cards near me,1.0,1.0,1.0,2.0
edmonton sports card stores,1.0,1.0,1.0,29.0
sports card stores toronto,1.0,1.0,1.0,35.0
total sports cards,0.0,195.0,0.0,7.04
card cycle london,0.0,97.0,0.0,6.81
sports card stores near me,0.0,80.0,0.0,9.32
sports card shops near me,0.0,69.0,0.0,12.62
mana vault saskatoon,0.0,61.0,0.0,7.26
strictly singles,0.0,56.0,0.0,9.27
colossal cards,0.0,51.0,0.0,7.33
dragon world card games & collectibles reviews,0.0,47.0,0.0,8.23
card store near me,0.0,47.0,0.0,9.47
onyx cards and games,0.0,47.0,0.0,10.38
card shop near me,0.0,45.0,0.0,6.58
vulcan collectibles,0.0,40.0,0.0,6.55
tabletop renaissance,0.0,36.0,0.0,8.03
hope collectibles,0.0,35.0,0.0,7.49
royalty cards,0.0,30.0,0.0,7.37
games nook,0.0,30.0,0.0,9.47
outpost sports cards and games reviews,0.0,29.0,0.0,7.03
cardify toronto,0.0,29.0,0.0,8.55
ea collectibles reviews,0.0,29.0,0.0,11.0
gamezilla saint john,0.0,28.0,0.0,7.96
comic readers medicine hat,0.0,28.0,0.0,10.25
sports card store near me,0.0,27.0,0.0,8.37
dollys waterloo,0.0,26.0,0.0,4.85
kingston card den,0.0,26.0,0.0,8.81
eclipse games,0.0,25.0,0.0,6.48
kanto kreations,0.0,25.0,0.0,7.04
heavens collectibles,0.0,25.0,0.0,9.4
untouchables milton,0.0,24.0,0.0,9.38
aex moncton 2026,0.0,23.0,0.0,6.52
stakk st eustache,0.0,23.0,0.0,8.13
true gem sports collectibles,0.0,22.0,0.0,7.68
retro relics chelmsford,0.0,22.0,0.0,8.77
celly sports,0.0,21.0,0.0,6.86
boreal gaming,0.0,21.0,0.0,7.05
d&m sports,0.0,21.0,0.0,7.48
andys card shop,0.0,21.0,0.0,7.67
duck duck games and collectibles,0.0,21.0,0.0,9.67
rookies sports cards,0.0,20.0,0.0,7.85
skafs express,0.0,20.0,0.0,8.05
inner hero collectibles,0.0,20.0,0.0,8.3
dd sports vaughan,0.0,19.0,0.0,7.26
m4 sports cards and collectibles reviews,0.0,19.0,0.0,7.89
hope club collectibles reviews,0.0,19.0,0.0,9.26
f and c house of cards,0.0,19.0,0.0,9.47
elsewhere gaming,0.0,19.0,0.0,9.68
maritime collectible expo,0.0,19.0,0.0,9.79
rookies hamilton,0.0,19.0,0.0,10.16
imaginaire chicoutimi,0.0,19.0,0.0,12.05
mb cartes,0.0,18.0,0.0,8.06
cardboard hero fredericton,0.0,18.0,0.0,9.0
all in sports den,0.0,18.0,0.0,9.22
le coin de la carte sportive,0.0,18.0,0.0,10.22
ea collectibles,0.0,18.0,0.0,10.61
imaginaire pointe claire reviews,0.0,17.0,0.0,8.24
box of cards barrie,0.0,17.0,0.0,9.06
total sports cards & collectibles,0.0,17.0,0.0,10.06
gatorbyte yarmouth,0.0,17.0,0.0,10.35
m4 cards,0.0,16.0,0.0,8.31
rainbows end wolfville,0.0,16.0,0.0,8.94
village des heros,0.0,16.0,0.0,10.31
baseball card stores near me,0.0,16.0,0.0,16.5
docs hobby shop,0.0,15.0,0.0,6.13
aex moncton,0.0,15.0,0.0,7.0
zone collection st jean,0.0,15.0,0.0,8.13
sport card stores near me,0.0,15.0,0.0,9.13
inner hero collectables,0.0,15.0,0.0,9.6
treasures n more,0.0,15.0,0.0,10.8
kanzen games sports & collectibles reviews,0.0,15.0,0.0,11.67
kaboom hobby,0.0,14.0,0.0,6.21
lets play thunder bay,0.0,14.0,0.0,8.14
ppag cards,0.0,14.0,0.0,8.14
goalline sports cards,0.0,14.0,0.0,8.29
digital oasis windsor,0.0,14.0,0.0,8.64
premium sports cards reviews,0.0,14.0,0.0,10.21
rookies sports cards and collectibles reviews,0.0,14.0,0.0,10.21
baseball cards near me,0.0,14.0,0.0,27.29
goal line sports,0.0,13.0,0.0,5.15
pastime guildford,0.0,13.0,0.0,5.54
nekos car wash,0.0,13.0,0.0,6.69
d&m sports halifax,0.0,13.0,0.0,6.85
skaf express,0.0,13.0,0.0,6.85
fan of the sport,0.0,13.0,0.0,7.23
merchants shop,0.0,13.0,0.0,8.31
stettler game corner,0.0,13.0,0.0,8.54
a spec cards,0.0,13.0,0.0,9.08
paradoxtcg reviews,0.0,13.0,0.0,11.31
sports memorabilia stores near me,0.0,13.0,0.0,12.77
card cycle hours,0.0,12.0,0.0,6.25
pastime sports guildford,0.0,12.0,0.0,6.5
la carte cachée,0.0,12.0,0.0,8.25
nekos thompson,0.0,12.0,0.0,8.5
baseball card shops near me,0.0,12.0,0.0,9.17
sports card shop near me,0.0,12.0,0.0,9.42
rookies card shop,0.0,12.0,0.0,9.67
sportsworld collectibles,0.0,11.0,0.0,6.36
card rack,0.0,11.0,0.0,6.91
medicine hat card shop,0.0,11.0,0.0,7.0
andys sports cards,0.0,11.0,0.0,7.45
gateway cards,0.0,11.0,0.0,7.82
hopeclub,0.0,11.0,0.0,7.82
the hobby spot reviews,0.0,11.0,0.0,8.0
kadoone reviews,0.0,11.0,0.0,8.09
loot kingdom barrie,0.0,11.0,0.0,8.09
west's sports cards,0.0,11.0,0.0,8.27
the hobby spot leduc,0.0,11.0,0.0,8.55
maximum cards & collectibles,0.0,11.0,0.0,10.18
stakk cards,0.0,10.0,0.0,6.4
players cards,0.0,10.0,0.0,7.0
tabletop renaissance games & hobbies,0.0,10.0,0.0,7.2
eastridge sports cards & games reviews,0.0,10.0,0.0,7.5
bocado la sarre,0.0,10.0,0.0,7.6
henry's hut,0.0,10.0,0.0,7.7
west's sports cards reviews,0.0,10.0,0.0,7.7
gatorbyte,0.0,10.0,0.0,10.2
video time barrie,0.0,10.0,0.0,10.2
books galore,0.0,10.0,0.0,10.6
merchant shop,0.0,10.0,0.0,10.9
pokemon cards near me,0.0,10.0,0.0,11.5
ultime sports collection,0.0,10.0,0.0,24.2
game vault kingston,0.0,9.0,0.0,5.67
pastime north vancouver,0.0,9.0,0.0,5.89
gamers emporium reviews,0.0,9.0,0.0,6.0
heaven's collectibles & tcg,0.0,9.0,0.0,6.56
backmandy,0.0,9.0,0.0,6.78
galactic trading post fort mcmurray,0.0,9.0,0.0,7.78
players cards and collectibles,0.0,9.0,0.0,8.0
carto puce,0.0,9.0,0.0,8.44
psa canada receiving centre,0.0,9.0,0.0,8.56
masterset co,0.0,9.0,0.0,8.67
daves card shop,0.0,9.0,0.0,8.89
out of the box ottawa,0.0,9.0,0.0,9.11
"9 ossington ave - toronto, on m6j 2y8",0.0,9.0,0.0,10.11
skies the limit,0.0,9.0,0.0,11.56
"7070 st barbara blvd unit 60-62, mississauga, on l5w 0e6",0.0,9.0,0.0,13.78
grading services,0.0,9.0,0.0,57.33
card palace,0.0,8.0,0.0,3.38
m4 sports cards,0.0,8.0,0.0,6.38
rival cards reviews,0.0,8.0,0.0,6.38
kanto poke mart,0.0,8.0,0.0,6.62
collectors avenue west island,0.0,8.0,0.0,6.88
onyx cards collingwood,0.0,8.0,0.0,7.62
novas sports cards,0.0,8.0,0.0,7.75
the fort gaming,0.0,8.0,0.0,8.0
stakk saint eustache,0.0,8.0,0.0,8.38
lets collect cards,0.0,8.0,0.0,8.5
ppag,0.0,8.0,0.0,9.88
trading card store lindsay,0.0,8.0,0.0,10.0
hockey cards near me,0.0,8.0,0.0,10.38
pastimes langley,0.0,8.0,0.0,11.0
coupe stanley st jerome,0.0,8.0,0.0,12.88
psa canada mississauga,0.0,8.0,0.0,15.88
august card show,0.0,7.0,0.0,5.14
a-spec cards inc. milton reviews,0.0,7.0,0.0,5.29
heavyjs,0.0,7.0,0.0,6.57
loot kingdom reviews,0.0,7.0,0.0,6.86
card cycle,0.0,7.0,0.0,7.0
game time collectibles reviews,0.0,7.0,0.0,7.0
gamebreakers reviews,0.0,7.0,0.0,7.14
pastime sports north vancouver,0.0,7.0,0.0,7.14
total sports cards & collectibles reviews,0.0,7.0,0.0,7.14
lets play cards and games,0.0,7.0,0.0,7.57
henrys hut,0.0,7.0,0.0,7.86
infinity cards aldergrove,0.0,7.0,0.0,7.86
m&l sports cards,0.0,7.0,0.0,8.14
418 sport,0.0,7.0,0.0,8.57
the trading post guelph,0.0,7.0,0.0,8.57
nexpack collectibles reviews,0.0,7.0,0.0,8.71
miraj trading montreal,0.0,7.0,0.0,9.29
tom tech repairs,0.0,7.0,0.0,9.43
sports cards hamilton,0.0,7.0,0.0,9.57
springer hobbies,0.0,7.0,0.0,9.71
tugs drumheller,0.0,7.0,0.0,9.86
georges ii,0.0,7.0,0.0,10.0
hobbiesville toronto reviews,0.0,7.0,0.0,10.0
hockey cards hamilton,0.0,7.0,0.0,10.0
stadium sports cards,0.0,7.0,0.0,10.14
cards near me,0.0,7.0,0.0,10.86
colossal cards & collectables,0.0,7.0,0.0,10.86
collect em all thunder bay,0.0,7.0,0.0,11.14
sports cards stores near me,0.0,7.0,0.0,12.0
let's play cards and games,0.0,7.0,0.0,13.71
level up games vaughan,0.0,7.0,0.0,13.86
card shop vernon,0.0,7.0,0.0,67.71
dice hollow,0.0,6.0,0.0,5.17
coins cards,0.0,6.0,0.0,6.0
merchant shop bathurst,0.0,6.0,0.0,6.0
prairie canucks,0.0,6.0,0.0,6.5
gamevault kingston,0.0,6.0,0.0,6.83
goalline sports,0.0,6.0,0.0,7.0
trading card shops near me,0.0,6.0,0.0,7.0
wayne sports cards,0.0,6.0,0.0,7.0
card den,0.0,6.0,0.0,7.33
hope club collectibles,0.0,6.0,0.0,7.33
panda hobby canada,0.0,6.0,0.0,7.33
stakk quebec,0.0,6.0,0.0,7.33
pvp shop,0.0,6.0,0.0,7.5
sports la tornade,0.0,6.0,0.0,7.83
trading card store near me,0.0,6.0,0.0,7.83
local legends vancouver,0.0,6.0,0.0,8.0
pastime sports and games burnaby reviews,0.0,6.0,0.0,8.17
pastime sports metrotown,0.0,6.0,0.0,8.33
shikdar trading,0.0,6.0,0.0,8.33
warp zone gaming,0.0,6.0,0.0,8.5
boutique la coupe stanley,0.0,6.0,0.0,8.67
capital city cards & collectibles,0.0,6.0,0.0,8.83
players cards and collectibles reviews,0.0,6.0,0.0,8.83
m&l sports cards and collectables,0.0,6.0,0.0,9.0
psa drop off mississauga,0.0,6.0,0.0,9.0
topshelfco,0.0,6.0,0.0,9.17
comfy hobbies,0.0,6.0,0.0,9.5
totalsports cards,0.0,6.0,0.0,9.5
prisma games hours,0.0,6.0,0.0,9.83
the trading card store lindsay,0.0,6.0,0.0,10.0
trading post guelph,0.0,6.0,0.0,10.0
babs gaming,0.0,6.0,0.0,10.17
gateway cards and sports,0.0,6.0,0.0,10.17
maximum cards,0.0,6.0,0.0,10.33
legendary collectables reviews,0.0,6.0,0.0,10.5
microplay guelph,0.0,6.0,0.0,10.83
pirates cove lethbridge,0.0,6.0,0.0,11.5
sports card near me,0.0,6.0,0.0,11.5
omars vernon,0.0,6.0,0.0,12.17
warhammer london ontario,0.0,6.0,0.0,14.83
psa grading cost canada,0.0,6.0,0.0,28.0
vernon game store,0.0,6.0,0.0,71.0
card shops,0.0,5.0,0.0,3.8
dollys cards waterloo,0.0,5.0,0.0,4.6
psa mississauga drop off,0.0,5.0,0.0,5.0
"1042 garner road w, unit a105",0.0,5.0,0.0,6.2
skaf's let's play,0.0,5.0,0.0,6.2
shoebox games & cafe reviews,0.0,5.0,0.0,6.6
kingston card den reviews,0.0,5.0,0.0,6.8
m4 collectibles,0.0,5.0,0.0,6.8
card shop medicine hat,0.0,5.0,0.0,7.0
nd sports cards ltd,0.0,5.0,0.0,7.6
digital oasis reviews,0.0,5.0,0.0,7.8
hobby sport,0.0,5.0,0.0,7.8
hockey card stores near me,0.0,5.0,0.0,7.8
m4 card store hamilton,0.0,5.0,0.0,7.8
local comic shop,0.0,5.0,0.0,8.0
house of cards cloverdale reviews,0.0,5.0,0.0,8.2
"1400 boul édouard suite 117 saint-hubert, qc, j4t 3t2",0.0,5.0,0.0,8.4
sports collectibles near me,0.0,5.0,0.0,8.4
the card rack,0.0,5.0,0.0,8.4
"red dragon comics, cards, games reviews",0.0,5.0,0.0,8.6
between 2 games,0.0,5.0,0.0,9.2
go beyond games dauphin,0.0,5.0,0.0,9.2
hockey card buyers near me,0.0,5.0,0.0,9.4
sports card buyers near me,0.0,5.0,0.0,9.4
black rose hobbies,0.0,5.0,0.0,9.6
celly sports and games reviews,0.0,5.0,0.0,9.8
sky's the limit yorkton,0.0,5.0,0.0,9.8
sports card stores winnipeg,0.0,5.0,0.0,9.8
amg hours,0.0,5.0,0.0,10.0
henrys hut new glasgow,0.0,5.0,0.0,10.0
card collectors near me,0.0,5.0,0.0,10.4
pokemon cards canmore,0.0,5.0,0.0,10.4
the vault lethbridge,0.0,5.0,0.0,10.4
atlas collectables,0.0,5.0,0.0,10.6
paradise games spruce grove,0.0,5.0,0.0,10.6
games hq port perry,0.0,5.0,0.0,10.8
mint collectables bolton,0.0,5.0,0.0,11.0
psa near me,0.0,5.0,0.0,11.2
coins cards and collectibles,0.0,5.0,0.0,11.4
skies the limit yorkton,0.0,5.0,0.0,11.6
sports cards shops near me,0.0,5.0,0.0,13.4
m4 card store,0.0,5.0,0.0,28.0
psa canada phone number,0.0,5.0,0.0,45.2
imaginaire near me,0.0,5.0,0.0,47.0
card shop barrie,0.0,5.0,0.0,72.6
sports card shows in ontario this weekend,0.0,5.0,0.0,74.2
barrie card shops,0.0,5.0,0.0,75.4
vernon card shop,0.0,5.0,0.0,80.8
soul tcg ottawa,0.0,4.0,0.0,2.5
la tornade vaudreuil,0.0,4.0,0.0,5.75
nova cards lloydminster,0.0,4.0,0.0,5.75
cardboard casket medicine hat,0.0,4.0,0.0,6.75
esper cards and games reviews,0.0,4.0,0.0,6.75
skaff express,0.0,4.0,0.0,6.75
quarantined case breaks,0.0,4.0,0.0,7.0
stack st eustache,0.0,4.0,0.0,7.0
the hobby spot & quarantined case breaks,0.0,4.0,0.0,7.0
flaring lair reviews,0.0,4.0,0.0,7.25
merchants inventory bathurst,0.0,4.0,0.0,7.25
vintage pursuit,0.0,4.0,0.0,7.25
wayne's sports cards & collectibles reviews,0.0,4.0,0.0,7.25
duck duck games & collectibles,0.0,4.0,0.0,7.5
hobby stop tcg & collectibles,0.0,4.0,0.0,7.5
vulcan collectibles reviews,0.0,4.0,0.0,7.5
imperial garden sports,0.0,4.0,0.0,7.75
outofthebox ottawa,0.0,4.0,0.0,7.75
westsportscards,0.0,4.0,0.0,7.75
card shops around me,0.0,4.0,0.0,8.0
games nook ii,0.0,4.0,0.0,8.0
hockey cards grande prairie,0.0,4.0,0.0,8.0
wallys pro sports cards,0.0,4.0,0.0,8.0
action packed kingston,0.0,4.0,0.0,8.25
diadem sudbury,0.0,4.0,0.0,8.25
gamesland reviews,0.0,4.0,0.0,8.25
holmestead red deer,0.0,4.0,0.0,8.25
lower level sports cards,0.0,4.0,0.0,8.25
m&l sports cards and collectables reviews,0.0,4.0,0.0,8.25
401 cards,0.0,4.0,0.0,8.5
fort sask card shop,0.0,4.0,0.0,8.5
gamer spot trois rivieres,0.0,4.0,0.0,8.5
cardboard slingers reviews,0.0,4.0,0.0,8.75
cardera collectibles reviews,0.0,4.0,0.0,8.75
heavy js,0.0,4.0,0.0,8.75
heroes and legends,0.0,4.0,0.0,8.75
wisers card store,0.0,4.0,0.0,8.75
cards store near me,0.0,4.0,0.0,9.0
gamerspot trois rivieres,0.0,4.0,0.0,9.0
hamilton sports cards,0.0,4.0,0.0,9.0
nba cards near me,0.0,4.0,0.0,9.0
outpost gaming,0.0,4.0,0.0,9.0
prisma games reviews,0.0,4.0,0.0,9.0
valixya,0.0,4.0,0.0,9.0
waynes sports cards,0.0,4.0,0.0,9.0
local legends cards,0.0,4.0,0.0,9.25
rival cards ajax,0.0,4.0,0.0,9.25
tabletop games yellowknife,0.0,4.0,0.0,9.25
card places near me,0.0,4.0,0.0,9.5
card shop lindsay,0.0,4.0,0.0,9.5
la coupe stanley st jerome,0.0,4.0,0.0,9.5
mb carte,0.0,4.0,0.0,9.5
pastime langley,0.0,4.0,0.0,9.5
where to buy cards near me,0.0,4.0,0.0,9.5
cardboard classics reviews,0.0,4.0,0.0,9.75
lindsay card shop,0.0,4.0,0.0,9.75
699 gardiners road kingston,0.0,4.0,0.0,10.25
gator bytes,0.0,4.0,0.0,10.25
sport card shops near me,0.0,4.0,0.0,10.25
gamer's spot trois-rivières,0.0,4.0,0.0,10.5
l'imaginaire chicoutimi,0.0,4.0,0.0,10.5
pastime sports and games surrey reviews,0.0,4.0,0.0,10.5
coin de la carte,0.0,4.0,0.0,11.0
foyer du video,0.0,4.0,0.0,11.0
foyer du video maniwaki,0.0,4.0,0.0,11.0
pokemon cards laval,0.0,4.0,0.0,11.0
tactical magic,0.0,4.0,0.0,11.0
foyer du vidéo maniwaki,0.0,4.0,0.0,11.25
calgary hockey card stores,0.0,4.0,0.0,12.0
card corner port alberni,0.0,4.0,0.0,12.0
game cycle hours,0.0,4.0,0.0,12.0
local legends cards & collectibles,0.0,4.0,0.0,12.5
wax box club,0.0,4.0,0.0,12.5
helou's sports cards and collectibles,0.0,4.0,0.0,13.0
the outpost edmonton,0.0,4.0,0.0,13.0
bgs grading canada,0.0,4.0,0.0,14.75
kadoone,0.0,4.0,0.0,18.25
rain city games new west,0.0,4.0,0.0,18.5
london card stores,0.0,4.0,0.0,27.0
hobby card shops near me,0.0,4.0,0.0,30.5
card grading near me,0.0,4.0,0.0,31.75
nefarious comics ottawa,0.0,4.0,0.0,33.5
pokemon card shops near me,0.0,4.0,0.0,37.75
card shops richmond,0.0,4.0,0.0,46.25
hobby stores sudbury,0.0,4.0,0.0,47.25
sport card & memorabilia expo,0.0,4.0,0.0,48.5
ottawa pokemon card show,0.0,4.0,0.0,60.0
game store vernon,0.0,4.0,0.0,65.25
mtg cards vernon,0.0,4.0,0.0,78.5
premire sportscards reviews,0.0,3.0,0.0,3.0
dolly's cards and collectibles waterloo reviews,0.0,3.0,0.0,3.67
docs hobby,0.0,3.0,0.0,4.33
empire trading,0.0,3.0,0.0,4.67
paris card shop,0.0,3.0,0.0,5.0
the card palace,0.0,3.0,0.0,5.33
beyond the pond sports cards and collectables,0.0,3.0,0.0,5.67
dave sports cards,0.0,3.0,0.0,5.67
dbsport collectibles,0.0,3.0,0.0,6.0
past time guildford,0.0,3.0,0.0,6.0
tom tech repairs & game vault kingston reviews,0.0,3.0,0.0,6.0
daves card shop cornwall,0.0,3.0,0.0,6.33
putali chowk reviews,0.0,3.0,0.0,6.33
cartes sportives rive sud mcmasterville,0.0,3.0,0.0,6.67
flip collectibles shop,0.0,3.0,0.0,6.67
heaven's collectibles,0.0,3.0,0.0,6.67
kos cards,0.0,3.0,0.0,6.67
pastimes guildford,0.0,3.0,0.0,6.67
andys cards,0.0,3.0,0.0,7.0
andys sports,0.0,3.0,0.0,7.0
fort gaming,0.0,3.0,0.0,7.0
hall of fame collection burlington,0.0,3.0,0.0,7.0
heavy jays sarnia,0.0,3.0,0.0,7.0
hobby stop,0.0,3.0,0.0,7.0
icons and heroes,0.0,3.0,0.0,7.0
sport la tornade,0.0,3.0,0.0,7.0
boutique coupe stanley,0.0,3.0,0.0,7.33
boutique nostalgies,0.0,3.0,0.0,7.33
collectors avenue decarie,0.0,3.0,0.0,7.33
daves sports cards,0.0,3.0,0.0,7.33
m4 sports cards and collectibles,0.0,3.0,0.0,7.33
mintyfresh collectibles,0.0,3.0,0.0,7.33
skaf's let's play thunder bay,0.0,3.0,0.0,7.33
table top renaissance,0.0,3.0,0.0,7.33
d&m sports cards,0.0,3.0,0.0,7.67
ea collectibles london,0.0,3.0,0.0,7.67
elsewhere new minas,0.0,3.0,0.0,7.67
game breakers,0.0,3.0,0.0,7.67
georges ii sherwood park,0.0,3.0,0.0,7.67
hobby sport iles de la madeleine,0.0,3.0,0.0,7.67
l'imaginaire laval,0.0,3.0,0.0,7.67
level up games near me,0.0,3.0,0.0,7.67
light the lamp sports cards,0.0,3.0,0.0,7.67
new rave tcg & hobbies oshawa,0.0,3.0,0.0,7.67
onyx cards and games reviews,0.0,3.0,0.0,7.67
pokemon shops near me,0.0,3.0,0.0,7.67
stakk qc,0.0,3.0,0.0,7.67
waynes cards,0.0,3.0,0.0,7.67
card store lachine,0.0,3.0,0.0,8.0
env collectible reviews,0.0,3.0,0.0,8.0
football cards near me,0.0,3.0,0.0,8.0
prairie canucks weyburn,0.0,3.0,0.0,8.0
rainbow end wolfville,0.0,3.0,0.0,8.0
sportsworld regina,0.0,3.0,0.0,8.0
spoutnik chandler,0.0,3.0,0.0,8.0
the trading card store lindsay reviews,0.0,3.0,0.0,8.0
total sport cards,0.0,3.0,0.0,8.0
warp zone gaming mississauga,0.0,3.0,0.0,8.0
chonky collectibles reviews,0.0,3.0,0.0,8.33
empire trading tcg,0.0,3.0,0.0,8.33
mypops.ca markham toys funko tcg reviews,0.0,3.0,0.0,8.33
sports cards markham,0.0,3.0,0.0,8.33
babs gaming and sports cards inc photos,0.0,3.0,0.0,8.67
card authentication near me,0.0,3.0,0.0,8.67
card rack fredericton,0.0,3.0,0.0,8.67
card store vaudreuil,0.0,3.0,0.0,8.67
cards coins and collectibles,0.0,3.0,0.0,8.67
colossal cards & collectables reviews,0.0,3.0,0.0,8.67
eastridge sports cards & games,0.0,3.0,0.0,8.67
first row collectibles,0.0,3.0,0.0,8.67
flawless victory prince albert,0.0,3.0,0.0,8.67
heroes and legends hamilton,0.0,3.0,0.0,8.67
hockey card shops near me,0.0,3.0,0.0,8.67
paradise games and customs,0.0,3.0,0.0,8.67
players choice kelowna,0.0,3.0,0.0,8.67
sportsworld collectibles regina,0.0,3.0,0.0,8.67
the merchant,0.0,3.0,0.0,8.67
west sports cards,0.0,3.0,0.0,8.67
basketball cards in store near me,0.0,3.0,0.0,9.0
card shops calgary,0.0,3.0,0.0,9.0
carte cachée,0.0,3.0,0.0,9.0
docs hobby shop sudbury,0.0,3.0,0.0,9.0
psa grading near me,0.0,3.0,0.0,9.0
sports card store near me now,0.0,3.0,0.0,9.0
henry hut,0.0,3.0,0.0,9.33
ksks sports collectibles,0.0,3.0,0.0,9.33
pokemon card store near me,0.0,3.0,0.0,9.33
card corner,0.0,3.0,0.0,9.67
fort games,0.0,3.0,0.0,9.67
homestead cards red deer,0.0,3.0,0.0,9.67
m and l sports cards,0.0,3.0,0.0,9.67
sell cards near me,0.0,3.0,0.0,9.67
boreal gaming and cards reviews,0.0,3.0,0.0,10.0
card near me,0.0,3.0,0.0,10.0
card store lindsay,0.0,3.0,0.0,10.0
pokemon card shop,0.0,3.0,0.0,10.0
"red dragon comics, cards, games",0.0,3.0,0.0,10.0
relics cards,0.0,3.0,0.0,10.0
where to buy pokemon cards around me,0.0,3.0,0.0,10.0
babs lloydminster,0.0,3.0,0.0,10.33
dolly's sports cards,0.0,3.0,0.0,10.33
georges sherwood park,0.0,3.0,0.0,10.33
psa canada receiving centre reviews,0.0,3.0,0.0,10.33
taps games reviews,0.0,3.0,0.0,10.33
the mana lounge reviews,0.0,3.0,0.0,10.33
gamers emporium,0.0,3.0,0.0,11.0
hallmark sault ste marie,0.0,3.0,0.0,11.0
mintink trading cards,0.0,3.0,0.0,11.0
psa office mississauga,0.0,3.0,0.0,11.0
north bay card shop,0.0,3.0,0.0,11.33
snap airdrie,0.0,3.0,0.0,11.33
waterloo card shop,0.0,3.0,0.0,11.33
pokemon cards saint john,0.0,3.0,0.0,11.67
acheton vendon rdl,0.0,3.0,0.0,12.0
heavy j sarnia,0.0,3.0,0.0,12.0
807 cards thunder bay,0.0,3.0,0.0,12.67
hockey cards sherwood park,0.0,3.0,0.0,13.0
omar's vernon,0.0,3.0,0.0,13.0
doe's cards,0.0,3.0,0.0,13.33
hockey cards red deer,0.0,3.0,0.0,15.0
topdeck boucherville,0.0,3.0,0.0,15.0
london card shop,0.0,3.0,0.0,15.33
psa mississauga,0.0,3.0,0.0,16.0
aj sports toronto,0.0,3.0,0.0,17.67
card break nl,0.0,3.0,0.0,19.0
trading card stores near me,0.0,3.0,0.0,19.67
psa toronto office,0.0,3.0,0.0,20.0
canada psa grading,0.0,3.0,0.0,23.0
where to sell hockey cards near me,0.0,3.0,0.0,24.0
5560 explorer drive mississauga,0.0,3.0,0.0,24.33
cards and coasters,0.0,3.0,0.0,24.33
card shows near me,0.0,3.0,0.0,28.33
wayne's sports cards edmonton,0.0,3.0,0.0,29.67
psa grading canada,0.0,3.0,0.0,30.0
obsidian games vernon,0.0,3.0,0.0,31.67
games galore,0.0,3.0,0.0,32.0
richmond card shops,0.0,3.0,0.0,32.33
card shops vaughan,0.0,3.0,0.0,34.0
hobby store sudbury,0.0,3.0,0.0,34.67
cartes de hockey sherbrooke,0.0,3.0,0.0,37.0
card traders near me,0.0,3.0,0.0,40.33
card grading,0.0,3.0,0.0,43.67
seven sisters london,0.0,3.0,0.0,44.67
soccer cards near me,0.0,3.0,0.0,50.33
game stores in windsor ontario,0.0,3.0,0.0,56.0
toronto sports card stores,0.0,3.0,0.0,56.33
game shop windsor,0.0,3.0,0.0,61.33
pokemon cards vernon,0.0,3.0,0.0,67.33
sports card dealers toronto,0.0,3.0,0.0,70.33
card store,0.0,2.0,0.0,1.0
tcg card stores near me,0.0,2.0,0.0,1.0
beckett card grading,0.0,2.0,0.0,2.0
house of cards near me,0.0,2.0,0.0,3.0
hockey card store near me,0.0,2.0,0.0,3.5
armadillo games,0.0,2.0,0.0,4.0
cardify hobby cards & collectibles sports/tcgs toronto reviews,0.0,2.0,0.0,4.0
pokemon card shops,0.0,2.0,0.0,4.0
the cardboard casket reviews,0.0,2.0,0.0,5.0
"8888 keele st, unit 23b concord on, l4k 2n2",0.0,2.0,0.0,5.5
aces north bay,0.0,2.0,0.0,5.5
cardify hobby,0.0,2.0,0.0,5.5
hope club shop,0.0,2.0,0.0,5.5
wonderland games,0.0,2.0,0.0,5.5
cards shop near me,0.0,2.0,0.0,6.0
kaboom hobby windsor,0.0,2.0,0.0,6.0
level up games maple,0.0,2.0,0.0,6.0
quantum comics,0.0,2.0,0.0,6.0
sports cards north bay,0.0,2.0,0.0,6.0
tw chicoutimi,0.0,2.0,0.0,6.0
all in sports cards,0.0,2.0,0.0,6.5
andy's card shop,0.0,2.0,0.0,6.5
cangeek games and collectibles,0.0,2.0,0.0,6.5
card rack hours,0.0,2.0,0.0,6.5
card shop in the mall,0.0,2.0,0.0,6.5
cardbreaknl,0.0,2.0,0.0,6.5
cardify hobby cards & collectibles sports/tcgs,0.0,2.0,0.0,6.5
cards and collectibles near me,0.0,2.0,0.0,6.5
carte sportive rive sud mcmasterville,0.0,2.0,0.0,6.5
relikks sports cards,0.0,2.0,0.0,6.5
wayne's cards,0.0,2.0,0.0,6.5
where to get pokemon cards near me,0.0,2.0,0.0,6.5
buy pokemon cards near me,0.0,2.0,0.0,7.0
card collecting stores near me,0.0,2.0,0.0,7.0
football card stores,0.0,2.0,0.0,7.0
hobby spot leduc,0.0,2.0,0.0,7.0
holmstead cards,0.0,2.0,0.0,7.0
hope club,0.0,2.0,0.0,7.0
m4 sports,0.0,2.0,0.0,7.0
ootb cards,0.0,2.0,0.0,7.0
"playdexk 180 enterprise blvd. 2f, k202",0.0,2.0,0.0,7.0
players choice sports,0.0,2.0,0.0,7.0
pokemon cards sell near me,0.0,2.0,0.0,7.0
premier sports cards banff,0.0,2.0,0.0,7.0
selling sports cards near me,0.0,2.0,0.0,7.0
sports cards expo,0.0,2.0,0.0,7.0
waynes card shop edmonton,0.0,2.0,0.0,7.0
legendary collectibles mississauga,0.0,2.0,0.0,7.5
nfl cards near me,0.0,2.0,0.0,7.5
untouchables by ad cards hq milton reviews,0.0,2.0,0.0,7.5
wayne card shop,0.0,2.0,0.0,7.5
west sports,0.0,2.0,0.0,7.5
where to sell sports cards near me,0.0,2.0,0.0,7.5
ygk game over,0.0,2.0,0.0,7.5
capital city cards,0.0,2.0,0.0,8.0
card cycle london ontario,0.0,2.0,0.0,8.0
dads day off,0.0,2.0,0.0,8.0
eastridge sports,0.0,2.0,0.0,8.0
hockey card shop near me,0.0,2.0,0.0,8.0
holmestead sports cards & collectibles,0.0,2.0,0.0,8.0
pokemon stores near me,0.0,2.0,0.0,8.0
rookies upper james,0.0,2.0,0.0,8.0
skafs lets play,0.0,2.0,0.0,8.0
sports cards sault ste marie,0.0,2.0,0.0,8.0
strickly singles,0.0,2.0,0.0,8.0
the merchant shop,0.0,2.0,0.0,8.0
top shelf cards,0.0,2.0,0.0,8.0
totalsportscards,0.0,2.0,0.0,8.0
where to buy sports cards near me,0.0,2.0,0.0,8.0
where to sell sports memorabilia near me,0.0,2.0,0.0,8.0
banff card shop,0.0,2.0,0.0,8.5
card store near,0.0,2.0,0.0,8.5
collectors books & cards,0.0,2.0,0.0,8.5
heavyjs card house inc. photos,0.0,2.0,0.0,8.5
la carte cache,0.0,2.0,0.0,8.5
mbcartes,0.0,2.0,0.0,8.5
ppag granby heure ouverture,0.0,2.0,0.0,8.5
psa drop off locations,0.0,2.0,0.0,8.5
sell hockey cards edmonton,0.0,2.0,0.0,8.5
skaf express thunder bay,0.0,2.0,0.0,8.5
springer hobbies reviews,0.0,2.0,0.0,8.5
taps cards edmonton,0.0,2.0,0.0,8.5
top deck hero boucherville,0.0,2.0,0.0,8.5
where to buy pokemon cards near me,0.0,2.0,0.0,8.5
baseball card buyers in my area,0.0,2.0,0.0,9.0
basketball card near me,0.0,2.0,0.0,9.0
deck out gaming reviews,0.0,2.0,0.0,9.0
entertainment centre nl,0.0,2.0,0.0,9.0
flaring lair,0.0,2.0,0.0,9.0
forest city coins & stamps reviews,0.0,2.0,0.0,9.0
fort card shop,0.0,2.0,0.0,9.0
georges 2 sherwood park,0.0,2.0,0.0,9.0
let's play games thunder bay,0.0,2.0,0.0,9.0
mintink vaughan,0.0,2.0,0.0,9.0
nutman cards,0.0,2.0,0.0,9.0
rockets chatham,0.0,2.0,0.0,9.0
rookies sports cards and collectibles,0.0,2.0,0.0,9.0
skys the limit yorkton,0.0,2.0,0.0,9.0
st thomas card shop,0.0,2.0,0.0,9.0
universal collectibles vaudreuil,0.0,2.0,0.0,9.0
wally's pro sports cards,0.0,2.0,0.0,9.0
warhammer white oaks,0.0,2.0,0.0,9.0
5560 explorer drive - unit 101,0.0,2.0,0.0,9.5
breakers choice,0.0,2.0,0.0,9.5
buy and sell sports memorabilia near me,0.0,2.0,0.0,9.5
card shop mear me,0.0,2.0,0.0,9.5
games galore medicine hat,0.0,2.0,0.0,9.5
great canadian cards,0.0,2.0,0.0,9.5
heavy js sarnia hours,0.0,2.0,0.0,9.5
heroes n legends,0.0,2.0,0.0,9.5
penticton sports cards,0.0,2.0,0.0,9.5
pokemon dealers near me,0.0,2.0,0.0,9.5
psa mississauga hours,0.0,2.0,0.0,9.5
relikks cards & collectibles,0.0,2.0,0.0,9.5
sports card shows near me,0.0,2.0,0.0,9.5
tw sports cards,0.0,2.0,0.0,9.5
achetons vendons rdl,0.0,2.0,0.0,10.0
all in brossard,0.0,2.0,0.0,10.0
arkane angel cold lake,0.0,2.0,0.0,10.0
card and memorabilia shops near me,0.0,2.0,0.0,10.0
card shop nearby,0.0,2.0,0.0,10.0
cardboard slingers,0.0,2.0,0.0,10.0
collect em all cards,0.0,2.0,0.0,10.0
collectionick,0.0,2.0,0.0,10.0
colossal cards courtenay,0.0,2.0,0.0,10.0
d&c collectibles,0.0,2.0,0.0,10.0
games nook 2,0.0,2.0,0.0,10.0
georges 2,0.0,2.0,0.0,10.0
heavy js sarnia,0.0,2.0,0.0,10.0
paris card store,0.0,2.0,0.0,10.0
penticton sports cards & collectables,0.0,2.0,0.0,10.0
products offered by wonderland games,0.0,2.0,0.0,10.0
rad cards and collectibles,0.0,2.0,0.0,10.0
relikks,0.0,2.0,0.0,10.0
savage card shop,0.0,2.0,0.0,10.0
sports card shops winnipeg,0.0,2.0,0.0,10.0
sports trading cards near me,0.0,2.0,0.0,10.0
springers hobbies,0.0,2.0,0.0,10.0
woodstock card store,0.0,2.0,0.0,10.0
1835 main st,0.0,2.0,0.0,10.5
carte cache,0.0,2.0,0.0,10.5
closest card shop near me,0.0,2.0,0.0,10.5
fan of the sport st thomas,0.0,2.0,0.0,10.5
fort board games,0.0,2.0,0.0,10.5
helous sports cards,0.0,2.0,0.0,10.5
korekuta games reviews,0.0,2.0,0.0,10.5
level up games canada reviews,0.0,2.0,0.0,10.5
lindsay trading card store,0.0,2.0,0.0,10.5
players cards london ontario,0.0,2.0,0.0,10.5
ppag hockey,0.0,2.0,0.0,10.5
psa drop off toronto,0.0,2.0,0.0,10.5
sports cards sherwood park,0.0,2.0,0.0,10.5
spruce grove card shop,0.0,2.0,0.0,10.5
wonderland games photos,0.0,2.0,0.0,10.5
a and j hobbies,0.0,2.0,0.0,11.0
card shop lloydminster,0.0,2.0,0.0,11.0
card shops chilliwack,0.0,2.0,0.0,11.0
card shops that buy cards near me,0.0,2.0,0.0,11.0
card store woodstock,0.0,2.0,0.0,11.0
collect this inc,0.0,2.0,0.0,11.0
collectors avenue reviews,0.0,2.0,0.0,11.0
cornwall card shop,0.0,2.0,0.0,11.0
dolly's toys & games toronto reviews,0.0,2.0,0.0,11.0
hobby store leduc,0.0,2.0,0.0,11.0
m4 cards hamilton,0.0,2.0,0.0,11.0
orillia card shop,0.0,2.0,0.0,11.0
sports card shop.near me,0.0,2.0,0.0,11.0
sports card stores hamilton,0.0,2.0,0.0,11.0
sports cards lloydminster,0.0,2.0,0.0,11.0
treasures and more carleton place,0.0,2.0,0.0,11.0
vintage games 'n junque reviews,0.0,2.0,0.0,11.0
"5560 explorer drive - unit 101 mississauga, ontario l4w 5m3",0.0,2.0,0.0,11.5
aldergrove card shop,0.0,2.0,0.0,11.5
baseball card shop near me,0.0,2.0,0.0,11.5
card shop ajax,0.0,2.0,0.0,11.5
cardboard heroes fredericton,0.0,2.0,0.0,11.5
foyer du vidéo,0.0,2.0,0.0,11.5
froggers house of cards,0.0,2.0,0.0,11.5
imaginaire pointe claire,0.0,2.0,0.0,11.5
magasin de carte joliette,0.0,2.0,0.0,11.5
magasin la coupe stanley,0.0,2.0,0.0,11.5
pirate cove lethbridge,0.0,2.0,0.0,11.5
professional sports authenticator,0.0,2.0,0.0,11.5
the card man,0.0,2.0,0.0,11.5
addictive hobbies and games reviews,0.0,2.0,0.0,12.0
babs gaming and sports cards inc,0.0,2.0,0.0,12.0
books galore hours,0.0,2.0,0.0,12.0
sports world regina,0.0,2.0,0.0,12.0
village des heros chateauguay,0.0,2.0,0.0,12.0
check swing brossard,0.0,2.0,0.0,12.5
strange ideas,0.0,2.0,0.0,12.5
treasure n more,0.0,2.0,0.0,12.5
barrie pokemon cards,0.0,2.0,0.0,13.0
pirates cove,0.0,2.0,0.0,13.0
pokemon cards st johns,0.0,2.0,0.0,13.0
sports card stores calgary,0.0,2.0,0.0,13.0
leduc hobby spot,0.0,2.0,0.0,13.5
hobby o max,0.0,2.0,0.0,14.0
pirates cove collectibles lethbridge,0.0,2.0,0.0,15.5
hobby shop sudbury,0.0,2.0,0.0,17.5
hockey card stores calgary,0.0,2.0,0.0,18.0
9 ossington ave toronto,0.0,2.0,0.0,18.5
imaginaire pointe-claire,0.0,2.0,0.0,18.5
sgc grading canada,0.0,2.0,0.0,18.5
eastridge hobbies,0.0,2.0,0.0,19.0
battle river sports excellence,0.0,2.0,0.0,19.5
trading cards near me,0.0,2.0,0.0,20.5
trinity hobby,0.0,2.0,0.0,21.0
cartes de sport check swing,0.0,2.0,0.0,21.5
game store paris ontario,0.0,2.0,0.0,21.5
nerdvana cards and games,0.0,2.0,0.0,22.0
sgc grading,0.0,2.0,0.0,22.0
top shelf co.,0.0,2.0,0.0,22.5
"""game keeper verdun"" ""h4g 1w5""",0.0,2.0,0.0,23.0
hobbiesville toronto,0.0,2.0,0.0,23.0
wayne's sports cards,0.0,2.0,0.0,23.0
card grading canada,0.0,2.0,0.0,23.5
sports cards london ontario,0.0,2.0,0.0,24.0
f&c house of cards,0.0,2.0,0.0,25.5
battle river sports,0.0,2.0,0.0,27.5
how to get cards graded in canada,0.0,2.0,0.0,29.0
taps edmonton,0.0,2.0,0.0,29.0
card shops whitby,0.0,2.0,0.0,29.5
pastime sports and games langley,0.0,2.0,0.0,30.0
skyfox games,0.0,2.0,0.0,31.0
pokemon cards grande prairie,0.0,2.0,0.0,31.5
rad saskatoon,0.0,2.0,0.0,32.0
psa card grading toronto,0.0,2.0,0.0,33.0
hobbiesville,0.0,2.0,0.0,33.5
hockey card store calgary,0.0,2.0,0.0,33.5
collections montreal,0.0,2.0,0.0,34.5
psa canada pricing,0.0,2.0,0.0,35.0
capital trade show ottawa,0.0,2.0,0.0,37.0
local card shops near me,0.0,2.0,0.0,37.0
backmandy collectibles,0.0,2.0,0.0,37.5
panda hobby mississauga,0.0,2.0,0.0,37.5
card collection store near me,0.0,2.0,0.0,39.5
boutique imaginaire quebec,0.0,2.0,0.0,40.0
skyfoxgames,0.0,2.0,0.0,40.0
sports card shops,0.0,2.0,0.0,41.5
west card,0.0,2.0,0.0,41.5
game stores in windsor,0.0,2.0,0.0,42.5
hobby o max trois rivières,0.0,2.0,0.0,42.5
card stores,0.0,2.0,0.0,43.0
card shop halifax,0.0,2.0,0.0,43.5
wests cards,0.0,2.0,0.0,45.5
card collecting near me,0.0,2.0,0.0,46.5
collectible cards near me,0.0,2.0,0.0,47.0
nd sports,0.0,2.0,0.0,47.5
card shops victoria,0.0,2.0,0.0,49.0
sudbury hobby shop,0.0,2.0,0.0,50.0
card shops edmonton,0.0,2.0,0.0,50.5
hobbiesville location,0.0,2.0,0.0,50.5
sports card show mississauga,0.0,2.0,0.0,51.5
hobbiesville hours,0.0,2.0,0.0,55.5
hobby shop oakville,0.0,2.0,0.0,55.5
infinity cards and collectibles,0.0,2.0,0.0,55.5
taps hours,0.0,2.0,0.0,62.0
sports card shops edmonton,0.0,2.0,0.0,62.5
trading card shop open today,0.0,2.0,0.0,64.5
comic store oshawa,0.0,2.0,0.0,66.0
ottawa card stores,0.0,2.0,0.0,75.0
oshawa comic book store,0.0,2.0,0.0,75.5
pokemon cards mississauga,0.0,2.0,0.0,76.0
sports cards ottawa,0.0,2.0,0.0,76.0
ottawa card shows,0.0,2.0,0.0,80.5
sports cards mississauga,0.0,2.0,0.0,85.5
sports card connection,0.0,2.0,0.0,86.5
sports cards red deer,0.0,2.0,0.0,89.0
pokemon cards oshawa,0.0,2.0,0.0,90.0
august 9,0.0,1.0,0.0,1.0
card shops in mississauga,0.0,1.0,0.0,1.0
card shops london ontario,0.0,1.0,0.0,1.0
card show this weekend,0.0,1.0,0.0,1.0
card show toronto,0.0,1.0,0.0,1.0
card stores mississauga,0.0,1.0,0.0,1.0
hockey cards,0.0,1.0,0.0,1.0
local card shops,0.0,1.0,0.0,1.0
magasin sport iles de la madeleine,0.0,1.0,0.0,1.0
ottawa pokemon cards,0.0,1.0,0.0,1.0
pokemon card shop mississauga,0.0,1.0,0.0,1.0
pokemon card shop ottawa,0.0,1.0,0.0,1.0
pokemon cards,0.0,1.0,0.0,1.0
pokemon cards cleveland,0.0,1.0,0.0,1.0
pokemon cards new me,0.0,1.0,0.0,1.0
pokemon cards ottawa,0.0,1.0,0.0,1.0
sport card collectors near me,0.0,1.0,0.0,1.0
sports cards halifax,0.0,1.0,0.0,1.0
sports cards windsor,0.0,1.0,0.0,1.0
sports shop near me,0.0,1.0,0.0,1.0
stakk,0.0,1.0,0.0,1.0
tcg stores near me,0.0,1.0,0.0,1.0
tcg stores nearby,0.0,1.0,0.0,1.0
trading card near me,0.0,1.0,0.0,1.0
where can i sell my baseball cards locally,0.0,1.0,0.0,1.0
wii remotes near me,0.0,1.0,0.0,1.0
xbox one for sale near me,0.0,1.0,0.0,1.0
zone collection,0.0,1.0,0.0,1.0
horizon diecast phone number,0.0,1.0,0.0,2.0
vancouver card stores,0.0,1.0,0.0,2.0
who buys sports trading cards near me,0.0,1.0,0.0,2.0
heavens near me,0.0,1.0,0.0,3.0
pokemon card shop near me,0.0,1.0,0.0,3.0
soccer card trading near me,0.0,1.0,0.0,3.0
triple play sports cards,0.0,1.0,0.0,3.0
where can i find info,0.0,1.0,0.0,3.0
"310 cremazie ouest, unit b montreal, qc h2p 1c6",0.0,1.0,0.0,4.0
aj sports near me,0.0,1.0,0.0,4.0
bgs grading,0.0,1.0,0.0,4.0
box of cards (sports cards),0.0,1.0,0.0,4.0
cards near ne,0.0,1.0,0.0,4.0
ebineezers,0.0,1.0,0.0,4.0
lakeland sports cards,0.0,1.0,0.0,4.0
ottawa tcg,0.0,1.0,0.0,4.0
pokemon card buyers near me,0.0,1.0,0.0,4.0
pokemon cards sudbury,0.0,1.0,0.0,4.0
sport card near me,0.0,1.0,0.0,4.0
sports authentication near me,0.0,1.0,0.0,4.0
sports card dealers in my area,0.0,1.0,0.0,4.0
the card corner and games,0.0,1.0,0.0,4.0
3350 dufferin street,0.0,1.0,0.0,5.0
a spec cards milton,0.0,1.0,0.0,5.0
breakers choice burlington,0.0,1.0,0.0,5.0
buy and sell sports cards,0.0,1.0,0.0,5.0
card stores bear me,0.0,1.0,0.0,5.0
doe cards,0.0,1.0,0.0,5.0
flip collectables,0.0,1.0,0.0,5.0
heaven collectibles,0.0,1.0,0.0,5.0
hopes club,0.0,1.0,0.0,5.0
la carte cacher,0.0,1.0,0.0,5.0
mordu de la carte joliette,0.0,1.0,0.0,5.0
nfl card shops near me,0.0,1.0,0.0,5.0
nova sports cards lloydminster,0.0,1.0,0.0,5.0
players sports cards,0.0,1.0,0.0,5.0
retro relics sudbury,0.0,1.0,0.0,5.0
sports card plus,0.0,1.0,0.0,5.0
sports world collectibles,0.0,1.0,0.0,5.0
stores that buy sports cards near me,0.0,1.0,0.0,5.0
tcg stores ottawa,0.0,1.0,0.0,5.0
the card goat,0.0,1.0,0.0,5.0
the card goat reviews,0.0,1.0,0.0,5.0
where can i find football cards near me,0.0,1.0,0.0,5.0
where to sell baseball cards near me,0.0,1.0,0.0,5.0
450 sports blainville,0.0,1.0,0.0,6.0
blue moon collectables ladner,0.0,1.0,0.0,6.0
buy sell trade cards near me,0.0,1.0,0.0,6.0
capital trade shows,0.0,1.0,0.0,6.0
card selling places near me,0.0,1.0,0.0,6.0
card show meaning,0.0,1.0,0.0,6.0
cartes near me,0.0,1.0,0.0,6.0
celly cards,0.0,1.0,0.0,6.0
cellysports,0.0,1.0,0.0,6.0
closest place to buy pokemon cards,0.0,1.0,0.0,6.0
collectors lane,0.0,1.0,0.0,6.0
dark crystal cards paris,0.0,1.0,0.0,6.0
db sports collectibles,0.0,1.0,0.0,6.0
dd sports cards,0.0,1.0,0.0,6.0
empire cards ottawa,0.0,1.0,0.0,6.0
empire trading cards,0.0,1.0,0.0,6.0
football trading cards near me,0.0,1.0,0.0,6.0
hopeclub collectibles,0.0,1.0,0.0,6.0
hyper games slave lake,0.0,1.0,0.0,6.0
maple leaf sports cards,0.0,1.0,0.0,6.0
mint bolton,0.0,1.0,0.0,6.0
montreal sports card expo 2026,0.0,1.0,0.0,6.0
nearest card shop near me,0.0,1.0,0.0,6.0
olympic sports cards and games reviews,0.0,1.0,0.0,6.0
pokemon card stores near me,0.0,1.0,0.0,6.0
pokemon cards bathurst,0.0,1.0,0.0,6.0
psa walk in grading locations,0.0,1.0,0.0,6.0
rainbow's end wolfville,0.0,1.0,0.0,6.0
red deer card shop,0.0,1.0,0.0,6.0
sell pokemon cards near me,0.0,1.0,0.0,6.0
sell sports cards for cash near me,0.0,1.0,0.0,6.0
skafsexpress,0.0,1.0,0.0,6.0
sport collect,0.0,1.0,0.0,6.0
sports card dealers,0.0,1.0,0.0,6.0
sports card store near me open now,0.0,1.0,0.0,6.0
sports cards events near me,0.0,1.0,0.0,6.0
sports cards near.me,0.0,1.0,0.0,6.0
sports memorabilia store near me,0.0,1.0,0.0,6.0
the entertainment cube,0.0,1.0,0.0,6.0
where can i buy football cards near me,0.0,1.0,0.0,6.0
where can i sell baseball cards near me,0.0,1.0,0.0,6.0
where to buy basketball cards near me,0.0,1.0,0.0,6.0
who buys sports memorabilia near me,0.0,1.0,0.0,6.0
zone collection st-jean,0.0,1.0,0.0,6.0
all in hobby sports,0.0,1.0,0.0,7.0
aports cards near me,0.0,1.0,0.0,7.0
are there any card shops near me,0.0,1.0,0.0,7.0
card ahop near me,0.0,1.0,0.0,7.0
card shops medicine hat,0.0,1.0,0.0,7.0
cards places near me,0.0,1.0,0.0,7.0
cedar creek hobbies windsor,0.0,1.0,0.0,7.0
cellys sports,0.0,1.0,0.0,7.0
collector's avenue west island,0.0,1.0,0.0,7.0
cracker jack stadium,0.0,1.0,0.0,7.0
dice hollow games and hobbies,0.0,1.0,0.0,7.0
dm sports halifax,0.0,1.0,0.0,7.0
fc house of cards,0.0,1.0,0.0,7.0
football card store near me,0.0,1.0,0.0,7.0
game and card stores near me,0.0,1.0,0.0,7.0
gifted rookies reviews,0.0,1.0,0.0,7.0
henry's hut new glasgow,0.0,1.0,0.0,7.0
hobby stop tcg,0.0,1.0,0.0,7.0
hobbystop,0.0,1.0,0.0,7.0
kadoone markham,0.0,1.0,0.0,7.0
legendary collectables mississauga,0.0,1.0,0.0,7.0
let’s collect cards,0.0,1.0,0.0,7.0
local card shows near me,0.0,1.0,0.0,7.0
m4 store,0.0,1.0,0.0,7.0
merchants,0.0,1.0,0.0,7.0
neko's,0.0,1.0,0.0,7.0
nepal store near me,0.0,1.0,0.0,7.0
nerdvana cards & games,0.0,1.0,0.0,7.0
playing card shops near me,0.0,1.0,0.0,7.0
pokemon card stores bear me,0.0,1.0,0.0,7.0
remi sports cards,0.0,1.0,0.0,7.0
slab sharks - sports cards & collectibles consignment,0.0,1.0,0.0,7.0
sport card store,0.0,1.0,0.0,7.0
sports card expo montréal 2026,0.0,1.0,0.0,7.0
sports cards for sale near me,0.0,1.0,0.0,7.0
sports cards london,0.0,1.0,0.0,7.0
sports memorabilia near me,0.0,1.0,0.0,7.0
sportscard shops near me,0.0,1.0,0.0,7.0
sportscards shops near me,0.0,1.0,0.0,7.0
sportscards stores near me,0.0,1.0,0.0,7.0
sportsworld,0.0,1.0,0.0,7.0
swirl cafe edmonton,0.0,1.0,0.0,7.0
team collectors richmond,0.0,1.0,0.0,7.0
the cardboard casket,0.0,1.0,0.0,7.0
the vault sports cards and collectables reviews,0.0,1.0,0.0,7.0
top shelf card shop,0.0,1.0,0.0,7.0
untouchable milton,0.0,1.0,0.0,7.0
upperhand cards,0.0,1.0,0.0,7.0
waynes card shop,0.0,1.0,0.0,7.0
where to buy baseball cards near me,0.0,1.0,0.0,7.0
where to buy football cards near me,0.0,1.0,0.0,7.0
140 amber st,0.0,1.0,0.0,8.0
5 thompson drive,0.0,1.0,0.0,8.0
baseball store near me,0.0,1.0,0.0,8.0
best card store near me,0.0,1.0,0.0,8.0
best pokemon store near me,0.0,1.0,0.0,8.0
buy and sell sports cards near me,0.0,1.0,0.0,8.0
card dealers,0.0,1.0,0.0,8.0
card rack brookside mall,0.0,1.0,0.0,8.0
card shop in london,0.0,1.0,0.0,8.0
card shop near me open now,0.0,1.0,0.0,8.0
card store ancaster,0.0,1.0,0.0,8.0
card stores guelph,0.0,1.0,0.0,8.0
cards and collectibles,0.0,1.0,0.0,8.0
certified sports memorabilia,0.0,1.0,0.0,8.0
collector card stores near me,0.0,1.0,0.0,8.0
d and m sports cards,0.0,1.0,0.0,8.0
dnm sports,0.0,1.0,0.0,8.0
docs sudbury,0.0,1.0,0.0,8.0
does cards brampton,0.0,1.0,0.0,8.0
dolly's toys and games waterloo,0.0,1.0,0.0,8.0
draw for turn richmond,0.0,1.0,0.0,8.0
entertainment centre st. john's,0.0,1.0,0.0,8.0
galactic trading post,0.0,1.0,0.0,8.0
game knights league,0.0,1.0,0.0,8.0
gator byte yarmouth,0.0,1.0,0.0,8.0
helous,0.0,1.0,0.0,8.0
huntsville sports cards,0.0,1.0,0.0,8.0
hyper games chamber,0.0,1.0,0.0,8.0
kingstoncardden,0.0,1.0,0.0,8.0
legendary card shop,0.0,1.0,0.0,8.0
