slug,name,city,province,website,status,verdict,proposed_categories,evidence,generic_sports_hits,name_suggests_sports
snap-collectables-airdrie,Snap! Collectables,Airdrie,AB,http://www.snapcollectables.com/,200,NO-CATEGORY-EVIDENCE,,,,
hk-collectibles-balzac,HK Collectibles,Balzac,AB,https://hkcollectibles.ca/,200,TCG-ONLY,One Piece|Pokemon,One Piece: one\s*piece\s*(tcg|cards?|booster); Pokemon: pok[eé]mon\s*(cards?|tcg|singles?|booster|etb),,
senshen-collectibles-balzac,Senshen Collectibles,Balzac,AB,http://www.senshencollectibles.com/,200,TCG-ONLY,Pokemon,Pokemon: pok[eé]mon\s*(cards?|tcg|singles?|booster|etb),,
lakeland-sports-cards-bonnyville,Lakeland Sports Cards,Bonnyville,AB,https://lakelandsportscards.com/,200,SPORTS-GENERIC,,,sports?\s*cards?,yes
andys-sports-cards-and-collectibles-calgary,Andys Sports Cards and Collectibles,Calgary,AB,http://andyssportscards.ca/,200,SPORTS-GENERIC,,,sports?\s*cards?,yes
earthbound-trading-card-games-calgary,Earthbound Trading Card Games,Calgary,AB,https://earthboundtcgames.square.site/,200,NO-CATEGORY-EVIDENCE,,,,
olympic-sports-cards-and-games-calgary,Olympic Sports Cards and Games,Calgary,AB,http://www.olympicsportscardsandgames.com/,200,SPORTS-GENERIC,,,sports?\s*cards?,yes
reliquary-cards-calgary,Reliquary Cards,Calgary,AB,http://www.reliquarycards.com/,200,TCG-ONLY,Lorcana|Magic|Pokemon,Lorcana: \blorcana\b; Magic: magic:?\s*the\s*gathering; Pokemon: pok[eé]mon\s*(cards?|tcg|singles?|booster|etb),,
screen-free-games-calgary-calgary,Screen Free Games Calgary,Calgary,AB,https://screenfreegames.com/,200,BOTH,Baseball|Basketball|Hockey|Lorcana|Magic|One Piece|Pokemon|Yu-Gi-Oh,Baseball: baseball\s*cards?; Basketball: basketball\s*cards?; Hockey: hockey\s*cards?; Lorcana: \blorcana\b; Magic: magic:?\s*the\s*gathering; One Piece: one\s*piece\s*(tcg|cards?|booster); Pokemon: pok[eé]mon\s*(cards?|tcg|singles?|booster|etb); Yu-Gi-Oh: yu-?gi-?oh,sports?\s*cards?,
scuffed-cards-calgary,Scuffed Cards,Calgary,AB,http://scuffedcards.com/,200,TCG-ONLY,Magic|Yu-Gi-Oh,Magic: magic:?\s*the\s*gathering; Yu-Gi-Oh: yu-?gi-?oh,,
vaulted-yyc-17th-ave-calgary,Vaulted YYC - 17th Ave,Calgary,AB,https://vaultedyyc.com/,200,TCG-ONLY,Pokemon,Pokemon: pok[eé]mon\s*(cards?|tcg|singles?|booster|etb),,
vaulted-yyc-crossroads-calgary,Vaulted YYC Crossroads,Calgary,AB,https://vaultedyyc.com/,200,TCG-ONLY,Pokemon,Pokemon: pok[eé]mon\s*(cards?|tcg|singles?|booster|etb),,
camrosenextgen-gaming-camrose,CamroseNextGen Gaming,Camrose,AB,https://sites.google.com/view/camrosenextgengaming/home,200,NO-CATEGORY-EVIDENCE,,,,
holler-collectibles-camrose,Holler Collectibles,Camrose,AB,https://holler-computer-services-and-collectibles.square.site/s/shop,200,NO-CATEGORY-EVIDENCE,,,,
retro-camrose,Retro,Camrose,AB,https://play-here.ca/,200,NO-CATEGORY-EVIDENCE,,,,
the-data-base-camrose-camrose,The Data Base Camrose,Camrose,AB,http://www.thedatabasecamrose.ca/,200,NO-CATEGORY-EVIDENCE,,,,
arkane-angel-cold-lake,Arkane Angel,Cold Lake,AB,https://www.arkane-angel.ca/?utm_source=google&utm_medium=wix_google_business_profile&utm_campaign=3851568251012994274,200,NO-CATEGORY-EVIDENCE,,,,
puck-it-cards-collectibles-didsbury,Puck it Cards & Collectibles,Didsbury,AB,https://linktr.ee/puckitcards,200,BOTH,Hockey|Pokemon,Hockey: hockey\s*cards?; Pokemon: pok[eé]mon\s*(cards?|tcg|singles?|booster|etb),,
capital-city-cards-collectibles-edmonton,Capital City Cards & Collectibles,Edmonton,AB,https://www.instagram.com/capitalcitycardsyeg/?hl=en,200,NO-CATEGORY-EVIDENCE,,,,
dave-s-card-shop-edmonton,Dave's Card Shop,Edmonton,AB,http://davescardshop.ca/,http-404,UNREACHABLE,,,,
foil-city-cards-edmonton,Foil City Cards,Edmonton,AB,https://www.foilcitycards.com/,200,TCG-ONLY,Lorcana|Yu-Gi-Oh,Lorcana: \blorcana\b; Yu-Gi-Oh: yu-?gi-?oh,,
hpw-cards-inc-edmonton,HPW Cards Inc.,Edmonton,AB,https://www.hpwcards.com/,200,BOTH,Hockey|Lorcana|Magic|One Piece|Pokemon|Yu-Gi-Oh,Hockey: \bupper\s*deck\b; Lorcana: \blorcana\b; Magic: magic:?\s*the\s*gathering/\bmtg\b; One Piece: one\s*piece\s*(tcg|cards?|booster); Pokemon: pok[eé]mon\s*(cards?|tcg|singles?|booster|etb)/\bpok[eé]mon\s*center\b; Yu-Gi-Oh: yu-?gi-?oh,graded\s*cards?|psa\s*(graded|slab|10|9)|sports?\s*cards?,
prisma-games-edmonton,Prisma Games,Edmonton,AB,http://www.prismatcg.com/,200,NO-CATEGORY-EVIDENCE,,,,
west-edmonton-coin-stamp-edmonton,West Edmonton Coin & Stamp,Edmonton,AB,http://www.westedmontoncoinandstamp.com/,200,SPORTS-GENERIC,,,sports?\s*cards?,
tactical-magic-games-inc-fort-mcmurray,Tactical Magic Games Inc,Fort McMurray,AB,https://facebook.com/tacticalmagicgames,http-400,UNREACHABLE,,,,
strange-ideas-comics-and-collectibles-grande-prairie,Strange Ideas Comics and Collectibles,Grande Prairie,AB,https://www.strangeideascomics.ca/,200,NO-CATEGORY-EVIDENCE,,,,
king-arthur-s-collectibles-lethbridge,King Arthur's Collectibles,Lethbridge,AB,https://www.ebay.ca/str/kingarthurscollectiblescanada?mkcid=16&mkevt=1&mkrid=711-127632-2357-0&ssspo=aZbMmwG3Tr6&sssrc=3418065&ssuid=aZbMmwG3Tr6&widget_ver=artemis&media=COPY,200,SPORTS,Baseball|Football|Hockey,Baseball: \btopps\b/\bbowman\b; Football: \bdonruss\b; Hockey: \bupper\s*deck\b/\byoung\s*guns\b,\bpanini\b|\brookie\s*cards?\b|sports?\s*cards?,
personalized-sportcards-lethbridge,Personalized Sportcards,Lethbridge,AB,http://personalizedsportcards.com/,URLError,UNREACHABLE,,,,yes
pirates-cove-collectibles-ltd-lethbridge,Pirates Cove Collectibles Ltd,Lethbridge,AB,https://www.facebook.com/profile.php?id=100054447371205,http-400,UNREACHABLE,,,,
comic-readers-medicine-hat,Comic Readers,Medicine Hat,AB,https://comicreadersregina.wordpress.com/,200,TCG-ONLY,Lorcana|Magic|Yu-Gi-Oh,Lorcana: \blorcana\b; Magic: magic:?\s*the\s*gathering; Yu-Gi-Oh: yu-?gi-?oh,,
collectible-card-caddy-okotoks,Collectible Card Caddy,Okotoks,AB,http://collectiblecardcaddy.com/,URLError,UNREACHABLE,,,,
holmestead-sports-cards-collectibles-red-deer,Holmestead Sports Cards & Collectibles,Red Deer,AB,https://www.facebook.com/HOLMESTEADSCC,http-400,UNREACHABLE,,,,yes
paradise-games-and-customs-spruce-grove,Paradise Games and Customs,Spruce Grove,AB,http://paradisegames.ca/,200,NO-CATEGORY-EVIDENCE,,,,
video-time-barrie,Video Time,Barrie,ON,http://www.videotime.ca/,200,NO-CATEGORY-EVIDENCE,,,,
rolls-and-realms-inc-brantford,Rolls and Realms Inc.,Brantford,ON,https://www.rollsandrealms.ca/,200,NO-CATEGORY-EVIDENCE,,,,
hall-of-fame-collection-burlington,Hall Of Fame Collection,Burlington,ON,http://racinghalloffamecollection.com/,200,NO-CATEGORY-EVIDENCE,,,,
nepal-handicrafts-greater-sudbury,Nepal Handicrafts,Greater Sudbury,ON,http://www.nepalhandicraftsontario.com/,200,NO-CATEGORY-EVIDENCE,,,,
retro-relics-greater-sudbury,Retro Relics,Greater Sudbury,ON,https://www.facebook.com/profile.php?id=61550925574309&mibextid=9R9pXO,http-400,UNREACHABLE,,,,
valixya-greater-sudbury,Valixya,Greater Sudbury,ON,https://valixya.ca/,200,NO-CATEGORY-EVIDENCE,,,,
royal-cat-records-guelph,Royal Cat Records,Guelph,ON,http://royalcatrecords.blogspot.ca/,200,NO-CATEGORY-EVIDENCE,,,,
scahub-marketplace-guelph,SCAHub Marketplace,Guelph,ON,https://scahub.ca/,http-403,UNREACHABLE,,,,
the-beat-goes-on-guelph,The Beat Goes On,Guelph,ON,http://www.beatgoeson.com/,200,NO-CATEGORY-EVIDENCE,,,,
the-bookshelf-guelph,The Bookshelf,Guelph,ON,https://bookshelf.ca/,200,NO-CATEGORY-EVIDENCE,,,,
digital-grade-submissions-hamilton,Digital Grade Submissions,Hamilton,ON,http://www.digitalgrade.io/,200,SPORTS-GENERIC,,,sports?\s*cards?,
heroes-n-legends-hamilton,Heroes N' Legends,Hamilton,ON,https://m.facebook.com/HNLJackson/,http-400,UNREACHABLE,,,,
tistaminis-hamilton,Tistaminis,Hamilton,ON,http://tistaminis.com/,200,NO-CATEGORY-EVIDENCE,,,,
art-noise-kingston,Art Noise,Kingston,ON,http://shop.artnoise.ca/,200,NO-CATEGORY-EVIDENCE,,,,
chumleighs-kingston,Chumleighs,Kingston,ON,http://www.chumleighs.com/,200,NO-CATEGORY-EVIDENCE,,,,
mmlorcana-kingston,MMLorcana,Kingston,ON,https://mmlorcana.ca/,200,TCG-ONLY,Lorcana,Lorcana: \blorcana\b,,
novel-idea-kingston,Novel Idea,Kingston,ON,http://novelideabooks.ca/wp/,200,NO-CATEGORY-EVIDENCE,,,,
the-rocking-horse-toys-kingston,The Rocking Horse Toys,Kingston,ON,http://www.therockinghorse.ca/,200,NO-CATEGORY-EVIDENCE,,,,
hi-times-head-shop-indoor-growing-equipment-indoor-grow-shop-hydroponics-london,Hi-Times (Head Shop + Indoor Growing Equipment +Indoor Grow Shop Hydroponics,London,ON,http://hitimes.ca/,200,NO-CATEGORY-EVIDENCE,,,,
seven-sisters-ritual-apothecary-london,Seven Sisters Ritual Apothecary,London,ON,http://sevensisters.ca/,200,NO-CATEGORY-EVIDENCE,,,,
warhammer-london,Warhammer,London,ON,https://www.warhammer.com/?utm_source=Google&utm_medium=Yext,202,NO-CATEGORY-EVIDENCE,,,,
horizon-diecast-markham,Horizon Diecast,Markham,ON,https://horizondiecast.com/,200,NO-CATEGORY-EVIDENCE,,,,
playdexk-markham,Playdexk,Markham,ON,https://playdexk.com/,200,NO-CATEGORY-EVIDENCE,,,,
a-spec-cards-inc-milton,A-Spec Cards Inc.,Milton,ON,http://www.aspeccards.com/,http-402,UNREACHABLE,,,,
image-collections-mississauga,Image Collections,Mississauga,ON,http://www.imagecollections.ca/,200,TCG-ONLY,Magic,Magic: magic:?\s*the\s*gathering,,
g-a-m-e-s-oshawa,G A M E S,Oshawa,ON,http://www.facebook.com/GamesAreMySource,http-400,UNREACHABLE,,,,
the-entertainment-cube-oshawa,The Entertainment Cube,Oshawa,ON,http://www.facebook.com/cubeclown/,http-400,UNREACHABLE,,,,
xtreme-r-c-raceways-oshawa,Xtreme R/C & Raceways,Oshawa,ON,https://www.xtremerc.ca/,200,NO-CATEGORY-EVIDENCE,,,,
entertainment-ink-ottawa,Entertainment Ink!,Ottawa,ON,https://entertainmentink.ca/,200,NO-CATEGORY-EVIDENCE,,,,
imaginaire-store-ottawa-ottawa,Imaginaire Store Ottawa,Ottawa,ON,http://www.imaginaire.com/,http-403,UNREACHABLE,,,,
nostalgia-warehouse-ottawa,Nostalgia Warehouse,Ottawa,ON,https://www.facebook.com/nostalgiawarehouseottawa/,http-400,UNREACHABLE,,,,
studio-staja-ottawa,Studio Staja,Ottawa,ON,https://staja.ca/,200,TCG-ONLY,Lorcana,Lorcana: \blorcana\b,,
hilltribe-ontario-sault-ste-marie,Hilltribe Ontario,Sault Ste. Marie,ON,http://www.hilltribeontario.com/?utm_source=gbp,200,NO-CATEGORY-EVIDENCE,,,,
mark-s-autographs-and-collectables-sault-ste-marie,Mark's Autographs and Collectables,Sault Ste. Marie,ON,http://stores.ebay.com/marksautographsandcollectables,200,SPORTS,Baseball|Hockey,Baseball: \btopps\b; Hockey: \bupper\s*deck\b/\bo-?pee-?chee\b,,
the-rad-zone-sault-ste-marie,The Rad Zone,Sault Ste. Marie,ON,http://www.theradzone.com/,200,NO-CATEGORY-EVIDENCE,,,,
the-trading-post-sault-ste-marie,The Trading Post,Sault Ste. Marie,ON,http://trading-post.ca/,200,NO-CATEGORY-EVIDENCE,,,,
high-score-gamez-st-catharines,High Score Gamez,St. Catharines,ON,https://highscoregamez.crystalcommerce.com/,200,NO-CATEGORY-EVIDENCE,,,,
cyber-city-comix-toronto,Cyber City Comix,Toronto,ON,http://cybercitycomix.com/,200,NO-CATEGORY-EVIDENCE,,,,
illusionary-toronto,Illusionary,Toronto,ON,http://www.illusionarycollectibles.com/,200,NO-CATEGORY-EVIDENCE,,,,
toybox-trading-co-vaughan,Toybox Trading Co.,Vaughan,ON,http://toyboxtradingco.square.site/,200,NO-CATEGORY-EVIDENCE,,,,
cartoon-kingdom-windsor,Cartoon Kingdom,Windsor,ON,http://www.cartoonkingdom.ca/,200,NO-CATEGORY-EVIDENCE,,,,
digital-oasis-windsor,Digital Oasis,Windsor,ON,http://www.digitaloasis.ca/,200,NO-CATEGORY-EVIDENCE,,,,
card-caster-blainville,Card Caster,Blainville,QC,https://cardcastergames.com,200,TCG-ONLY,Lorcana|Magic|Yu-Gi-Oh,Lorcana: \blorcana\b; Magic: magic:?\s*the\s*gathering; Yu-Gi-Oh: yu-?gi-?oh,,
l-univers-des-cartes-chateauguay,L'Univers des Cartes,Chateauguay,QC,https://luniversdescartes.com,URLError,UNREACHABLE,,,,
geekstuff-laval,Geekstuff,Laval,QC,https://geekstuffstore.com,200,NO-CATEGORY-EVIDENCE,,,,
electric-avenue-montreal-montreal,Electric Avenue Montreal,Montreal,QC,https://electricavenuemtl.com,URLError,UNREACHABLE,,,,
maitre-des-jeux-le-saint-eustache,Maitre des Jeux (Le),Saint-Eustache,QC,https://maitredesjeux.net,200,NO-CATEGORY-EVIDENCE,,,,
le-roi-des-cartes-valleyfield-salaberry-de-valleyfield,Le Roi des Cartes Valleyfield,Salaberry-de-Valleyfield,QC,https://leroidescartesvalley.com,200,BOTH-GENERIC-SPORTS,Lorcana|Magic|Pokemon|Yu-Gi-Oh,Lorcana: \blorcana\b; Magic: magic:?\s*the\s*gathering/\bmtg\b; Pokemon: pok[eé]mon\s*(cards?|tcg|singles?|booster|etb); Yu-Gi-Oh: yu-?gi-?oh,sports?\s*cards?,
