name,city,province,website,other_category,status,verdict,strong_hits,weak_hits
Snap! Collectables,Airdrie,AB,http://www.snapcollectables.com/,no category matched,200,AMBIGUOUS,,\bcomics?\b|collectib
Battle River Sports Excellence,Camrose,AB,http://www.battleriversports.com/,sporting goods,200,NO-CARD-EVIDENCE,,
CamroseNextGen Gaming,Camrose,AB,https://sites.google.com/view/camrosenextgengaming/home,no category matched,200,NO-CARD-EVIDENCE,,
Holler Collectibles,Camrose,AB,https://holler-computer-services-and-collectibles.square.site/s/shop,no category matched,200,NO-CARD-EVIDENCE,,
Quantum Comics & Collectibles,Camrose,AB,http://www.quantumcomics.ca/,no category matched,200,CARDS-LIKELY,magic:?\s*the\s*gathering,\bcomics?\b
Retro,Camrose,AB,https://play-here.ca/,no category matched,200,NO-CARD-EVIDENCE,,
The Data Base Camrose,Camrose,AB,http://www.thedatabasecamrose.ca/,no category matched,200,NO-CARD-EVIDENCE,,
Arkane Angel,Cold Lake,AB,https://www.arkane-angel.ca/?utm_source=google&utm_medium=wix_google_business_profile&utm_campaign=3851568251012994274,no category matched,200,NO-CARD-EVIDENCE,,
Capital City Cards & Collectibles,Edmonton,AB,https://www.instagram.com/capitalcitycardsyeg/?hl=en,no category matched,200,NO-CARD-EVIDENCE,,
Prisma Games,Edmonton,AB,http://www.prismatcg.com/,sporting goods,200,CARDS-CONFIRMED,\bbuy\s*list\b|\bbuylist\b,\bcards?\b
Strange Ideas Comics and Collectibles,Grande Prairie,AB,https://www.strangeideascomics.ca/,no category matched,200,NO-CARD-EVIDENCE,,
Evolution Sports Excellence,Leduc,AB,https://evolutionsportsexcellence.com/,sporting goods,200,NO-CARD-EVIDENCE,,
King Arthur's Collectibles,Lethbridge,AB,https://www.ebay.ca/str/kingarthurscollectiblescanada?mkcid=16&mkevt=1&mkrid=711-127632-2357-0&ssspo=aZbMmwG3Tr6&sssrc=3418065&ssuid=aZbMmwG3Tr6&widget_ver=artemis&media=COPY,no category matched,200,CARDS-CONFIRMED,\bpanini\b|\btopps\b|sports?\s*cards?|trading\s*cards?|upper\s*deck,\bcards?\b|collectib
Avalon Hobbies,Medicine Hat,AB,http://www.avalonhobbies.com/,gundam/models;diecast;rc,200,AMBIGUOUS,,\bhobby\b
Games Galore & The Billiard Store,Medicine Hat,AB,http://www.gamesgalore.ca/,no category matched,200,AMBIGUOUS,,\bcards?\b
Sports Closet,Sherwood Park,AB,https://sportscloset.ca/,sporting goods,200,CARDS-LIKELY,\bfanatics\b,\bcards?\b|collectib
Hyper Games Chamber,Slave Lake,AB,https://www.hypergameschamber.ca,no category matched,200,NO-CARD-EVIDENCE,,
Paradise Games and Customs,Spruce Grove,AB,http://paradisegames.ca/,no category matched,200,NO-CARD-EVIDENCE,,
Sports Closet,St. Albert,AB,https://sportscloset.ca/,sporting goods,200,CARDS-LIKELY,\bfanatics\b,\bcards?\b|collectib
ThunderGround Comics And Collectibles,St. Albert,AB,http://www.thundergroundcomics.com/,no category matched,200,CARDS-CONFIRMED,\bmtg\b|booster\s*(box|pack)|magic:?\s*the\s*gathering,\bcards?\b|\bcomics?\b
Go Go Hobbies,Coquitlam,BC,http://www.gogohobbies.ca/,no category matched,200,NO-CARD-EVIDENCE,,
Blue Moon Collectables,Delta (Ladner),BC,https://www.bluemooncollectables.com/,no category matched,200,NO-CARD-EVIDENCE,,
SN Hobbies,New Westminster,BC,https://www.snhobbies.com/,rc,200,AMBIGUOUS,,\bhobby\b
Ebenezer's Comics & Collectibles,Vernon,BC,https://www.ebenezers.ca/,no category matched,200,AMBIGUOUS,,\bcomics?\b|collectib
K&B Hobbies and Games,Vernon,BC,https://www.kbhobbies.com/,no category matched,200,NO-CARD-EVIDENCE,,
Box Of Cards (Sports Cards),Aurora,ON,http://www.boxofcards.ca/,no category matched,200,NO-CARD-EVIDENCE,,
Box Of Cards (Sports Cards),Barrie,ON,https://boxofcards.ca/,no category matched,200,NO-CARD-EVIDENCE,,
Doug Laurie Sports,Barrie,ON,http://www.douglauriesports.com/,no category matched,200,CARDS-LIKELY,\btopps\b,
Ideal Hobbies,Barrie,ON,http://www.idealhobbies.com/,gundam/models;rc,200,AMBIGUOUS,,\bhobby\b
Video Time,Barrie,ON,http://www.videotime.ca/,no category matched,200,NO-CARD-EVIDENCE,,
Stephen Licence Bicycles & Hobbies,Belleville,ON,https://stephenlicence.my.canva.site/stephenlicence/,no category matched,200,NO-CARD-EVIDENCE,,
Rolls and Realms Inc.,Brantford,ON,https://www.rollsandrealms.ca/,no category matched,200,NO-CARD-EVIDENCE,,
Hall Of Fame Collection,Burlington,ON,http://racinghalloffamecollection.com/,no category matched,200,NO-CARD-EVIDENCE,,
Forbes Hobbies,Cambridge,ON,https://www.forbeshobbies.ca,no category matched,200,NO-CARD-EVIDENCE,,
Docs hobby shop,Greater Sudbury,ON,https://docs-hobby-shop.myshopify.com/,gundam/models,200,AMBIGUOUS,,\bhobby\b
Great White North Pottery Supplies,Greater Sudbury,ON,http://www.gwnpottery.ca/,no category matched,200,AMBIGUOUS,,\bcards?\b
Nepal Handicrafts,Greater Sudbury,ON,http://www.nepalhandicraftsontario.com/,no category matched,200,NO-CARD-EVIDENCE,,
Valixya,Greater Sudbury,ON,https://valixya.ca/,no category matched,200,NO-CARD-EVIDENCE,,
Brodie's Gaming,Guelph,ON,http://brodiesgaming.ca/,no category matched,200,NO-CARD-EVIDENCE,,
Royal Cat Records,Guelph,ON,http://royalcatrecords.blogspot.ca/,no category matched,200,NO-CARD-EVIDENCE,,
The Beat Goes On,Guelph,ON,http://www.beatgoeson.com/,gundam/models,200,AMBIGUOUS,,\bcards?\b|collectib
The Bookshelf,Guelph,ON,https://bookshelf.ca/,no category matched,200,NO-CARD-EVIDENCE,,
Burdin's Comics,Hamilton,ON,http://www.burdinscomics.com/,no category matched,200,AMBIGUOUS,,\bcomics?\b
Digital Grade Submissions,Hamilton,ON,http://www.digitalgrade.io/,no category matched,200,CARDS-LIKELY,sports?\s*cards?,\bcards?\b|collectib
Never Board Games Lounge,Hamilton,ON,https://neverboardgames.ca/,no category matched,200,NO-CARD-EVIDENCE,,
Retrosaurus,Hamilton,ON,http://retrosaurus.ca/,no category matched,200,AMBIGUOUS,,\bcomics?\b
The Dragon's Lair Unleashed,Hamilton,ON,http://www.dragonslairunleashed.com/,no category matched,200,AMBIGUOUS,,collectib
Art Noise,Kingston,ON,http://shop.artnoise.ca/,no category matched,200,AMBIGUOUS,,\bcards?\b|\bhobby\b
Chumleighs,Kingston,ON,http://www.chumleighs.com/,no category matched,200,NO-CARD-EVIDENCE,,
Minotaur Games and Gifts,Kingston,ON,http://www.minotaurgifts.com/,greeting cards,200,AMBIGUOUS,,\bcards?\b
Novel Idea,Kingston,ON,http://novelideabooks.ca/wp/,greeting cards,200,AMBIGUOUS,,\bcards?\b
The Rocking Horse Toys,Kingston,ON,http://www.therockinghorse.ca/,no category matched,200,NO-CARD-EVIDENCE,,
Tom Tech Repairs & Game Vault Kingston,Kingston,ON,https://games.tomtechrepairs.ca/,no category matched,200,NO-CARD-EVIDENCE,,
Cellular Magician,London,ON,https://www.cellularmagician.ca/,no category matched,200,NO-CARD-EVIDENCE,,
Game Cycle Hamilton Road,London,ON,http://www.gamecycle.ca/,no category matched,200,NO-CARD-EVIDENCE,,
Game Cycle London Wharncliffe,London,ON,http://www.gclw.ca/,no category matched,200,NO-CARD-EVIDENCE,,
Hi-Times (Head Shop + Indoor Growing Equipment +Indoor Grow Shop Hydroponics,London,ON,http://hitimes.ca/,no category matched,200,NO-CARD-EVIDENCE,,
Pokanada (Sealed Pokemon section inside pharmacy),London,ON,http://www.pokanada.ca/,no category matched,200,NO-CARD-EVIDENCE,,
Seven Sisters Ritual Apothecary,London,ON,http://sevensisters.ca/,sporting goods,200,NO-CARD-EVIDENCE,,
Warhammer,London,ON,https://www.warhammer.com/?utm_source=Google&utm_medium=Yext,no category matched,202,NO-CARD-EVIDENCE,,
A&J Hobbies,Markham,ON,http://www.hobbyprosdepot.com/,rc,200,AMBIGUOUS,,\bhobby\b
Advance RC & Hobbies,Markham,ON,https://advancerc.ca/,gundam/models;diecast,200,NO-CARD-EVIDENCE,,
Five Dragons hobbies,Markham,ON,https://www.fivedragonshobby.ca/,no category matched,200,AMBIGUOUS,,\bhobby\b
Horizon Diecast,Markham,ON,https://horizondiecast.com/,diecast,200,NO-CARD-EVIDENCE,,
Not A Hobby Shop & Goose Guzzu Mart,Markham,ON,https://www.notahobby.shop/,gundam/models,200,AMBIGUOUS,,\bhobby\b
Panda Hobby - Canada's Largest Gundam Store,Markham,ON,http://www.pandahobby.ca/,gundam/models;sporting goods,200,AMBIGUOUS,,\bcards?\b|\bhobby\b
Professional Sports Authenticator - PSA Canada,Mississauga,ON,https://www.psacard.com/,no category matched,200,AMBIGUOUS,,\bcards?\b|collectib
Aces Cool Collectibles,North Bay,ON,https://www.ebay.ca/str/acescoolcollectibles,no category matched,200,CARDS-CONFIRMED,\btopps\b|\bwax\s*(box|pack)\b|baseball\s*cards?|psa\s*(graded|slab|10|9)|trading\s*cards?,\bcards?\b|\bcomics?\b|collectib
Addictive Hobbies & Games,Oshawa,ON,https://addictivehobbies.wixsite.com/website,no category matched,200,NO-CARD-EVIDENCE,,
Comic Alley Toys,Oshawa,ON,https://linktr.ee/comicalleytoys?utm_source=linktree_profile_share&ltsid=f56cfd19-af61-4c35-9f99-4ebb1ad7093f,no category matched,200,AMBIGUOUS,,\bcomics?\b
"Fly By Nite Movies, Games, and Toys",Oshawa,ON,https://flybynitecollectibles.square.site/,no category matched,200,NO-CARD-EVIDENCE,,
GNU Books,Oshawa,ON,http://www.gnubooks.net/,no category matched,200,NO-CARD-EVIDENCE,,
Great Hobbies,Oshawa,ON,http://www.greathobbies.com/,gundam/models;diecast;rc,200,AMBIGUOUS,,\bcards?\b
Over The Top Gaming,Oshawa,ON,https://overthetopgaming.ca/,gundam/models,200,AMBIGUOUS,,\bhobby\b
The 3D Shoppe,Oshawa,ON,http://the3dshoppe.ca/,no category matched,200,NO-CARD-EVIDENCE,,
Worlds Collide,Oshawa,ON,http://www.worldscollide.ca/,no category matched,200,NO-CARD-EVIDENCE,,
Xtreme R/C & Raceways,Oshawa,ON,https://www.xtremerc.ca/,no category matched,200,AMBIGUOUS,,\bhobby\b
Buying Sports Cards & Comics,Ottawa,ON,http://cardandcomicbuyer.com/,no category matched,200,AMBIGUOUS,,\bcards?\b|\bcomics?\b
Entertainment Ink!,Ottawa,ON,https://entertainmentink.ca/,no category matched,http-429,UNREACHABLE,,
Kollect This Inc.,Peterborough,ON,https://www.kollectthis.com,no category matched,200,NO-CARD-EVIDENCE,,
HeavyJs Card House,Sarnia,ON,https://www.heavyjs.com,sporting goods,200,CARDS-CONFIRMED,\bbuy\s*list\b|\bbuylist\b,\bcards?\b
Hilltribe Ontario,Sault Ste. Marie,ON,http://www.hilltribeontario.com/?utm_source=gbp,no category matched,http-429,UNREACHABLE,,
Mark's Autographs and Collectables,Sault Ste. Marie,ON,http://stores.ebay.com/marksautographsandcollectables,no category matched,200,CARDS-CONFIRMED,\btopps\b|trading\s*cards?|upper\s*deck,\bcards?\b
The Rad Zone,Sault Ste. Marie,ON,http://www.theradzone.com/,no category matched,200,AMBIGUOUS,,\bcomics?\b
The Trading Post,Sault Ste. Marie,ON,http://trading-post.ca/,no category matched,http-429,UNREACHABLE,,
High Score Gamez,St. Catharines,ON,https://highscoregamez.crystalcommerce.com/,no category matched,200,NO-CARD-EVIDENCE,,
CanGeek Games and Collectibles,Toronto,ON,http://www.cangeek.com/,no category matched,200,NO-CARD-EVIDENCE,,
Cyber City Comix,Toronto,ON,http://cybercitycomix.com/,no category matched,200,AMBIGUOUS,,\bcards?\b|\bcomics?\b
Dbsport Collectibles,Toronto,ON,http://www.dbsport.ca/,no category matched,200,AMBIGUOUS,,collectib
Illusionary,Toronto,ON,http://www.illusionarycollectibles.com/,no category matched,200,NO-CARD-EVIDENCE,,
Xplore Games,Toronto,ON,http://xploregames.ca/,no category matched,200,NO-CARD-EVIDENCE,,
Argama Hobby,Vaughan,ON,http://www.argamahobby.com/,gundam/models,http-429,UNREACHABLE,,
Retro Boyz Collectibles,Vaughan,ON,https://www.longlivethehunt.com/?utm_source=google&utm_medium=wix_google_business_profile&utm_campaign=724417122958267698,no category matched,http-429,UNREACHABLE,,
Toybox Trading Co.,Vaughan,ON,http://toyboxtradingco.square.site/,no category matched,200,NO-CARD-EVIDENCE,,
Cartoon Kingdom,Windsor,ON,http://www.cartoonkingdom.ca/,no category matched,200,AMBIGUOUS,,\bhobby\b|collectib
Cedar Creek Hobbies,Windsor,ON,http://www.cedarcreekhobbies.com/,no category matched,200,AMBIGUOUS,,\bhobby\b|collectib
Digital Oasis,Windsor,ON,http://www.digitaloasis.ca/,no category matched,200,NO-CARD-EVIDENCE,,
Local Comic Shop,Windsor,ON,https://localcomicshop.net/,no category matched,http-429,UNREACHABLE,,
Putali Chowk Board Games & Bar,Windsor,ON,http://www.putalichowk.com/,no category matched,200,NO-CARD-EVIDENCE,,
Rogues Gallery Comics,Windsor,ON,http://rgcomics.com/,no category matched,200,AMBIGUOUS,,\bcards?\b|\bcomics?\b
SOAR Hobby & More,Windsor,ON,http://www.soarhobby.com/,rc,http-429,UNREACHABLE,,
Univers Fantastique,Beloeil,QC,http://www.universfantastique.co/,no category matched,200,NO-CARD-EVIDENCE,,
TW Chicoutimi,Jonquière (Saguenay),QC,https://www.twsportscards.com/,no category matched,200,CARDS-LIKELY,sports?\s*cards?,
La Boîte à BD de Laval,Laval,QC,http://www.laboiteabd.com/,no category matched,200,AMBIGUOUS,,\bcomics?\b
TW Sportcards,Montréal,QC,https://www.twsportscards.com/,no category matched,200,CARDS-LIKELY,sports?\s*cards?,
Les Entreprises Bluenose,Pointe-Claire,QC,https://bluenosecollect.com/,no category matched,200,NO-CARD-EVIDENCE,,
418 Sports,Québec (Charlesbourg),QC,https://marchejeantalon.com/boutique/418-sport/,no category matched,200,NO-CARD-EVIDENCE,,
TW Repentigny,Repentigny,QC,https://www.twsportscards.com/,no category matched,200,CARDS-LIKELY,sports?\s*cards?,
Flawless Victory,Prince Albert,SK,https://www.flawlessvictory.ca/,no category matched,200,AMBIGUOUS,,collectib
The Nut Man (Cards & Collectables),Regina,SK,https://www.nutmanregina.com/,no category matched,200,NO-CARD-EVIDENCE,,
Skies the Limit Fireworks & Toys,Yorkton,SK,https://www.skiesthelimittoys.ca,no category matched,200,NO-CARD-EVIDENCE,,
