name,city,province,website,other_category
Snap! Collectables,Airdrie,AB,http://www.snapcollectables.com/,no category matched
Battle River Sports Excellence,Camrose,AB,http://www.battleriversports.com/,sporting goods
CamroseNextGen Gaming,Camrose,AB,https://sites.google.com/view/camrosenextgengaming/home,no category matched
Holler Collectibles,Camrose,AB,https://holler-computer-services-and-collectibles.square.site/s/shop,no category matched
Quantum Comics & Collectibles,Camrose,AB,http://www.quantumcomics.ca/,no category matched
Retro,Camrose,AB,https://play-here.ca/,no category matched
The Data Base Camrose,Camrose,AB,http://www.thedatabasecamrose.ca/,no category matched
Arkane Angel,Cold Lake,AB,https://www.arkane-angel.ca/?utm_source=google&utm_medium=wix_google_business_profile&utm_campaign=3851568251012994274,no category matched
Capital City Cards & Collectibles,Edmonton,AB,https://www.instagram.com/capitalcitycardsyeg/?hl=en,no category matched
Prisma Games,Edmonton,AB,http://www.prismatcg.com/,sporting goods
Strange Ideas Comics and Collectibles,Grande Prairie,AB,https://www.strangeideascomics.ca/,no category matched
Evolution Sports Excellence,Leduc,AB,https://evolutionsportsexcellence.com/,sporting goods
King Arthur's Collectibles,Lethbridge,AB,https://www.ebay.ca/str/kingarthurscollectiblescanada?mkcid=16&mkevt=1&mkrid=711-127632-2357-0&ssspo=aZbMmwG3Tr6&sssrc=3418065&ssuid=aZbMmwG3Tr6&widget_ver=artemis&media=COPY,no category matched
Avalon Hobbies,Medicine Hat,AB,http://www.avalonhobbies.com/,gundam/models;diecast;rc
Games Galore & The Billiard Store,Medicine Hat,AB,http://www.gamesgalore.ca/,no category matched
Sports Closet,Sherwood Park,AB,https://sportscloset.ca/,sporting goods
Hyper Games Chamber,Slave Lake,AB,https://www.hypergameschamber.ca,no category matched
Paradise Games and Customs,Spruce Grove,AB,http://paradisegames.ca/,no category matched
Sports Closet,St. Albert,AB,https://sportscloset.ca/,sporting goods
ThunderGround Comics And Collectibles,St. Albert,AB,http://www.thundergroundcomics.com/,no category matched
Go Go Hobbies,Coquitlam,BC,http://www.gogohobbies.ca/,no category matched
Blue Moon Collectables,Delta (Ladner),BC,https://www.bluemooncollectables.com/,no category matched
SN Hobbies,New Westminster,BC,https://www.snhobbies.com/,rc
Ebenezer's Comics & Collectibles,Vernon,BC,https://www.ebenezers.ca/,no category matched
K&B Hobbies and Games,Vernon,BC,https://www.kbhobbies.com/,no category matched
Box Of Cards (Sports Cards),Aurora,ON,http://www.boxofcards.ca/,no category matched
Box Of Cards (Sports Cards),Barrie,ON,https://boxofcards.ca/,no category matched
Doug Laurie Sports,Barrie,ON,http://www.douglauriesports.com/,no category matched
Ideal Hobbies,Barrie,ON,http://www.idealhobbies.com/,gundam/models;rc
Video Time,Barrie,ON,http://www.videotime.ca/,no category matched
Stephen Licence Bicycles & Hobbies,Belleville,ON,https://stephenlicence.my.canva.site/stephenlicence/,no category matched
Rolls and Realms Inc.,Brantford,ON,https://www.rollsandrealms.ca/,no category matched
Hall Of Fame Collection,Burlington,ON,http://racinghalloffamecollection.com/,no category matched
Forbes Hobbies,Cambridge,ON,https://www.forbeshobbies.ca,no category matched
Docs hobby shop,Greater Sudbury,ON,https://docs-hobby-shop.myshopify.com/,gundam/models
Great White North Pottery Supplies,Greater Sudbury,ON,http://www.gwnpottery.ca/,no category matched
Nepal Handicrafts,Greater Sudbury,ON,http://www.nepalhandicraftsontario.com/,no category matched
Valixya,Greater Sudbury,ON,https://valixya.ca/,no category matched
Brodie's Gaming,Guelph,ON,http://brodiesgaming.ca/,no category matched
Royal Cat Records,Guelph,ON,http://royalcatrecords.blogspot.ca/,no category matched
The Beat Goes On,Guelph,ON,http://www.beatgoeson.com/,gundam/models
The Bookshelf,Guelph,ON,https://bookshelf.ca/,no category matched
Burdin's Comics,Hamilton,ON,http://www.burdinscomics.com/,no category matched
Digital Grade Submissions,Hamilton,ON,http://www.digitalgrade.io/,no category matched
Never Board Games Lounge,Hamilton,ON,https://neverboardgames.ca/,no category matched
Retrosaurus,Hamilton,ON,http://retrosaurus.ca/,no category matched
The Dragon's Lair Unleashed,Hamilton,ON,http://www.dragonslairunleashed.com/,no category matched
Art Noise,Kingston,ON,http://shop.artnoise.ca/,no category matched
Chumleighs,Kingston,ON,http://www.chumleighs.com/,no category matched
Minotaur Games and Gifts,Kingston,ON,http://www.minotaurgifts.com/,greeting cards
Novel Idea,Kingston,ON,http://novelideabooks.ca/wp/,greeting cards
The Rocking Horse Toys,Kingston,ON,http://www.therockinghorse.ca/,no category matched
Tom Tech Repairs & Game Vault Kingston,Kingston,ON,https://games.tomtechrepairs.ca/,no category matched
Cellular Magician,London,ON,https://www.cellularmagician.ca/,no category matched
Game Cycle Hamilton Road,London,ON,http://www.gamecycle.ca/,no category matched
Game Cycle London Wharncliffe,London,ON,http://www.gclw.ca/,no category matched
Hi-Times (Head Shop + Indoor Growing Equipment +Indoor Grow Shop Hydroponics,London,ON,http://hitimes.ca/,no category matched
Pokanada (Sealed Pokemon section inside pharmacy),London,ON,http://www.pokanada.ca/,no category matched
Seven Sisters Ritual Apothecary,London,ON,http://sevensisters.ca/,sporting goods
Warhammer,London,ON,https://www.warhammer.com/?utm_source=Google&utm_medium=Yext,no category matched
A&J Hobbies,Markham,ON,http://www.hobbyprosdepot.com/,rc
Advance RC & Hobbies,Markham,ON,https://advancerc.ca/,gundam/models;diecast
Five Dragons hobbies,Markham,ON,https://www.fivedragonshobby.ca/,no category matched
Horizon Diecast,Markham,ON,https://horizondiecast.com/,diecast
Not A Hobby Shop & Goose Guzzu Mart,Markham,ON,https://www.notahobby.shop/,gundam/models
Panda Hobby - Canada's Largest Gundam Store,Markham,ON,http://www.pandahobby.ca/,gundam/models;sporting goods
Professional Sports Authenticator - PSA Canada,Mississauga,ON,https://www.psacard.com/,no category matched
Aces Cool Collectibles,North Bay,ON,https://www.ebay.ca/str/acescoolcollectibles,no category matched
Addictive Hobbies & Games,Oshawa,ON,https://addictivehobbies.wixsite.com/website,no category matched
Comic Alley Toys,Oshawa,ON,https://linktr.ee/comicalleytoys?utm_source=linktree_profile_share&ltsid=f56cfd19-af61-4c35-9f99-4ebb1ad7093f,no category matched
"Fly By Nite Movies, Games, and Toys",Oshawa,ON,https://flybynitecollectibles.square.site/,no category matched
GNU Books,Oshawa,ON,http://www.gnubooks.net/,no category matched
Great Hobbies,Oshawa,ON,http://www.greathobbies.com/,gundam/models;diecast;rc
Over The Top Gaming,Oshawa,ON,https://overthetopgaming.ca/,gundam/models
The 3D Shoppe,Oshawa,ON,http://the3dshoppe.ca/,no category matched
Worlds Collide,Oshawa,ON,http://www.worldscollide.ca/,no category matched
Xtreme R/C & Raceways,Oshawa,ON,https://www.xtremerc.ca/,no category matched
Buying Sports Cards & Comics,Ottawa,ON,http://cardandcomicbuyer.com/,no category matched
Entertainment Ink!,Ottawa,ON,https://entertainmentink.ca/,no category matched
Kollect This Inc.,Peterborough,ON,https://www.kollectthis.com,no category matched
HeavyJs Card House,Sarnia,ON,https://www.heavyjs.com,sporting goods
Hilltribe Ontario,Sault Ste. Marie,ON,http://www.hilltribeontario.com/?utm_source=gbp,no category matched
Mark's Autographs and Collectables,Sault Ste. Marie,ON,http://stores.ebay.com/marksautographsandcollectables,no category matched
The Rad Zone,Sault Ste. Marie,ON,http://www.theradzone.com/,no category matched
The Trading Post,Sault Ste. Marie,ON,http://trading-post.ca/,no category matched
High Score Gamez,St. Catharines,ON,https://highscoregamez.crystalcommerce.com/,no category matched
CanGeek Games and Collectibles,Toronto,ON,http://www.cangeek.com/,no category matched
Cyber City Comix,Toronto,ON,http://cybercitycomix.com/,no category matched
Dbsport Collectibles,Toronto,ON,http://www.dbsport.ca/,no category matched
Illusionary,Toronto,ON,http://www.illusionarycollectibles.com/,no category matched
Xplore Games,Toronto,ON,http://xploregames.ca/,no category matched
Argama Hobby,Vaughan,ON,http://www.argamahobby.com/,gundam/models
Retro Boyz Collectibles,Vaughan,ON,https://www.longlivethehunt.com/?utm_source=google&utm_medium=wix_google_business_profile&utm_campaign=724417122958267698,no category matched
Toybox Trading Co.,Vaughan,ON,http://toyboxtradingco.square.site/,no category matched
Cartoon Kingdom,Windsor,ON,http://www.cartoonkingdom.ca/,no category matched
Cedar Creek Hobbies,Windsor,ON,http://www.cedarcreekhobbies.com/,no category matched
Digital Oasis,Windsor,ON,http://www.digitaloasis.ca/,no category matched
Local Comic Shop,Windsor,ON,https://localcomicshop.net/,no category matched
Putali Chowk Board Games & Bar,Windsor,ON,http://www.putalichowk.com/,no category matched
Rogues Gallery Comics,Windsor,ON,http://rgcomics.com/,no category matched
SOAR Hobby & More,Windsor,ON,http://www.soarhobby.com/,rc
Univers Fantastique,Beloeil,QC,http://www.universfantastique.co/,no category matched
TW Chicoutimi,Jonquière (Saguenay),QC,https://www.twsportscards.com/,no category matched
La Boîte à BD de Laval,Laval,QC,http://www.laboiteabd.com/,no category matched
TW Sportcards,Montréal,QC,https://www.twsportscards.com/,no category matched
Les Entreprises Bluenose,Pointe-Claire,QC,https://bluenosecollect.com/,no category matched
418 Sports,Québec (Charlesbourg),QC,https://marchejeantalon.com/boutique/418-sport/,no category matched
TW Repentigny,Repentigny,QC,https://www.twsportscards.com/,no category matched
Flawless Victory,Prince Albert,SK,https://www.flawlessvictory.ca/,no category matched
The Nut Man (Cards & Collectables),Regina,SK,https://www.nutmanregina.com/,no category matched
Skies the Limit Fireworks & Toys,Yorkton,SK,https://www.skiesthelimittoys.ca,no category matched
