Store Name,City,Address,Rating,Hours,Phone,Website,Social Media Links,Services,Sports/TCG Available,lat,lng
Mintink Ajax,Ajax,"1965 Salem Rd N Unit #3, Ajax, ON L1T 0J9",,,,https://www.mintink.ca,https://instagram.com/mintink10,Sells;Sells Wax;Trade Nights,Hockey;Baseball;Basketball;Football;Pokemon;Magic;Other,43.89700,-79.02875
Rival Cards,Ajax,"100 Westney Rd S Unit 14, Ajax, ON L1S 7H3",,,905-426-2451,https://rivalcards.com,https://instagram.com/rivalcards,Buys;Sells;Trades Singles;Grading Services;Sells Wax;Trade Nights,Hockey;Baseball;Basketball;Football;Pokemon;Magic;Other,43.84718,-79.04054
TheSix YGO,Ajax,"25 Watersplace Ave, Ajax, ON L1Z 0H5, Canada",,,647-770-8277,,,,,43.89833,-79.02581
Box Of Cards (Sports Cards),Aurora,"41 Industrial Pkwy S, Aurora, ON L4G 3Y5",,,(905) 713-1734,http://www.boxofcards.ca/,,,Hockey;Baseball;Basketball;Football,43.99957,-79.45808
Big B Comics,Barrie,"45 Essa Rd, Barrie, ON L4N 3K4",,,(705) 739-1513,http://www.bigbbarrie.com/,,,Pokemon;Magic;Other,44.37306,-79.69191
Box Of Cards (Sports Cards),Barrie,"12 Commerce Park Dr c, Barrie, ON L4N 8W8",,,(249) 388-3009,https://boxofcards.ca/,,,Hockey;Baseball;Basketball;Football,44.33042,-79.68691
Doug Laurie Sports,Barrie,"Bayfield Mall, Rear entrance by MTO & Bowlerama Back of mall behind Canadian Tire, 320 Bayfield St Unit 107, Barrie, ON L4M 3C1",,,(705) 503-2800,http://www.douglauriesports.com/,,,Hockey;Baseball;Basketball;Football,44.40088,-79.70312
Gamer's Lair Ltd.,Barrie,"274 Burton Ave Unit 33, Barrie, ON L4N 5W4",,,(705) 481-7774,http://www.gamerslair.ca/,,,Pokemon;Magic;Other,44.36994,-79.67323
Ideal Hobbies,Barrie,"12 Commerce Park Dr, Barrie, ON L4N 8W8, Canada",,,705-725-9965,http://www.idealhobbies.com/,,,Pokemon;Magic;Other,44.33042,-79.68691
Loot Kingdom,Barrie,"159A Anne St S, Barrie, ON L4N 2E4",,,(705) 730-0088,http://www.lootkingdom.com/,,,,44.37193,-79.69647
Northern realm cards comics and games,Barrie,,,,(705) 220-3819,,,,Pokemon;Magic;Other,,
OMG Games,Barrie,"130 Bell Farm Rd Unit#10, Barrie, ON L4M 6J4",,,(705) 721-4263,http://www.omggames.ca/,,,Pokemon;Magic;Other,44.41110,-79.67670
Pokémon TCG Store,Barrie,"1 Irish Ln, Barrie, ON L4M 6H8",,,(202) 643-0559,https://wa.me/message/4G23PO7DGGGFE1,,,Pokemon;Magic;Other,44.40268,-79.66259
Power Up Gaming,Barrie,"490 Mapleview Dr W #5, Barrie, ON L4N 6C3",,,(705) 503-4263,http://www.powerupgaming.ca/,,,Pokemon;Magic;Other,44.32675,-79.72568
Retro Chase Games,Barrie,,,,(705) 252-4273,https://www.facebook.com/Retro-Chase-Games-106143135018214/,,,Pokemon;Magic;Other,,
Sell Your Pokemon Cards,Barrie,"22024 RPO, Big Bay Point Rd, Barrie, ON L4N 0Z5",,,(647) 564-8344,https://ca.sellccg.com/location/,,,Pokemon,44.36816,-79.63013
Sir Games-A-Lot,Barrie,"320 Bayfield St, Barrie, ON L4M 3C1",,,(705) 719-1291,,,,Pokemon;Magic;Other,44.40088,-79.70312
Video Time,Barrie,"157 Bayfield St, Barrie, ON L4M 3B4",,,(705) 722-7383,http://www.videotime.ca/,,,,44.39439,-79.69395
Stephen Licence Bicycles & Hobbies,Belleville,"288 Front St, Belleville, ON K8N 2Z8, Canada",,,613-966-6900,https://stephenlicence.my.canva.site/stephenlicence/,,,Pokemon;Magic;Other,44.16604,-77.38546
Mint Sports Cards & Collectibles,Bolton,"18 King St E D7, Bolton, ON L7E 1E8",,,(647) 335-8142,http://www.mintsportscardsandcollectibles.com/,,,Hockey;Baseball;Basketball;Football,43.87998,-79.73717
Cardboard Memories Inc.,Brampton,"Brampton, ON (Heart Lake District)",,,,https://www.cardboardmemories.ca,https://www.facebook.com/cardboard.memories,Buys;Sells;Sells Wax;Trade Nights,Hockey;Baseball;Basketball;Football;Pokemon;Magic;Other,50.99092,-87.58370
Doe's Cards,Brampton,"1-62 Commuter Dr, Brampton, ON L7A 2W3",,,905-843-5551,https://doescards.ca,https://instagram.com/doescards,Sells;Sells Wax,Hockey;Baseball;Basketball;Football;Pokemon;Other,43.67783,-79.82434
Dragon World Card Games & Collectibles,Brampton,"22 Main St S, Brampton, ON L6W 2C3",,,905-965-0965,https://dragontcg.crystalcommerce.com,https://www.facebook.com/dragonworldgames,Sells,Pokemon;Magic;Other,43.68559,-79.75913
FeARoCards,Brampton,"Meltwater Cres, Brampton, ON L6P 3W6",,,(647) 786-5408,https://fearocards.ca/,,,,43.79480,-79.67521
Gateway Cards & Sports,Brampton,"499 Main St S Unit 58 (Shoppers World), Brampton, ON L6Y 1N7",,,,https://www.gatewaycards.ca,,Sells;Sells Wax,Hockey;Baseball;Basketball;Football;Pokemon;Magic;Other,43.66598,-79.73763
Rolls and Realms Inc.,Brantford,"207 Colborne St W #1, Brantford, ON N3T 1L6",,,(519) 494-0606,https://www.rollsandrealms.ca/,,,,43.13175,-80.28020
Breakers Choice,Burlington,"431 Brock Ave, Burlington, ON L7S 1M8",,,905-333-8926,https://breakerschoice.com,,Buys;Sells;Trades Singles,Hockey;Baseball;Basketball;Football;Other,43.32069,-79.80154
Hall Of Fame Collection,Burlington,"1220 Corporate Dr, Burlington, ON L7L 5R7",,,,http://racinghalloffamecollection.com/,,,,43.38169,-79.78535
Forbes Hobbies,Cambridge,"626 King St E, Cambridge, ON N3H 3N6",,,,https://www.forbeshobbies.ca,https://www.facebook.com/forbes.hobbies,Sells;Trade Nights,Magic;Pokemon;Other,43.39606,-80.35938
MK Kards,Cambridge,"48 Queen St E Unit 11, Cambridge, ON N3C 2A8",,,519-260-2646,https://mkkards.com,,Sells,Hockey;Other;Pokemon,43.43212,-80.30866
Kwon & Tin's Hobby Shop,Concord,"14 Connie Crescent Unit 5, Concord, ON L4K 1L6, Canada",,,,,,,Pokemon;Magic;Other,43.82110,-79.48935
Total Sports Cards & Collectibles,Etobicoke,"3505 Lake Shore Blvd W, Etobicoke, ON",,,905-808-4560,https://totalsportcards.com,https://www.instagram.com/totalsportscardss,Sells,Hockey;Baseball;Basketball;Football;Pokemon;Other,43.59470,-79.53163
BFireBallDragon,Greater Sudbury,"1490 Main St, Val Caron, ON P3N 1P8",,,(226) 201-3662,http://bfireballdragon.com/,,,Pokemon;Magic;Other,46.61059,-81.00275
Card Chop 77,Greater Sudbury,"Ravina Ave, Greater Sudbury, ON P3L 1A7",,,(705) 207-2398,,,,,46.56080,-80.86892
Comics North,Greater Sudbury,"106 Elm St, Greater Sudbury, ON P3C 1T5",,,(705) 674-1015,https://www.facebook.com/comicsnorthhiddenlevelgames/,,,Pokemon;Magic;Other,46.49327,-80.99861
Diadem Cards & Hobbies,Greater Sudbury,"166 Douglas St W, Greater Sudbury, ON P3E 1G1",,,(705) 815-2273,https://231405-3.myshopify.com/,,,Pokemon;Magic;Other,46.48604,-81.00181
Docs hobby shop,Greater Sudbury,"92 Kitchener Ave, Greater Sudbury, ON P3B 2Y8, Canada",,,705-671-6111,https://docs-hobby-shop.myshopify.com/,,,Pokemon;Magic;Other,46.49499,-80.97885
Great Canadian Card Co,Greater Sudbury,"Sudbury, ON P3A 1Z6",,,705-566-5093,,,Sells,Hockey;Baseball;Basketball;Football;Other,46.52430,-80.90196
Great Canadian Games & Hobbies,Greater Sudbury,"1410 Lasalle Blvd, Greater Sudbury, ON P3A 1Z6",,,(705) 566-5093,https://www.facebook.com/GreatCanadianGames/,,,Pokemon;Magic;Other,46.52217,-80.94473
Great White North Pottery Supplies,Greater Sudbury,"1305 Kelly Lake Rd Unit 3, Greater Sudbury, ON P3E 5P5",,,(705) 586-1080,http://www.gwnpottery.ca/,,,,46.46502,-81.03106
Nepal Handicrafts,Greater Sudbury,"Unit 159, Elm Place, Downtown Mall, 40 Elm St, Greater Sudbury, ON P3C 1S8",,,(705) 673-7149,http://www.nepalhandicraftsontario.com/,,,,46.49392,-80.99273
Retro Relics,Greater Sudbury,"4764 Regional Rd 15, Chelmsford, ON P0M 1L0",,,(705) 929-8622,https://www.facebook.com/profile.php?id=61550925574309&mibextid=9R9pXO,,,,46.57095,-81.18314
Slab Labs TCG,Greater Sudbury,"4665 Notre Dame Ave, Hanmer, ON P3P 1X5",,,(705) 988-0688,http://slablabstcg.com/,,,Pokemon;Magic;Other,46.65572,-80.94513
Valixya,Greater Sudbury,"1861 Lasalle Blvd, Greater Sudbury, ON P3A 2A3",,,(249) 360-5255,https://valixya.ca/,,,,46.52178,-80.92960
Brodie's Gaming,Guelph,"304 Stone Rd W #10, Guelph, ON N1G 3C4",,,(519) 831-3144,http://brodiesgaming.ca/,,,Pokemon;Magic;Other,43.51810,-80.23411
Cameron Cards,Guelph,"55 Castlebury Dr, Guelph, ON N1K 1X2",,,(519) 822-2131,,,,,43.52812,-80.27282
Microplay Video Games & Collectibles,Guelph,"130 Silvercreek Pkwy N, Guelph, ON N1H 7Y5",,,(519) 823-2622,https://microplayvideogames.ca/,,,Pokemon;Magic;Other,43.54026,-80.28167
Royal Cat Records,Guelph,"21 Macdonell St, Guelph, ON N1H 2Z3",,,(519) 821-7442,http://royalcatrecords.blogspot.ca/,,,,43.54390,-80.24940
SCAHub Marketplace,Guelph,"585 Hanlon Creek Boulevard Unit 24, Guelph, ON N1C 0A1",,,(548) 333-1072,https://scahub.ca/,,,,43.49323,-80.23160
Simply Wonderful Toys & Gizmos Inc,Guelph,"10 Paisley St, Guelph, ON N1H 2N6",,,(519) 824-5682,http://www.simplywonderfultoys.ca/,,,,43.54488,-80.25279
The Beat Goes On,Guelph,"23 Wellington St E, Guelph, ON N1H 3R7",,,(519) 823-5341,http://www.beatgoeson.com/,,,,43.54196,-80.24356
The Bookshelf,Guelph,"41 Quebec St, Guelph, ON N1H 2T1",,,(519) 821-3311,https://bookshelf.ca/,,,,43.54542,-80.25046
The Dragon,Guelph,"55 Wyndham St N T-19B, Guelph, ON N1H 7T8",,,(519) 763-5544,http://www.dragonguelph.com/,,,Pokemon;Magic;Other,43.54607,-80.24816
The Trading Post,Guelph,"32 Essex St, Guelph, ON N1H 3K8",,,(519) 822-0505,https://roundtabletavern.crystalcommerce.com/,,,,43.54116,-80.24888
TKO Toy Co,Guelph,"435 Stone Rd W (Stone Road Mall), Guelph, ON N1G 2X6",,,,https://tkotoyco.com,https://www.facebook.com/tkotoyco,Sells;Trade Nights,Pokemon;Magic;Other,43.51861,-80.23740
Wyndham Art Supplies,Guelph,"125 Wyndham St N Unit a, Guelph, ON N1H 4E9",,,(519) 767-1317,https://www.wyndhamartsupplies.com/,,,,43.54716,-80.24990
1UP Games,Hamilton,"777 King St W, Hamilton, ON L8S 1K2",,,(905) 228-3331,https://www.1upgames.ca/,,,Pokemon;Magic;Other,43.26206,-79.89715
Big B Comics,Hamilton,"1045 Upper James St, Hamilton, ON L9C 3A6",,,(905) 318-9636,http://www.bigbcomics.com/,,,Pokemon;Magic;Other,43.22106,-79.88438
Black Knight Games,Hamilton,"864 Mohawk Rd E, Hamilton, ON L8T 2R5",,,(905) 296-3401,https://blackknightgames.ca/,,,Pokemon;Magic;Other,43.21673,-79.83363
Bottom Cardz,Hamilton,"1541 Main St E, Hamilton, ON L8K 1E3",,,(365) 366-7271,,,,,43.23886,-79.80385
Breakaway Sports Cards,Hamilton,"65 Wilson St W Unit 14, Ancaster, ON L9G 1N1",,,(289) 239-9544,http://www.breakawaysc.com/,,,Hockey;Baseball;Basketball;Football,43.21652,-79.99060
Burdin's Comics,Hamilton,"665 Barton Street East REAR DOOR, Hamilton, ON L8L 3A3",,,(905) 312-6642,http://www.burdinscomics.com/,,,Pokemon;Magic;Other,43.25678,-79.83671
Conspiracy Comics Games & Anime,Hamilton,"999 Upper Wentworth St, Hamilton, ON L9A 4X5",,,(905) 318-5141,https://conspiracycomics.com/,,,Pokemon;Magic;Other,43.21750,-79.86173
Dark Fox TCG,Hamilton,"730 Upper James St, Hamilton, ON L9C 2Z9",,,(905) 385-1338,http://darkfoxtcg.com/,,,Pokemon;Magic;Other,43.23096,-79.88132
Digital Grade Submissions,Hamilton,"1063 King St W #263, Hamilton, ON L8S 4S3",,,(905) 541-2273,http://www.digitalgrade.io/,,,,43.26164,-79.90714
Heroes N' Legends,Hamilton,"100 King St W, Hamilton, ON L8P 1A2",,,(905) 393-1110,https://m.facebook.com/HNLJackson/,,,,43.25737,-79.87018
M4 Sports Cards and Collectibles,Hamilton,"596 Concession St, Hamilton, ON L8V 2W5",,,(289) 389-1960,http://m4cardstore.ca/,,,Hockey;Baseball;Basketball;Football,43.24034,-79.85057
Mancala Monk Board Game Cafe Hamilton,Hamilton,"1229 Cannon St E, Hamilton, ON L8H 1T8",,,(905) 393-6815,http://www.mancalamonk.com/,,,Pokemon;Magic;Other,43.24752,-79.81659
MyPops.ca Hamilton Toys & Funko & TCG,Hamilton,"75 Centennial Pkwy N Unit B002B, Hamilton, ON L8E 2P2",,,(905) 410-2226,https://www.mypops.ca/,,,Pokemon;Magic;Other,43.23070,-79.76393
Never Board Games Lounge,Hamilton,"784 Concession St Unit 11, Hamilton, ON L8V 1C9",,,(905) 385-5454,https://neverboardgames.ca/,,,Pokemon;Magic;Other,43.23841,-79.84253
ParadoxTCG,Hamilton,"1354 Barton St E, Hamilton, ON L8H 2W3",,,(365) 476-3412,https://paradoxtcg.com/,,,Pokemon;Magic;Other,43.24873,-79.80510
Retrosaurus,Hamilton,"203 Main St E, Hamilton, ON L8N 1H2",,,(289) 682-8697,http://retrosaurus.ca/,,,,43.25352,-79.86135
Rookies Sports Cards & Collectibles,Hamilton,"720 Upper James St Unit #4, Hamilton, ON L9C 2Z9",,,905-318-7000,https://rookiessportscards.com,,Buys;Sells;Sells Wax,Hockey;Baseball;Basketball;Football;Pokemon;Other,43.23157,-79.88086
The Bard and Bear Games Cafe Hamilton,Hamilton,"237 James St N, Hamilton, ON L8R 2L2",,,(905) 523-0739,https://thebardandbear.ca/,,,Pokemon;Magic;Other,43.26272,-79.86665
The Dragon's Lair Unleashed,Hamilton,"298 Ottawa St N, Hamilton, ON L8H 3Z9",,,(905) 547-0236,http://www.dragonslairunleashed.com/,,,Pokemon;Magic;Other,43.25038,-79.81628
Tistaminis,Hamilton,"162 Parkdale Ave N, Hamilton, ON L8H 5X2",,,(905) 667-5307,http://tistaminis.com/,,,,43.24070,-79.78981
Top Games,Hamilton,"1099 Fennell Ave E, Hamilton, ON L8T 1S1",,,(905) 318-9812,,,,Pokemon;Magic;Other,43.22602,-79.83026
Waypoint Games,Hamilton,"1042 Garner Rd W Unit A105, Hamilton, ON L9G 0J2",,,(289) 443-7111,http://www.waypointgames.ca/,,,Pokemon;Magic;Other,43.19568,-80.01516
"Webber's Balloons, Cards and Collectibles",Hamilton,"1466 Main St E, Hamilton, ON L8K 1C6",,,(905) 581-2538,https://www.webberscards.ca/,,,Hockey;Baseball;Basketball;Football;Other,43.23968,-79.80765
Up North Games,Huntsville,"44 Main St E, Huntsville, ON P1H 2C7, Canada",,,(705) 784-0784,http://www.upnorthgames.ca/,,,Pokemon;Magic;Other,45.32687,-79.21744
Action Packed Comics & Games,Kingston,"724 Princess St, Kingston, ON K7L 1G2",,,(613) 547-5730,http://actionpackedcomics.com/,,,Pokemon;Magic;Other,44.23821,-76.50513
Art Noise,Kingston,"290 Princess St, Kingston, ON K7L 1B5",,,(613) 767-7860,http://shop.artnoise.ca/,,,,44.23235,-76.48855
Booster House,Kingston,"635 MacDonnell St #1, Kingston, ON K7K 4X2",,,,http://www.boosterhouse.ca/,,,,44.24422,-76.50599
Chumleighs,Kingston,"699 Gardiners Rd, Kingston, ON K7M 3Y4",,,(613) 507-3377,http://www.chumleighs.com/,,,,44.24624,-76.56879
DD ZX,Kingston,"256 Bagot St, Kingston, ON K7L 3G5",,,,,,,,44.23114,-76.48464
Game Over,Kingston,"11 Hickson Ave, Kingston, ON K7K 2N4",,,,http://facebook.com/ygkgameover,,,Pokemon;Magic;Other,44.25321,-76.48539
Improbable Escapes: Board Game Lounge,Kingston,"500 Gardiners Rd Unit 12A, Kingston, ON K7M 7W9",,,(613) 561-1684,http://shop.improbableescapes.com/,,,Pokemon;Magic;Other,44.23613,-76.56649
Kingston Card Den,Kingston,"699 Gardiners Rd Unit 3a, Kingston, ON K7M 3Y4",,,(343) 580-8242,https://kingstoncardden.ca/,,,,44.24624,-76.56879
Kingston Gaming Nexus,Kingston,"270 Bagot St, Kingston, ON K7L 3G4",,,(613) 546-2565,http://kingstonnexus.ca/,,,Pokemon;Magic;Other,44.23144,-76.48457
Minotaur Games and Gifts,Kingston,"78 Princess St, Kingston, ON K7L 1A5",,,(613) 545-2308,http://www.minotaurgifts.com/,,,Pokemon;Magic;Other,44.23129,-76.48178
MMLorcana,Kingston,"19 Macpherson Ave #11, Kingston, ON K7M 6W4",,,(514) 664-4271,https://mmlorcana.ca/,,,,44.23689,-76.51767
Novel Idea,Kingston,"156 Princess St Ste 201, Kingston, ON K7L 0B6",,,(613) 546-9799,http://novelideabooks.ca/wp/,,,,44.23173,-76.48441
Pickers World Next Gen,Kingston,"2447 Princess St, Kingston, ON K0H 1S9",,,(613) 572-1097,,,,,44.25784,-76.55947
prison island roblox,Kingston,"994 Hudson Dr, Kingston, ON K7M 6E1",,,,,,,,44.24528,-76.58992
SBT Comics & Games,Kingston,"699 Gardiners Rd Unit 3, Kingston, ON K7M 3Y4",,,(613) 634-9551,http://www.sbtcomics.com/,,,Pokemon;Magic;Other,44.24624,-76.56879
The Rocking Horse Toys,Kingston,"193 Princess St, Kingston, ON K7L 1B1",,,(613) 548-4222,http://www.therockinghorse.ca/,,,,44.23219,-76.48536
TheAthleticMaple,Kingston,"63 Hill St, Kingston, ON K7L 2M6",,,(778) 847-5573,,,,,44.22777,-76.50709
Tom Tech Repairs & Game Vault Kingston,Kingston,"753 King St W, Kingston, ON K7M 2G4",,,(613) 893-6115,https://games.tomtechrepairs.ca/,,,Pokemon;Magic;Other,44.22076,-76.52284
Chimera Gaming,Kitchener,"700 Strasburg Rd Unit 31, Kitchener, ON N2E 2M2",,,(226) 647-8746,http://www.chimeragamingonline.com/,,,Pokemon;Magic;Other,43.41320,-80.48007
CloutsnChara Sports Cards,Kitchener,"645 Victoria St N, Kitchener, ON N2H 5G3",,,519-954-8278,https://cloutsnchara.com,https://www.facebook.com/CloutsnChara,Buys;Sells;Trades Singles;Sells Wax,Hockey;Baseball;Basketball;Football;Pokemon;Magic;Other,43.46076,-80.47328
Beyond The Pond Sportcards,London,"London, ON",,,,https://beyondthepond.ca,https://www.facebook.com/111744666878615,Buys;Sells;Trades Singles;Sells Wax,Hockey;Other,43.01123,-81.20028
Beyond the Pond Sports Cards and Collectables,London,"1615 N Routledge Park, London, ON N6H 5L6",,,(519) 476-0101,http://www.beyondthepond.ca/,,,Hockey;Baseball;Basketball;Football,43.00079,-81.33587
Card Cycle,London,"611 Wonderland Rd N #9a, London, ON N6H 4V6",,,,https://cardcycle.ca/,,,,42.98149,-81.28958
Cellular Magician,London,"1225 Wonderland Rd N, London, ON N6G 4X1",,,(519) 697-1675,https://www.cellularmagician.ca/,,,Magic,43.00500,-81.30514
EA Collectibles,London,"410 Third St, London, ON N5W 4W6",,,(519) 852-3570,https://www.eacollectibles.com/,,,Hockey;Baseball;Basketball;Football;Other,43.00242,-81.18534
Forest City Coins & Stamps,London,"354 Richmond St, London, ON N6A 3C7",,,(519) 434-3355,https://forestcitycollectibles.com/,,,,42.98226,-81.24863
Game Cycle Hamilton Road,London,"972 Hamilton Rd, London, ON N5W 1A5",,,(519) 601-1299,http://www.gamecycle.ca/,,,Pokemon;Magic;Other,42.97783,-81.19188
Game Cycle London Wharncliffe,London,"79 Wharncliffe Rd S, London, ON N6J 2J8",,,(519) 601-8990,http://www.gclw.ca/,,,Pokemon;Magic;Other,42.97596,-81.26261
Game Knight Leagues,London,"38 Adelaide St N Unit 2A, London, ON N6B 3N5",,,(519) 914-5311,http://www.gameknightleagues.com/,,,Pokemon;Magic;Other,42.97749,-81.22523
Gamers Emporium,London,"1634 Hyde Park Rd, London, ON N6H 0L5",,,(519) 619-5281,http://gamersemporium.ca/,,,Pokemon;Magic;Other,42.99983,-81.33320
Heaven's Collectibles & TCG,London,"LL1, 190 Wortley Rd Lower Level 1, London, ON N6C 4Y7",,,(548) 888-1216,https://heavenscollectibles.ca/,,,Pokemon;Magic;Other,42.97136,-81.25195
Heroes Comics,London,"186 Dundas St, London, ON N6A 1G7",,,(519) 439-4955,https://heroescomics.ca/,,,Pokemon;Magic;Other,42.98415,-81.24885
Hi-Times (Head Shop + Indoor Growing Equipment +Indoor Grow Shop Hydroponics,London,"360 Richmond St, London, ON N6A 3C7",,,(519) 858-1533,http://hitimes.ca/,,,,42.98229,-81.24865
L. A. Mood Comics & Games,London,"100 Kellogg Ln Ste 5, London, ON N5W 0B4",,,(519) 432-3987,https://lamoodcomics.ca/,,,Pokemon;Magic;Other,42.99208,-81.21389
Neo Tokyo The Anime Store,London,"472 Hamilton Rd, London, ON N5Z 1R9",,,(519) 642-7862,http://www.neotokyo.ca/,,,Pokemon;Magic;Other,42.98069,-81.21788
Players Cards and Collectibles,London,"639 Southdale Rd E, London, ON N6E 3M2",,,(519) 601-7529,http://playerscandc.com/,,,Hockey;Baseball;Basketball;Football;Other,42.94171,-81.22812
Pokanada (Sealed Pokemon section inside pharmacy),London,"Inside TMC pharmacy, 990 Gainsborough Rd, London, ON N6H 5L4",,,,http://www.pokanada.ca/,,,Pokemon,42.99868,-81.32908
Premium Sports Cards,London,"201 Exeter Rd Unit D, London, ON N6L 1A4",,,(519) 203-2273,http://premiumsportscards.ca/,,,Hockey;Baseball;Basketball;Football,42.91995,-81.26056
Realm Hoppers,London,"100 Veronica Ave, London, ON N5Z 3M9",,,(519) 719-7294,https://realmhoppers.com/,,,,42.97208,-81.21800
Seven Sisters Ritual Apothecary,London,"129 Dundas St, London, ON N6A 1E8",,,(519) 672-9273,http://sevensisters.ca/,,,,42.98323,-81.25089
The Game Chamber,London,"525 First St Unit 7, London, ON N5V 1Z5",,,(519) 601-4263,http://www.thegamechamber.com/,,,Pokemon;Magic;Other,43.00327,-81.19674
The Mana Lounge,London,"256 Dundas St, London, ON N6A 1H3",,,(519) 434-8822,http://www.manalounge.ca/,,,,42.98489,-81.24619
Warhammer,London,"White Oaks Mall, 1105 Wellington Rd Unit 411, London, ON N6E 1V4",,,(519) 668-3713,https://www.warhammer.com/?utm_source=Google&utm_medium=Yext,,,,42.93183,-81.22346
A&J Hobbies,Markham,"221 Whitehall Dr, Markham, ON L3R 0T5, Canada",,,905-305-1479,http://www.hobbyprosdepot.com/,,,Pokemon;Magic;Other,43.85910,-79.34133
Advance RC & Hobbies,Markham,"Woodbine Ave B200, Markham, ON L3R 4X9, Canada",,,905-946-8088,https://advancerc.ca/,,,Pokemon;Magic;Other,43.84628,-79.35704
Card Board Gaming - Appointment Only,Markham,"257 Riverwalk Dr, Markham, ON L6B 0H2",,,(647) 216-9246,https://cardboardgaming.ca/,,,Pokemon;Magic;Other,43.86565,-79.22374
Chigun Hobbies,Markham,"Pacific Mall, 4300 Steeles Ave E Unit A2-203, Markham, ON L3R 0Y5, Canada",,,647-829-1628,https://www.chigunhobbies.com/,,,Pokemon;Magic;Other,43.82588,-79.30637
Comfy Hobbies,Markham,"57 Glen Cameron Rd East, Thornhill, ON L3T 1P3",,,(905) 597-8285,https://comfyhobbies.com/,,,Pokemon;Magic;Other,43.80596,-79.41637
Cool Dragon Hobby,Markham,"372 Kirkham Dr, Markham, ON L3S 0E4, Canada",,,,https://cooldragonhobby.ca/,,,Pokemon;Magic;Other,43.84720,-79.24045
Fine Toys Store,Markham,"8333 Kennedy Rd #2017-2018, Markham, ON L3R 4P8, Canada",,,437-427-2886,https://www.finetoys.ca/,,,,43.85661,-79.30407
Five Dragons hobbies,Markham,"8339 Kennedy Rd Unit 2331-2332, Markham, ON L3R 5T5, Canada",,,416-800-3500,https://www.fivedragonshobby.ca/,,,Pokemon;Magic;Other,43.85727,-79.30337
George's Trains,Markham,"550 Alden Rd Unit 102, Markham, ON L3R 6A8, Canada",,,905-470-6200,http://www.georgestrains.com/,,,,43.83711,-79.33261
Hogtown Cards,Markham,"8500 Warden Ave (Hilton, 2nd Flr Conf Hall), Markham, ON",,,647-632-9718,https://hogtowncards.com,https://instagram.com/hogtown_cards,Buys;Sells;Trades Singles;Grading Services;Sells Wax,Hockey;Baseball;Basketball;Football;Other,43.85409,-79.33520
Horizon Diecast,Markham,"280 Yorktech Dr Unit 27, Markham, ON L6G 0A6, Canada",,,,https://horizondiecast.com/,,,,43.84649,-79.34925
K-OS Collectibles Inc,Markham,"3636 Steeles Ave E #135, Markham, ON L3R 1K9",,,(905) 944-9393,https://koscollectibles.ca/,,,Hockey;Baseball;Basketball;Football;Other,43.81901,-79.33078
KadOone,Markham,"290 Yorktech Dr #15, Markham, ON L6G 0A7",,,(416) 999-5195,http://kadoone.ca/,,,,43.84672,-79.34826
Limit Break Collectibles,Markham,"4300 Steeles Ave E Unit B1a, Markham, ON L3R 0N8",,,(647) 676-1344,,,,Hockey;Baseball;Basketball;Football;Other,43.82588,-79.30637
Manta Trading,Markham,"7170 Warden Ave. Unit 22, Markham, ON L3R 8B4",,,(905) 475-9000,https://mantatrading.com/,,,,43.82671,-79.32723
MasterSet Co.,Markham,"3255 Hwy 7 Unit 72, Markham, ON L3R 3P3",,,(905) 415-6888,https://masterset.ca/,,,,43.84963,-79.34755
Much Hobby Online Shopping,Markham,"8865 Woodbine Ave, Markham, ON L3R 5G1, Canada",,,416-816-8038,https://www.muchhobbyonline.com/aboutus.asp,,,Pokemon;Magic;Other,43.85784,-79.35969
MyPops.ca Markham Toys Funko TCG,Markham,"431 Alden Rd Unit 19-20, Markham, ON L3R 3L4",,,(905) 409-2882,http://mypops.ca/,,,Pokemon;Magic;Other,43.83413,-79.33243
Nerdvana Cards & Games,Markham,"59 Main Street Markham N, Markham, ON L3P 1X7",,,(289) 554-4142,https://www.nerdvanacardsandgames.com/,,,Pokemon;Magic;Other,43.87633,-79.26014
NexPack Collectibles - Trading Card Shop,Markham,"7225 Woodbine Ave #119, Markham, ON L3R 1A3",,,(905) 470-6035,https://www.npcollectibles.com/,,,Hockey;Baseball;Basketball;Football;Other,43.81893,-79.34868
Not A Hobby Shop & Goose Guzzu Mart,Markham,"3255 Hwy 7 Unit 212, Markham, ON L3R 3P9, Canada",,,647-763-7684,https://www.notahobby.shop/,,,Pokemon;Magic;Other,43.84963,-79.34755
Panda Hobby - Canada's Largest Gundam Store,Markham,"140 Amber St #8, Markham, ON L3R 3J8, Canada",,,(855) 726-3280,http://www.pandahobby.ca/,,,Pokemon;Magic;Other,43.82828,-79.33298
Playdexk,Markham,"180 Enterprise Blvd 2/F K202, Markham, ON L6G 0E6",,,(647) 377-4771,https://playdexk.com/,,,,43.84994,-79.32334
PvP Shoppe,Markham,"2/F, 9390 Woodbine Ave 2/F, Unit 2R2, Markham, ON L6C 0M5",,,(647) 339-1787,https://pvpshoppe.com/,,,,43.87195,-79.36472
Sino Hobby Markham,Markham,"3255 Hwy 7 Unit 151, Markham, ON L3R 3P9, Canada",,,647-466-9913,http://sinohobby.ca/,,,Pokemon;Magic;Other,43.84963,-79.34755
Springer Hobbies,Markham,"61 Telson Rd Unit 1, Markham, ON L3R 1E4",,,(905) 475-9919,https://springerhobbies.com/,,,Pokemon;Magic;Other,43.81976,-79.34069
Three Kingdoms Games Markham,Markham,"112 Main Street Markham N, Markham, ON L3P 5H5",,,(905) 554-6854,,,,Pokemon;Magic;Other,43.86646,-79.25813
True Gem Sports Collectibles,Markham,"4418 Hwy 7 #204, Unionville, ON L3R 1M2",,,(289) 554-9650,https://www.facebook.com/groups/546030109461282,,,Hockey;Baseball;Basketball;Football,43.86124,-79.31181
WoodForSheep Hobbies Ltd.,Markham,"220 Royal Crest Ct #3, Markham, ON L3R 9Y2, Canada",,,905-943-7567,https://www.woodforsheep.ca/,,,Pokemon;Magic;Other,43.84238,-79.32325
A-Spec Cards Inc.,Milton,"1224 Main St E, Milton, ON L9T 9K7",,,(365) 877-9999,http://www.aspeccards.com/,,,,43.53315,-79.86119
Untouchables Sports Cards & Gaming (Milton),Milton,"100 Nipissing Rd Unit 9, Milton, ON L9T 5B2",,,905-203-1004,https://untouchables.ca,,Sells;Sells Wax,Hockey;Baseball;Basketball;Football;Pokemon;Magic;Other,43.51984,-79.87180
Cheesmo's Cards Mobile Hobby Shop,Mississauga,"3125B Wolfedale Rd, Mississauga, ON L5C 1V8",,,(647) 394-2273,https://cheesmoscards.ca/,,,Pokemon;Magic;Other,43.56601,-79.63871
Conspiracy Comics Games & Anime,Mississauga,"100 City Centre Dr, Mississauga, ON L5B 2C9",,,(905) 566-7992,https://conspiracycomics.com/,,,Pokemon;Magic;Other,43.59321,-79.64295
Duel City Games,Mississauga,"Leanne Blvd, Mississauga, ON L5K 2K8",,,,http://duelcitygames.com/,,,Pokemon;Magic;Other,43.52458,-79.65259
Game Time Collectibles,Mississauga,"2205 Bostock Crescent, Mississauga, ON L5J 3S8",,,(905) 822-9609,http://itsgametime.ca/,,,Pokemon;Magic;Other,43.51262,-79.64141
Gotham Central Comics,Mississauga,"1400 Aimco Blvd Unit 1, Mississauga, ON L4W 4K2",,,(905) 212-9992,http://www.gothamcentralcomics.com/,,,Pokemon;Magic;Other,43.63653,-79.62560
Image Collections,Mississauga,"181 Queen St S, Mississauga, ON L5M 1L1",,,(905) 542-8307,http://www.imagecollections.ca/,,,,43.58200,-79.71382
KanZen Games Sports & Collectibles,Mississauga,"7070 St Barbara Blvd Unit 60-62, Mississauga, ON L5W 0E6",,,(905) 609-6062,http://kanzengames.com/,,,Hockey;Baseball;Basketball;Football;Pokemon;Magic;Other,43.63896,-79.71651
Legendary Collectables,Mississauga,"800 Dundas St E Unit G, Mississauga, ON L4Y 2B6",,,(905) 268-3363,https://legendarycollectables.com/,,,,43.59654,-79.59671
LVLUP GAMES,Mississauga,"833 Westlock Rd, Mississauga, ON L5C 1K7",,,(289) 444-0147,http://www.lvlupgames.ca/,,,Pokemon;Magic;Other,43.56669,-79.64233
MyPops.ca Erin Mills Town Centre Mississauga Toys Funko TCG,Mississauga,"Lower Floor near Food Court, 5100 Erin Mills Pkwy Unit B124, Mississauga, ON L5M 4Z5",,,(905) 609-6661,http://www.mypops.ca/,,,Pokemon;Magic;Other,43.55824,-79.71195
Nak Gaming - Online Order Pickup Only,Mississauga,"5170 Winston Churchill Blvd Unit 105, Mississauga, ON L5M 0P2",,,(647) 992-7938,https://www.nakgaming.com/,,,Pokemon;Magic;Other,43.55239,-79.72256
Professional Sports Authenticator - PSA Canada,Mississauga,"5560 Explorer Dr #101, Mississauga, ON L4W 5M3",,,,https://www.psacard.com/,,,Hockey;Baseball;Basketball;Football,43.65888,-79.61075
Red Riot Games,Mississauga,"265 Queen St S, Mississauga, ON L5M 1L9",,,(647) 228-7468,http://redriotgames.ca/,,,Pokemon;Magic;Other,43.57983,-79.71087
Slab Sharks - Sports Cards & Collectibles Consignment,Mississauga,"6760 Davand Dr Unit 8 & 9, Mississauga, ON L5T 2L9",,,(800) 612-7522,https://www.slabsharks.com/,,,Hockey;Baseball;Basketball;Football,43.66861,-79.66945
The Upper Hand,Mississauga,"2150 Burnhamthorpe Rd W, Mississauga, ON L5L 3A2",,,(905) 607-1116,https://www.theupperhand.ca/,,,,43.54361,-79.68319
Untouchables Sports Cards & Gaming,Mississauga,"Central Parkway & Burnhamthorpe, Mississauga, ON",,,,https://untouchables.ca,https://instagram.com/untouchablesmississauga,Sells;Sells Wax,Hockey;Baseball;Basketball;Football;Pokemon;Magic;Other,43.60775,-79.63643
VTRGaming,Mississauga,"714 Burnhamthorpe Rd E, Mississauga, ON L4Y 2X3",,,(416) 562-4948,https://www.vtrgaming.ca/,,,Pokemon;Magic;Other,43.60821,-79.61751
Warp Zone Gaming,Mississauga,"1151 Dundas St W #9, Mississauga, ON L5C 1C6",,,(647) 468-6249,https://warpzonegaming.ca/,,,Pokemon;Magic;Other,43.55743,-79.64623
X Planet Games,Mississauga,"5170 Dixie Rd, Mississauga, ON L4W 1E3",,,(905) 949-4263,http://xplanetgames.com/,,,Pokemon;Magic;Other,43.63856,-79.62592
Hobby Knight in Canada,Newmarket,"17766 Leslie St B, Newmarket, ON L3Y 4W4",,,,https://hobbyknightincanada.crystalcommerce.com,https://www.facebook.com/HobbyKnightCanada,Sells;Trade Nights,Pokemon;Magic;Other,44.07224,-79.43389
Mojo's Plush and Pulls,Newmarket,"431 Davis Dr, Newmarket, ON L3Y 2P1",,,(647) 638-4024,,,,,44.05946,-79.46097
Centre Ice Collectibles,Niagara Falls,"6272 Parkside Rd, Niagara Falls, ON L2H 0B2",,,(905) 356-7610,http://centreicecollectibles.com/,,,Hockey;Baseball;Basketball;Football;Other,43.08380,-79.13888
M&L Sports Cards & Collectables,Niagara Falls,"7174A Drummond Rd, Niagara Falls, ON L2G 4P6",,,905-371-3010,,https://x.com/mandlsportcards,Sells,Hockey;Baseball;Basketball;Football;Other,43.07159,-79.09673
Niagara Sports Cards,Niagara Falls,"9338 Hendershot Blvd, Niagara Falls, ON L2H 0E9",,,905-346-2733,https://niagarasc.com,,Sells;Sells Wax;Breaks,Hockey;Baseball;Basketball;Football;Pokemon;Magic;Other,43.08837,-79.15539
Aces Cool Collectibles,North Bay,"1180 Cassells St, North Bay, ON P1B 4B6, Canada",,,705-477-9355,https://www.ebay.ca/str/acescoolcollectibles,,,Hockey;Baseball;Basketball;Football;Other,46.31842,-79.45549
Ultimate Sportscards,North Bay,"1410 Cassells St, North Bay, ON",,,,https://ultsportscards.com,,Sells;Sells Wax,Hockey;Baseball;Basketball;Football;Other,46.31816,-79.45211
Dungeon Comics & Cards,Oakville,"Oakville, ON L6K 3S7",,,,https://www.facebook.com/dungeoncomicsoakville,,Sells,Pokemon;Magic;Other,43.39529,-79.70637
Game 3 TCG & Hobby,Oakville,"2828 Kingsway Dr, Oakville, ON L6J 7M2",,,289-644-3223,https://www.oakvilleshops.com/stores/game-3-tcg-hobby/,https://www.facebook.com/game3tcg,Sells;Trade Nights,Pokemon;Magic;Other,43.50022,-79.66108
Top Shelf Co.,Oakville,"481 North Service Rd W A13, Oakville, ON L6M 2V6",,,(647) 490-2323,https://topshelfco.ca/,,,,43.44056,-79.70841
Cards and Coasters,Orillia,"58 Mississaga St E 2nd floor, Orillia, ON L3V 1V5",,,(705) 305-7077,https://cardsandcoasters.com/,,,,44.60903,-79.41834
Addictive Hobbies & Games,Oshawa,"13 King St W, Oshawa, ON L1H 1A1",,,(905) 926-9309,https://addictivehobbies.wixsite.com/website,,,Pokemon;Magic;Other,43.89729,-78.86414
Cardboard Hero,Oshawa,"88 Simcoe St N, Oshawa, ON L1G 4S2",,,(905) 579-7678,http://www.cardboardhero.com/,,,,43.89992,-78.86486
Comic Alley Toys,Oshawa,"9 Bond St W, Oshawa, ON L1H 1A3",,,(905) 433-8697,https://linktr.ee/comicalleytoys?utm_source=linktree_profile_share&ltsid=f56cfd19-af61-4c35-9f99-4ebb1ad7093f,,,Pokemon;Magic;Other,43.89814,-78.86443
Deck Out Gaming,Oshawa,"1255 Skae Dr #5, Oshawa, ON L1J 7A3",,,(289) 928-1538,https://deckoutgaming.ca/,,,Pokemon;Magic;Other,43.85766,-78.87602
F.G.Bradley's,Oshawa,"Oshawa Centre, 419 King St W Unit #2015, Oshawa, ON L1J 2K5",,,(905) 404-2233,https://www.fgbradleys.com/,,,,43.89052,-78.87919
"Fly By Nite Movies, Games, and Toys",Oshawa,"15 Bond St E, Oshawa, ON L1G 1A8",,,(905) 433-3757,https://flybynitecollectibles.square.site/,,,Pokemon;Magic;Other,43.89850,-78.86324
G A M E S,Oshawa,"1180 Simcoe St N, Oshawa, ON L1G 4W8",,,(905) 579-7529,http://www.facebook.com/GamesAreMySource,,,,43.92875,-78.87766
GNU Books,Oshawa,"Northway Plaza, 1120 Simcoe St N, Oshawa, ON L1G 4W6",,,(905) 434-1463,http://www.gnubooks.net/,,,,43.92707,-78.87692
Great Hobbies,Oshawa,"991 Taunton Rd E Unit 6B, Oshawa, ON L1K 2M6, Canada",,,365-442-0232,http://www.greathobbies.com/,,,Pokemon;Magic;Other,43.93986,-78.84283
Hallmark,Oshawa,"991 Taunton Rd E Unit 6, Oshawa, ON L1K 0Z7",,,(905) 720-3003,https://stores.hallmark.com/on/oshawa/hallmark-oshawa-on-031267.html,,,,43.93986,-78.84283
New Rave TCG & Hobbies,Oshawa,"1300 King St E #11, Oshawa, ON L1H 8J4",,,(647) 646-5685,https://newrave.ca/,,,Pokemon;Magic;Other,43.90769,-78.81600
Over The Top Gaming,Oshawa,"909 Simcoe St N Unit 204, Oshawa, ON L1G 4W1",,,(365) 633-0280,https://overthetopgaming.ca/,,,Pokemon;Magic;Other,43.92160,-78.87368
Quaza Collectibles,Oshawa,"351 Conant St, Oshawa, ON L1H 3S8",,,(647) 705-8047,,,,Hockey;Baseball;Basketball;Football;Other,43.87987,-78.84126
Skyfox Games,Oshawa,"86 William St E, Oshawa, ON L1G 1K6",,,(905) 720-3377,http://www.skyfoxgames.com/,,,Pokemon;Magic;Other,43.90101,-78.86146
The 3D Shoppe,Oshawa,"88 King St W, Oshawa, ON L1H 1A6",,,(365) 282-1467,http://the3dshoppe.ca/,,,,43.89710,-78.86718
The Comic Doctor Inc,Oshawa,"Unit #5, 90 Russett Ave, Oshawa, ON L1G 3R5",,,(905) 449-5680,http://www.thecomicdoctor.com/,,,Pokemon;Magic;Other,43.93019,-78.88184
The Entertainment Cube,Oshawa,"5 Bond St W, Oshawa, ON L1G 1A1",,,(289) 939-3283,http://www.facebook.com/cubeclown/,,,,43.89827,-78.86435
Worlds Collide,Oshawa,"10 Simcoe St N, Oshawa, ON L1G 4R8",,,(905) 436-8999,http://www.worldscollide.ca/,,,,43.89790,-78.86400
Xtreme R/C & Raceways,Oshawa,"57 Simcoe St S, Oshawa, ON L1H 4G4, Canada",,,905-239-5544,https://www.xtremerc.ca/,,,,43.89603,-78.86254
Buying Sports Cards & Comics,Ottawa,"1701 Woodroffe Ave, Ottawa, ON K2G 1W2",,,(613) 823-1837,http://cardandcomicbuyer.com/,,,Hockey;Baseball;Basketball;Football;Pokemon;Magic;Other,45.32691,-75.74287
carsncards.com,Ottawa,"1010 Polytek St #33, Ottawa, ON K1J 9J2",,,(343) 777-1888,https://carsncards.com/,,,,45.45602,-75.58466
Carta Magica Ottawa,Ottawa,"1179 St. Laurent Blvd, Ottawa, ON K1K 3B7",,,(613) 746-9099,http://www.cartamagicaottawa.com/,,,Magic,45.42289,-75.63594
Danireon Cards & Games,Ottawa,"250 Centrum Blvd Unit 110, Ottawa, ON K1E 3L8",,,(613) 366-8211,https://www.danireon.com/,,,Pokemon;Magic;Other,45.47960,-75.51097
Dxhers,Ottawa,"Claudet Crescent, Ottawa, ON K1G 4R3",,,(613) 600-3397,https://www.dxhers.ca/,,,,45.37255,-75.61261
Empire Trading TCG,Ottawa,"1980 Ogilvie Rd #113, Gloucester, ON K1J 9L3",,,(613) 745-3777,https://www.empiretradings.com/,,,Pokemon;Magic;Other,45.43259,-75.61048
Entertainment Ink!,Ottawa,"110 Place d'Orléans Dr, Orléans, ON K1E 0B6",,,(613) 841-5531,https://entertainmentink.ca/,,,,45.47853,-75.51529
Game Breakers Sports Cards,Ottawa,"780 Baseline Rd Unit 11, Ottawa, ON K2C 3V8",,,(613) 228-9554,http://gamebreakers.ca/,,,Hockey;Baseball;Basketball;Football;Pokemon;Magic;Other,45.37071,-75.71711
Game Breakers Sports Cards & Collectibles,Ottawa,"780 Baseline Rd Unit 11, Ottawa, ON K2C 3V8",,,613-228-9554,https://gamebreakers.ca,https://instagram.com/gamebreakerssc,Buys;Sells;Sells Wax,Hockey;Baseball;Basketball;Football;Other;Magic;Pokemon,45.37071,-75.71711
Hobbiesville,Ottawa,"2635 Blackwell St Unit 5, Ottawa, ON K1B 4E4",,,(888) 853-2057,https://hobbiesville.com/,,,Pokemon;Magic;Other,45.40322,-75.60781
Hobbiesville Ottawa,Ottawa,"607 Somerset St W, Ottawa, ON K1R 6C6",,,(888) 853-2057,https://hobbiesville.com/?utm_source=google&utm_medium=organic&utm_campaign=gmb,,,Pokemon;Magic;Other,45.41252,-75.70377
Imaginaire Store Ottawa,Ottawa,"50 Rideau St Level 3, Ottawa, ON K1N 9J7",,,(613) 903-5849,http://www.imaginaire.com/,,,,45.42572,-75.69200
Minty Fresh Collectibles,Ottawa,"16 Green St Unit 202, Nepean, ON K2J 3R2",,,(613) 823-7727,https://mintyfreshcollectible.ca/,,,Hockey;Baseball;Basketball;Football;Other,45.28668,-75.75782
Nabema Collectibles,Ottawa,"1615 Orléans Blvd #108, Ottawa, ON K1C 7E2",,,(613) 404-9096,http://www.nabemacollectibles.com/,,,Hockey;Baseball;Basketball;Football;Other,45.46088,-75.52445
Nefarious Comics,Ottawa,"386a Bank St, Ottawa, ON K2P 1Y4",,,(343) 573-7101,http://www.nefariouscomics.com/,,,Pokemon;Magic;Other,45.41345,-75.69508
Nostalgia Warehouse,Ottawa,"233-C Armstrong St, Ottawa, ON K1Y 1B4",,,(613) 695-1966,https://www.facebook.com/nostalgiawarehouseottawa/,,,,45.40196,-75.73062
Out of the Box,Ottawa,"1826 Robertson Rd Unit 16 Suite 321, Nepean, ON K2H 5Z6",,,(613) 695-6682,https://www.outoftheboxcards.com/,,,,45.32735,-75.81812
Pokemon TCG Supply,Ottawa,"90 Elgin St, Ottawa, ON K1P 5E9",,,(615) 268-1673,https://www.facebook.com/share/1CNPHB3Gmx/?mibextid=wwXIfr,,,Pokemon;Magic;Other,45.42184,-75.69470
"Red Dragon Comics, Cards, Games",Ottawa,"6008 Voyageur Dr, Orléans, ON K1C 2K1",,,,http://www.red-dragon.ca/,,,Pokemon;Magic;Other,45.47578,-75.54838
Shikdar Trading Inc.,Ottawa,"1564 Carling Ave, Ottawa, ON K1Z 7M4",,,(833) 787-8199,http://www.shikdartrading.com/,,,,45.38052,-75.74495
Soul TCG,Ottawa,"50 Rideau St, Ottawa, ON K1N 9J7",,,,https://www.soultcg.com/,,,Pokemon;Magic;Other,45.42572,-75.69200
Studio Staja,Ottawa,"507 Rideau St, Ottawa, ON K1N 5Z5",,,(343) 644-1008,https://staja.ca/,,,,45.43185,-75.67865
The Comic Book Shoppe,Ottawa,"1400 Clyde Ave., Nepean, ON K2G 3J2",,,(613) 228-8386,http://thecomicbookshoppe.com/,,,Pokemon;Magic;Other,45.35851,-75.73879
The Hobby Centre,Ottawa,"1916 Merivale Rd, Nepean, ON K2G 1E8",,,(613) 288-1299,http://www.hobcen.com/,,,Pokemon;Magic;Other,45.32861,-75.72180
Toys on Fire,Ottawa,"95 Abbeyhill Dr Unit D0A, Ottawa, ON K2L 2M8",,,(613) 825-0688,http://www.toysonfire.ca/,,,,45.30216,-75.87730
Trinity Hobby,Ottawa,"1320 Carling Ave Unit B, Ottawa, ON K1Z 7K8",,,(647) 398-9968,https://trinityhobby.com/,,,Pokemon;Magic;Other,45.38459,-75.73483
Vulcan Collectibles,Ottawa,"1886 Merivale Rd Unit 103-1, Ottawa, ON K2G 5W6",,,(613) 695-4751,https://vulcancollectibles.com/,,,Hockey;Baseball;Basketball;Football;Other,45.33156,-75.72416
Wizard's Tower,Ottawa,,,,(613) 843-0705,http://www.wizardtower.com/,,,Pokemon;Magic;Other,,
Rawscoe's Sport Collectibles,Peterborough,"182 1/2 Charlotte St, Peterborough, ON K9J 2T8",,,705-775-1825,https://www.sportcollectibles.ca,https://www.facebook.com/p/Rawscoes-Sport-Collectibles-100063672145356/,Buys;Sells,Hockey;Other,44.30353,-78.32120
Board Game Bliss,Richmond Hill,"5-245 West Beaver Creek Rd, Richmond Hill, ON L4B 1L1",,,437-242-5551,https://www.boardgamebliss.com,https://www.facebook.com/boardgamebliss,Sells;Trade Nights,Magic;Pokemon;Other,43.84589,-79.38648
Collectors Dreams,Richmond Hill,"10520 Yonge St Unit #31, Richmond Hill, ON",,,905-508-6935,https://collectorsdreams.ca,,Sells;Sells Wax,Hockey;Baseball;Basketball;Football;Pokemon;Other,43.88495,-79.44093
Flaring Lair,Richmond Hill,"670 Hwy 7 Unit 62, Richmond Hill, ON L4B 3P2",,,(365) 550-6510,https://flaringlair.com/,,,,43.84616,-79.37941
HeavyJs Card House,Sarnia,"208 Front St N, Sarnia, ON N7T 5S3",,,,https://www.heavyjs.com,https://www.facebook.com/HeavyjsHOC,Sells;Sells Wax;Trade Nights,Magic;Pokemon;Other,42.97371,-82.40762
Essential Sports Cards & Collectibles,Sault Ste. Marie,"84 Second Line W, Sault Ste. Marie, ON P6C 2H9",,,,,,,Hockey;Baseball;Basketball;Football,46.53813,-84.35466
Games Nook II,Sault Ste. Marie,"756 Queen St E, Sault Ste. Marie, ON P6A 2B1",,,(705) 450-5700,https://facebook.com/GamesNookII,,,Pokemon;Magic;Other,46.50736,-84.32636
Hallmark Cards & Gifts,Sault Ste. Marie,"Station Mall, 293 Bay St Unit J8-9, Sault Ste. Marie, ON P6A 1X3",,,(705) 256-6114,https://stores.hallmark.com/on/saultstemarie/hallmark-cards-gifts-saultstemarie-on-031818.html,,,,46.51139,-84.33759
Hilltribe Ontario,Sault Ste. Marie,"Station Mall, 293 Bay St L9, Sault Ste. Marie, ON P6A 1X3",,,,http://www.hilltribeontario.com/?utm_source=gbp,,,,46.51139,-84.33759
Kanto Kreations,Sault Ste. Marie,"118 Brock St Unit 1, Sault Ste. Marie, ON P6A 3B5",,,(705) 410-7331,https://kantokreations.ca/,,,,46.50944,-84.32907
Mark's Autographs and Collectables,Sault Ste. Marie,"275 Second Line W Unit 190, Sault Ste. Marie, ON P6C 2J4",,,,http://stores.ebay.com/marksautographsandcollectables,,,,46.53652,-84.36373
One of One Cards & Collectibles,Sault Ste. Marie,"145 Gore St, Sault Ste. Marie, ON P6A 1M3, Canada",,,705-450-0907,,,,Hockey;Baseball;Basketball;Football;Other,46.51897,-84.34035
The Rad Zone,Sault Ste. Marie,"721 Queen St E, Sault Ste. Marie, ON P6A 2A8",,,(705) 945-0911,http://www.theradzone.com/,,,,46.50737,-84.32747
The Trading Post,Sault Ste. Marie,"1332 Great Northern Rd, Sault Ste. Marie, ON P6A 5K7",,,(705) 759-4518,http://trading-post.ca/,,,,46.56830,-84.32050
Vintage Games 'n Junque,Sault Ste. Marie,"165 Queen St E, Sault Ste. Marie, ON P6A 1Y6",,,(705) 450-6969,http://www.vgnj.ca/,,,Pokemon;Magic;Other,46.51530,-84.33868
Xcite Toys Games & Collectibles,Sault Ste. Marie,"155 Walnut St, Sault Ste. Marie, ON P6B 2E8",,,(705) 297-1134,http://www.facebook.com/XciteToysGames,,,Pokemon;Magic;Other,46.52496,-84.33682
Fan of the Sport,St Thomas,"417 Wellington St, St Thomas, ON N5R 5J5",,,(519) 631-5063,https://fanofthesport.com/,,,Hockey;Baseball;Basketball;Football,42.77620,-81.15998
High Score Gamez,St. Catharines,"40 Hartzel Rear, St. Catharines, ON L2P 1M5",,,(905) 984-4442,https://highscoregamez.crystalcommerce.com/,,,,43.15557,-79.21410
The Toy Trove,St. Catharines,"280 Geneva St Rear Unit, St. Catharines, ON L2N 2E8",,,289-362-4401,https://thetoytrove.com,https://www.facebook.com/thetoytrove,Sells;Trade Nights,Pokemon;Magic;Other,43.17697,-79.24046
Boreal Gaming & Cards,Thorold,"1809 Merrittville Hwy Ste #C, Fonthill, ON L2V 5P3",,,(289) 897-9323,https://borealgaming.com/,,,Pokemon;Magic;Other,43.05914,-79.25092
807 Cards & Collectibles,Thunder Bay,"118 Cumberland St N, Thunder Bay, ON P7B 1C4",,,807-252-4560,,https://www.facebook.com/p/807-Cards-Collectibles-100084277087698/,Buys;Sells;Trades Singles,Hockey;Other;Pokemon,48.43876,-89.21557
Sports Cards Plus & Collectibles,Thunder Bay,"416 Victoria Ave E, Thunder Bay, ON P7C 1A5",,,807-286-5753,,,Sells,Hockey;Baseball;Basketball;Football;Other,48.38396,-89.24478
Krown & The Shine Shop,Timmins,"1300 Riverside Dr Unit 40, Timmins, ON P4R 1A5, Canada",,,705-268-4855,https://krown.com/en/locations/canada/ontario/timmins/timminsshine/,,,,48.47316,-81.37766
401 Games,Toronto,"431 Yonge St, Toronto, ON M5B 1T3",,,(416) 599-6446,https://store.401games.ca/,,,Pokemon;Magic;Other,43.66065,-79.38251
A & C Games,Toronto,"452 Spadina Ave., Toronto, ON M5T 2G8",,,(416) 923-3066,http://www.acgamesonline.com/,,,Pokemon;Magic;Other,43.65724,-79.40030
AJ Sports / Autographed Memorabilia,Toronto,"1200 Castlefield Ave Ste 200, York, ON M6B 1G2",,,(647) 313-1200,https://www.ajsports.ca/,,,Hockey;Baseball;Basketball;Football,43.69996,-79.45646
Anime Alley,Toronto,"667 Yonge St, Toronto, ON M4Y 1Z9",,,(416) 591-7699,https://animealley.ca/,,,Pokemon;Magic;Other,43.66852,-79.38573
Anime Otaku Hobby,Toronto,"627 Bloor St W 3rd flr, Toronto, ON M6G 1K8",,,(647) 561-1342,https://animeotakuhobby.com/,,,Pokemon;Magic;Other,43.66421,-79.41424
Banana Games & Hobby,Toronto,"530 Yonge St 2nd floor, Toronto, ON M4Y 1Y8",,,(437) 448-9291,https://www.bananagames.ca/,,,Pokemon;Magic;Other,43.66403,-79.38446
BeardyCards,Toronto,"439 Danforth Ave, Toronto, ON M4K 1P1",,,(416) 461-9967,https://beardycards.com/,,,,43.67762,-79.35062
Black Rose Hobbies,Toronto,"5000 Dufferin St Unit B1, North York, ON M3H 5T5",,,(289) 224-2790,https://www.blackrosehobbies.com/,,,Pokemon;Magic;Other,43.78206,-79.47112
CanGeek Games and Collectibles,Toronto,"2351 Kennedy Rd Unit 105 (Ground Floor, Scarborough, ON M1S 4Z2",,,(647) 703-4181,http://www.cangeek.com/,,,Pokemon;Magic;Other,43.78440,-79.28855
Cardify Hobby Cards & Collectibles Sports/TCGs,Toronto,"514 Queen St W, Toronto, ON M5V 2B3",,,(416) 364-3101,http://cardifyhobby.com/,,,Hockey;Baseball;Basketball;Football;Pokemon;Magic;Other,43.64786,-79.40163
Chonky Collectibles,Toronto,"438 Queen St W, Toronto, ON M5V 2A8",,,(647) 336-3921,https://chonkycollectibles.com/,,,Hockey;Baseball;Basketball;Football;Other,43.64842,-79.39890
Clutch Games,Toronto,"394 Spadina Ave (2nd Flr), Toronto, ON M5T 2G5",,,,https://clutchgames.ca,,Buys;Sells;Sells Wax;Trade Nights,Hockey;Baseball;Basketball;Football;Pokemon;Other,43.65557,-79.39947
Cyber City Comix,Toronto,"1025 Steeles Ave W, North York, ON M2R 2S9",,,(416) 667-7592,http://cybercitycomix.com/,,,,43.79172,-79.44804
Dbsport Collectibles,Toronto,"1298 St Clair Ave W, Toronto, ON M6E 1C1",,,(416) 720-1814,http://www.dbsport.ca/,,,Hockey;Baseball;Basketball;Football,43.67711,-79.44817
DJK Entertainment,Toronto,"1604 Gerrard St E, Toronto, ON M4L 2A5",,,(416) 546-1517,https://djkentertainment.com/,,,,43.67294,-79.32015
Dolly's Toys & Games Toronto,Toronto,"141 Montezuma Trail, Scarborough, ON M1V 1K4",,,(416) 299-1522,http://www.dollys.ca/,,,Pokemon;Magic;Other,43.81076,-79.27998
Dolly’s Sports Cards,Toronto,"222 Spadina Ave. #229, Toronto, ON M5T 1E2",,,(416) 200-6338,http://linktr.ee/dollysdowntown,,,Hockey;Baseball;Basketball;Football,43.65093,-79.39784
Duck Duck Games & Collectibles,Toronto,"605 Bloor St W, Toronto, ON M6G 2P5",,,(416) 814-7742,http://duckduckgnc.com/,,,Pokemon;Magic;Other,43.66458,-79.41308
Emmett's ToyStop & Hobby Shop,Toronto,"5324 Dundas St W, Etobicoke, ON M9B 1B4",,,(416) 395-1633,https://www.emmettstoystop.com/,,,Pokemon;Magic;Other,43.63478,-79.54178
Esper Cards & Games,Toronto,"380 Old Kingston Rd, Scarborough, ON M1C 1B6",,,(416) 724-4668,https://espercardsandgames.com/,,,Pokemon;Magic;Other,43.78393,-79.17005
Face to Face Games,Toronto,"1398 Danforth Ave, Toronto, ON M4J 1M9",,,(866) 235-7002,http://facetofacegames.com/,,,Pokemon;Magic;Other,43.68273,-79.32782
Game Nation Hobbies & Games,Toronto,"4914A Yonge St, North York, ON M2N 5N5",,,(647) 368-7744,http://www.gamenation.ca/,,,Pokemon;Magic;Other,43.76414,-79.41193
Game Shack,Toronto,"39 Orfus Rd, North York, ON M6A 1L7",,,(416) 351-7065,http://gameshack.ca/,,,Pokemon;Magic;Other,43.71915,-79.45927
Go For Game,Toronto,"478 Dundas St W Second Floor, Toronto, ON M5T 1G9",,,(416) 598-0505,https://goforgame.ca/,,,,43.65342,-79.39703
GP Sports Cards,Toronto,"3505 Lake Shore Blvd W, Etobicoke, ON M8W 1N5",,,(905) 808-4560,https://gpsportcards.com/pages/contact-us,,,Hockey;Baseball;Basketball;Football,43.59470,-79.53163
Hairy Tarantula,Toronto,"3456 Yonge St, Toronto, ON M4N 2N4",,,(647) 430-1263,https://www.hairyt.com/,,,,43.73458,-79.40495
Hobbiesville Toronto,Toronto,"9 Ossington Ave, Toronto, ON M6J 2Y8",,,(888) 853-2057,https://www.hobbiesville.com/,,,Pokemon;Magic;Other,43.64452,-79.41872
Hobby Stop TCG & Collectibles,Toronto,"2020 Don Mills Rd., North York, ON M3A 3R6",,,,http://hobbystoptcg.com/,,,Pokemon;Magic;Other,43.76279,-79.34784
Hope Club Collectibles - Sports Cards and Trading Card Games,Toronto,"1530 Albion Rd unit 52, Etobicoke, ON M9V 1B4",,,(647) 721-4673,http://hopeclubshop.ca/,,,Hockey;Baseball;Basketball;Football;Pokemon;Magic;Other,43.74177,-79.58460
Illusionary,Toronto,"1106 College St, Toronto, ON M6H 1B3",,,(416) 453-5636,http://www.illusionarycollectibles.com/,,,,43.65273,-79.43246
Meeplemart,Toronto,"247 Spadina Ave. Lower Level, Toronto, ON M5T 2E2",,,(416) 583-2121,http://www.meeplemart.com/,,,,43.65166,-79.39714
Rednails II,Toronto,"Toronto, ON (2 locations)",,,416-242-7899,https://www.rednails2.com,,Sells;Sells Wax,Hockey;Baseball;Basketball;Football;Magic;Pokemon;Other,43.65029,-79.37622
Relikks Cards & Collectibles,Toronto,"3235 Yonge St, Toronto, ON M4N 2L5",,,(289) 271-9189,http://www.relikks.com/,,,Hockey;Baseball;Basketball;Football;Other,43.72881,-79.40291
Ripverse TCG,Toronto,"67 Steelcase Rd W Unit 3-1, Toronto, ON L3R 2M4, Canada",,,647-904-7786,,,,Pokemon;Magic;Other,43.81730,-79.35749
Royalty Cards and Collectibles,Toronto,"3350 Dufferin St, North York, ON M6A 3A4",,,(416) 782-3456,https://www.royaltycardsandcollectibles.com/,,,Hockey;Baseball;Basketball;Football;Other,43.72438,-79.45735
SellCCG - Sell Your Pokemon Cards,Toronto,,,,(647) 564-8344,https://ca.sellccg.com/,,,Pokemon,,
Sunny Hobbies,Toronto,"3300 Midland Ave 2nd floor, unit 205, Scarborough, ON M1V 4W6",,,(416) 297-7778,https://www.sunnyhobbies.com/,,,Pokemon;Magic;Other,43.80654,-79.28885
The Sword & Board,Toronto,"1193 Bloor St W, Toronto, ON M6H 1N4",,,(647) 350-7529,http://www.theswordandboardtoronto.com/,,,,43.65887,-79.43925
Xplore Games,Toronto,"858 Millwood Rd, East York, ON M4G 1W6",,,(647) 931-0803,http://xploregames.ca/,,,Pokemon;Magic;Other,43.70455,-79.36620
401 Games Vaughan,Vaughan,"7700 Keele St Unit #6B, Concord, ON L4K 2A1",,,(905) 660-4464,https://store.401games.ca/,,,Pokemon;Magic;Other,43.79855,-79.50101
Argama Hobby,Vaughan,"50 Viceroy Rd Unit 20, Vaughan, ON L4K 3A7, Canada",,,905-738-4050,http://www.argamahobby.com/,,,Pokemon;Magic;Other,43.78778,-79.47986
Cardboard Classics,Vaughan,"31 Disera Dr #100, Thornhill, ON L4J 0A7",,,(905) 597-7270,http://www.cardboardclassics.ca/,,,,43.81177,-79.45370
Certified Sports Memorabilia,Vaughan,"2499 Rutherford Rd #1, Concord, ON L4K 0J9",,,(437) 918-9051,http://certifiedsportsmemorabilia.com/,,,Hockey;Baseball;Basketball;Football,43.83427,-79.51633
DD Sports Vaughan,Vaughan,"131 Whitmore Rd Unit 16, Woodbridge, ON L4L 6E3",,,(416) 677-2132,https://ddsports.ca/,,,Hockey;Baseball;Basketball;Football,43.78560,-79.55486
Elite Cards Toronto,Vaughan,"9591 Weston Rd Unit #4, Woodbridge, ON L4H 3A5",,,905-303-2290,https://elitecardstoronto.com,https://instagram.com/elitecardstoronto,Sells;Grading Services;Sells Wax;Breaks,Hockey;Baseball;Basketball;Football;Pokemon;Other,43.83430,-79.55633
FLIP Collectibles Shop,Vaughan,"80 Bass Pro Mills Dr Unit #13, Concord, ON L4K 5W9",,,,https://flipcollect.com,,Buys;Sells;Sells Wax,Hockey;Baseball;Basketball;Football;Other,43.82205,-79.53326
Korekuta Games,Vaughan,"120 Woodstream Blvd Unit 12, Woodbridge, ON L4L 7Z1",,,(647) 494-2640,http://korekutagames.net/,,,Pokemon;Magic;Other,43.77507,-79.60475
Legends Warehouse,Vaughan,"643 Chrislea Rd Unit 1, Woodbridge, ON L4L 8A3",,,(905) 264-8830,https://legendswarehouse.ca/,,,,43.80767,-79.54472
Level Up Games Canada,Vaughan,"2316 Major MacKenzie Dr W Unit 2, Maple, ON L6A 1W6",,,(905) 303-0656,http://www.levelupgames.ca/,,,Pokemon;Magic;Other,43.85471,-79.51479
Mintink Trading Cards & Live Experience,Vaughan,"8555 Jane St Unit 5 & 6, Vaughan, ON L4K 5N9",,,,https://www.mintink.ca,https://instagram.com/mintink10,Sells;Sells Wax;Trade Nights,Hockey;Baseball;Basketball;Football;Pokemon;Magic;Other,43.81347,-79.52791
ND Sports Cards LTD - PSA AUTHORIZED PLATINUM DEALER,Vaughan,"120 Woodstream Blvd #18B, Woodbridge, ON L4L 7Z1",,,(647) 444-4073,http://ndsportscards.ca/,,,Hockey;Baseball;Basketball;Football,43.77507,-79.60475
New Realm Games,Vaughan,"30 Famous Ave #141A, Woodbridge, ON L4L 9M3",,,(833) 955-4263,https://newrealmgames.com/,,,Pokemon;Magic;Other,43.78817,-79.54524
Northern War Table,Vaughan,"8888 Keele St Unit 23B, Concord, ON L4K 2N2",,,(905) 532-0707,https://northernwartable.com/,,,,43.82753,-79.50721
Retro Boyz Collectibles,Vaughan,"7575 Hwy 27 unit 28, Vaughan, ON L4L 4M5",,,(905) 850-8808,https://www.longlivethehunt.com/?utm_source=google&utm_medium=wix_google_business_profile&utm_campaign=724417122958267698,,,Hockey;Baseball;Basketball;Football;Other,43.77069,-79.61915
Toybox Trading Co.,Vaughan,"120 Woodstream Blvd #18B, Woodbridge, ON L4L 7Z1",,,,http://toyboxtradingco.square.site/,,,,43.77507,-79.60475
Wandering Adventures,Vaughan,"7766 Martin Grove Road, inside, the mall Unit 5, Woodbridge, ON L4L 2C7",,,(905) 605-0919,http://www.wanderingadventures.ca/,,,,43.77633,-79.61060
Wax Box Club,Vaughan,"145 Hawkview Blvd Unit 1, Vaughan, ON L4H 3T7",,,(647) 498-2056,http://waxboxclub.com/,,,,43.82811,-79.55193
Atlas Collectables,Waterloo,"354 King St N, Waterloo, ON",,,,https://www.atlascollectables.com,https://www.facebook.com/AtlasCollectables,Buys;Sells;Trades Singles;Sells Wax,Pokemon;Magic;Other,43.48143,-80.52544
Dolly's Cards & Collectibles Waterloo,Waterloo,"420 Weber St N, Waterloo, ON N2L 4E7",,,(519) 500-1815,https://www.dollys.ca/,,,Hockey;Baseball;Basketball;Football;Other,43.48572,-80.52886
Crackerjack Stadium,Welland,"620 Niagara St, Welland, ON L3C 1L8",,,,https://www.crackerjackstadium.com,https://www.facebook.com/sportscard,Sells;Sells Wax;Breaks,Hockey;Baseball;Basketball;Football;Magic;Pokemon;Other,43.00834,-79.25022
Maximum Cards & Collectibles,Whitby,"B1-306 Dundas St W, Whitby, ON L1N 2M5",,,905-493-1300,https://maximumcards.ca,,Buys;Sells;Trades Singles;Sells Wax,Hockey;Baseball;Basketball;Football;Pokemon;Magic;Other,43.87933,-78.94531
We Got Gamez,Whitby,"1910 Dundas St E, Whitby, ON",,,,https://wegotgamezcanada.com,https://instagram.com/wegotgamezwhitby,Buys;Sells;Trades Singles,Pokemon;Magic;Other,43.88931,-78.90252
ABJ Hobby Shop,Windsor,"3326 Walker Rd, Windsor, ON N8X3S1",,,(519) 972-1936,,,,Pokemon;Magic;Other,42.27791,-82.97827
Brimstone Games,Windsor,"1421 Tecumseh Rd E, Windsor, ON N8W 1C2",,,(519) 915-5556,http://brimstonegames.ca/,,,Pokemon;Magic;Other,42.30018,-83.00429
Candies Convenience & Sports Cards INC.,Windsor,"7641 Tecumseh Rd E, Windsor, ON N8T 2X9",,,(519) 974-6800,,,,Hockey;Baseball;Basketball;Football,42.31343,-82.93512
Candies Convenience And Sport Cards,Windsor,"1555 Talbot Rd 508A Unit-1, Windsor, ON N9H 2N2",,,(519) 972-6400,,,,Hockey;Baseball;Basketball;Football,42.24415,-83.01935
Cartoon Kingdom,Windsor,"3160 Dougall Ave, Windsor, ON N9E 1S6",,,(519) 972-0009,http://www.cartoonkingdom.ca/,,,,42.26981,-83.01147
Cedar Creek Hobbies,Windsor,"3160 Dougall Ave, Windsor, ON N9E 1S6",,,(519) 733-2619,http://www.cedarcreekhobbies.com/,,,Pokemon;Magic;Other,42.26981,-83.01147
Digital Oasis,Windsor,"5400 Tecumseh Rd E Unit 9, Windsor, ON N8T 1C7",,,(226) 674-1515,http://www.digitaloasis.ca/,,,,42.30935,-82.95959
Emerald Cards and Games,Windsor,"1555 Talbot Rd #507-A, Windsor, ON N0R 1L0",,,(519) 969-0707,,,,Pokemon;Magic;Other,42.24415,-83.01935
F & C House of Cards,Windsor,"4635 Tecumseh Rd E, Windsor, ON N8W 1K8",,,226-674-0990,https://fchouseofcards.ca,https://www.facebook.com/houseofcardswindsor,Sells,Hockey;Baseball;Basketball;Football;Pokemon;Other,42.30703,-82.96861
GameCycle,Windsor,"472 Tecumseh Rd E, Windsor, ON N8X 2R8",,,(519) 253-3832,https://vixeoo.com/,,,,42.29816,-83.01795
Grail Toys and Collectibles,Windsor,"3919 Seminole St, Windsor, ON N8Y 1Z1",,,(226) 674-1021,,,,Hockey;Baseball;Basketball;Football;Other,42.31564,-82.98322
Helou's Sports Cards and Collectibles,Windsor,"488 University Ave W, Windsor, ON N9A 5P8",,,(226) 773-3047,https://heloushobby.ca/,,,Hockey;Baseball;Basketball;Football,42.31635,-83.04472
Kaboom Hobby,Windsor,"3326 Walker Rd, Windsor, ON N8W 3S1",,,519-972-1936,https://kaboomhobby.com,https://instagram.com/kaboomhobby,Sells;Sells Wax,Hockey;Baseball;Basketball;Football;Pokemon,42.27791,-82.97827
KunaiGames,Windsor,"1441 McDougall St Unit 12, Windsor, ON N8X 5C9",,,(226) 774-6429,https://kunaigames.com/,,,Pokemon;Magic;Other,42.30257,-83.02464
Local Comic Shop,Windsor,"3770 Tecumseh Rd E, Windsor, ON N8W 4K5",,,(226) 826-2922,https://localcomicshop.net/,,,Pokemon;Magic;Other,42.30556,-82.97897
Paper Heroes Comic Book Lounge & Collectibles,Windsor,"2857 Howard Ave, Windsor, ON N8X 3Y1",,,(519) 969-7277,,,,Pokemon;Magic;Other,42.28038,-83.00986
Putali Chowk Board Games & Bar,Windsor,"3230 Jefferson Blvd, Windsor, ON N8T 2W8",,,(519) 919-0750,http://www.putalichowk.com/,,,Pokemon;Magic;Other,42.29344,-82.94018
Rogues Gallery Comics,Windsor,"327 Chatham St W, Windsor, ON N9A 5M8",,,(519) 254-9482,http://rgcomics.com/,,,Pokemon;Magic;Other,42.31724,-83.04274
Rose City Sports N Collectables,Windsor,"1487 Ouellette Ave Lower, Windsor, ON N8X 1K1",,,(226) 975-0158,https://linktr.ee/rosecitysports,,,Hockey;Baseball;Basketball;Football,42.30056,-83.02856
SOAR Hobby & More,Windsor,"3153 Walker Rd, Windsor, ON N8W 3R6",,,(226) 783-9221,http://www.soarhobby.com/,,,Pokemon;Magic;Other,42.28175,-82.98152
Tabletop Renaissance Games & Hobbies,Windsor,"2270 Wyandotte St W, Windsor, ON N9B 1K4",,,(519) 915-6973,http://tabletoprenaissance.ca/,,,Pokemon;Magic;Other,42.30564,-83.06199
The CG Realm,Windsor,"1214 Ottawa St Unit 201, Windsor, ON N8X 2E5",,,(519) 915-6666,http://www.thecgrealm.com/,,,,42.30982,-83.01325
Collector's Avenue Montréal,Montréal,"5155 boulevard Décarie, Montréal, QC H3W 3C2",,,514-488-8881,https://collectorsavenue.com/fr,,Buys;Sells;Trades Singles;Sells Wax,Hockey;Baseball;Basketball;Football,45.48437,-73.62984
Collector's Avenue West Island,Dollard-des-Ormeaux,"4065 boulevard St-Jean, Dollard-des-Ormeaux, QC H9G 2R4",,,514-696-2273,https://collectorsavenue.com/fr,,Buys;Sells;Trades Singles;Sells Wax,Hockey;Baseball;Basketball;Football,45.47741,-73.83838
Miraj Trading,Montréal,"310 boulevard Crémazie Ouest, Unit B, Montréal, QC H2P 1C6",,,514-448-0755,https://www.mirajtrading.com/,https://www.instagram.com/mirajtrading,Sells;Sells Wax,Hockey;Baseball;Football;Soccer;Pokemon,45.53682,-73.64401
Cartes Champions,Anjou (Montréal),"7373 rue Jarry Est, Anjou, QC H1G 1G8",,,514-955-4120,https://cartes-champions.business.site/,,Sells;Sells Wax,Hockey;Baseball;Basketball;Football,45.60445,-73.57367
Game Keeper Verdun,Verdun (Montréal),"4430 rue Wellington, Verdun, QC H4G 1W5",,,438-381-1010,https://www.gamekeeperverdun.com/,,Sells;Trades Singles,Hockey;Pokemon;Magic,45.45966,-73.56697
Geek Factory MTL,Montréal,"2622 rue Jean-Talon Est, Montréal, QC H2A 1V3",,,438-476-0243,,,Sells,Hockey;Pokemon,45.55542,-73.60012
TW Sportcards,Montréal,"5264 rue Bélanger, Montréal, QC",,,438-385-4433,https://www.twsportscards.com/,,Sells;Buys;Trades Singles,Hockey;Baseball;Basketball;Football,45.57662,-73.57677
The Card Palace,Montréal,"932 rue Sainte-Croix, Saint-Laurent, QC",,,514-747-3986,,,Sells;Sells Wax,Hockey,47.04401,-70.88968
The Cards Vault,Lachine (Montréal),"1260 rue Notre-Dame, Lachine, QC",,,514-538-3010,,,Sells;Sells Wax,Hockey,45.43508,-73.67513
Capitaine Québec,Montréal,"1837 rue Sainte-Catherine Ouest, Montréal, QC",,,514-939-9970,,,Sells;Sells Wax,Hockey;Pokemon;Other,45.49338,-73.58020
Librairie Crossover Comics,Montréal,"3560 rue Notre-Dame Ouest, Montréal, QC",,,514-284-7373,,,Sells;Sells Wax,Hockey;Pokemon;Other,45.47985,-73.58008
Cosmix,Saint-Laurent (Montréal),"931 boulevard Décarie, Saint-Laurent, QC",,,514-744-9494,,,Sells;Sells Wax,Hockey;Pokemon;Other,45.51355,-73.68113
Chez Geeks,Montréal,"1460-A rue Jean-Talon Est, Montréal, QC",,,514-903-3433,,,Sells;Sells Wax,Pokemon;Magic;Hockey,45.54620,-73.60823
1000000 Comix,Montréal,"3868 rue Jean-Talon Est, Montréal, QC",,,514-725-1355,,,Sells;Sells Wax,Hockey;Pokemon;Other,45.56504,-73.59235
Ontario Bric à Brac,Montréal,"3521 rue Ontario Est, Montréal, QC",,,514-522-2747,,,Sells;Sells Wax,Hockey,45.54445,-73.54541
CardChasers (Les Collectionneurs CardChasers),Laval,"1712 boulevard des Laurentides, Vimont, Laval, QC H7M 2P4",,,514-250-2273,https://www.cardchasersmtl.com/,https://www.instagram.com/cardchasersmtl,Sells;Grading Services;Breaks,Hockey;Baseball;Basketball;Football;Soccer;Pokemon;Magic,45.59709,-73.72273
Ultime Sports Collection,Laval,"1785 boulevard du Curé-Labelle, Laval, QC H7T 1L1",,,450-934-2201,https://www.ultimesportscollection.com/,,Buys;Sells;Trades Singles;Sells Wax,Hockey;Baseball;Basketball;Football,45.56130,-73.77304
Cartes sportives Jumbo Bear,Laval,"1004 B rue de Callières, Laval, QC H7E 3N2",,,450-664-3446,,,Sells,Hockey,45.59284,-73.66874
La Boîte à BD de Laval,Laval,"5555-25 boulevard des Laurentides, Laval, QC H7K 2K4",,,450-628-9917,http://www.laboiteabd.com/,,Sells,Hockey;Pokemon;Other,45.62707,-73.75086
TopDeck Hero Laval,Laval,"29 boulevard Curé-Labelle, Laval, QC",,,450-628-0027,,,Sells;Sells Wax,Pokemon;Magic;Hockey,45.53453,-73.72969
BD Cosmos,Laval,"1884 boulevard Saint-Martin Ouest, Laval, QC",,,450-934-3922,,,Sells;Sells Wax,Hockey;Pokemon;Other,45.56595,-73.73072
L'Imaginaire Laval,Laval,"3003 boulevard Le Carrefour, Laval, QC",,,450-231-0096,https://imaginaire.com/fr,,Sells;Sells Wax,Hockey;Pokemon;Magic,45.57078,-73.74900
Les Entreprises Bluenose,Pointe-Claire,"267 boulevard Saint-Jean, Pointe-Claire, QC H9R 3J1",,,514-695-4313,https://bluenosecollect.com/,,Sells;Buys;Trades Singles,Hockey;Baseball;Basketball;Football,45.44542,-73.81410
L'Imaginaire Pointe-Claire,Pointe-Claire,"6801 route Transcanadienne, Pointe-Claire, QC",,,514-694-1857,https://imaginaire.com/fr,,Sells;Sells Wax,Hockey;Pokemon;Magic,45.46321,-73.83052
Zone Collection Rive-Sud,Longueuil,"2131 rue Sainte-Hélène, Longueuil, QC J4K 3T5",,,514-983-2893,https://www.zonecollection.ca/,,Sells;Buys;Trades Singles,Hockey;Pokemon;Magic,45.51371,-73.48547
Cartes de Sport Check-Swing,Brossard,"7250 boulevard Taschereau, Unit 56, Brossard, QC J4W 1N1",,,450-443-5555,http://checkswing.ca/,,Sells;Buys;Trades Singles,Hockey;Baseball;Basketball;Football,45.46013,-73.46716
All-In Hobby Sports,Brossard,"7405 boulevard Grande-Allée, Unit 40, Brossard, QC",,,450-445-0444,,,Sells;Sells Wax,Hockey,45.54992,-73.66627
Rémi Card Trader,Saint-Hubert (Longueuil),"1400 boulevard Édouard, suite 117, Saint-Hubert, QC J4T 3T2",,,514-647-4850,https://www.remisportcard.com/,https://www.instagram.com/remicardtrader,Buys;Sells;Trades Singles;Grading Services;Breaks;Sells Wax,Hockey;Baseball;Basketball;Football;Pokemon;Magic,45.50295,-73.46807
La madame des cartes,Saint-Hubert (Longueuil),"Marché Marcado, kiosque 117-121, 3565 boulevard Taschereau, Saint-Hubert, QC J4T 2G2",,,450-812-5202,,,Sells,Hockey,45.49154,-73.47399
3 Mana,Saint-Hubert (Longueuil),"3055 Montée Saint-Hubert, Saint-Hubert, QC",,,450-486-1551,,,Sells;Sells Wax,Pokemon;Magic;Hockey,45.50056,-73.42376
Poke Jeux,Boucherville,"513 rue Samuel-De Champlain, Unit 100, Boucherville, QC",,,450-356-1007,,,Sells;Sells Wax,Pokemon;Hockey,45.60049,-73.44591
TopDeck Hero Boucherville,Boucherville,"1001 boulevard de Montarville, Unit 12, Boucherville, QC",,,450-641-7650,,,Sells;Sells Wax,Pokemon;Magic;Hockey,45.59095,-73.43362
L'Imaginaire St-Bruno,Saint-Bruno-de-Montarville,"Promenades St-Bruno, 1 boulevard des Promenades, Saint-Bruno-de-Montarville, QC J3V 6A8",,,450-286-5389,https://imaginaire.com/fr,,Sells;Sells Wax,Hockey;Pokemon;Magic,45.50536,-73.37833
Cartes Sportives Rive-Sud,Sainte-Catherine,"6252 route 132, Sainte-Catherine, QC",,,450-632-0222,https://cartessportivesrivesud.com/,,Sells;Buys;Trades Singles;Sells Wax,Hockey;Pokemon;Magic;One Piece,45.39648,-73.58786
Cartes Sportives Rive-Sud (McMasterville),McMasterville,"761 boulevard Laurier, Unit 102, McMasterville, QC",,,450-446-0333,https://cartessportivesrivesud.com/,,Sells;Buys;Trades Singles;Sells Wax,Hockey;Pokemon;Magic;One Piece,45.54525,-73.23721
Between 2 Games,Saint-Amable,"404 rue Alain, Unit 7, Saint-Amable, QC",,,450-338-3358,,,Sells;Sells Wax,Pokemon;Magic;Hockey,45.63850,-73.31250
DSM Sports Cards Collectors (Le roi des cartes),Beloeil,"272 rue Duvernay, Beloeil, QC J3G 2M2",,,450-281-0625,https://dsmsportscardscollectors.com/,,Buys;Sells;Trades Singles,Hockey;Baseball;Basketball;Football,45.56442,-73.20825
Univers Fantastique,Beloeil,"951 rue Bernard-Pilon, Beloeil, QC J3G 1V7",,,450-813-7334,http://www.universfantastique.co/,,Sells,Pokemon;Magic;Hockey,45.55669,-73.22969
Collections Manlo,Saint-Jean-sur-Richelieu,"788 rue Saint-Jacques, Saint-Jean-sur-Richelieu, QC J3B 2N1",,,450-347-3899,,,Sells,Hockey,45.30586,-73.28407
LGC Collections,Saint-Jean-sur-Richelieu,"450 boulevard du Séminaire Nord, Saint-Jean-sur-Richelieu, QC J3B 5L3",,,438-499-3992,,,Sells,Hockey,45.31394,-73.26537
Zone Collection St-Jean,Saint-Jean-sur-Richelieu,"276 boulevard Saint-Luc, local 1, Saint-Jean-sur-Richelieu, QC",,,450-999-3514,https://www.zonecollection.ca/,,Sells;Sells Wax,Hockey;Pokemon;Magic,45.35484,-73.29705
Librairie Moderne,Saint-Jean-sur-Richelieu,"1001 boulevard du Séminaire Nord, Saint-Jean-sur-Richelieu, QC",,,450-349-4584,,,Sells;Sells Wax,Hockey;Pokemon;Other,45.33582,-73.26718
La Carte Cachée,Saint-Jean-sur-Richelieu,"149 rue Richelieu, Saint-Jean-sur-Richelieu, QC",,,450-515-1400,,,Sells;Sells Wax,Pokemon;Magic;Hockey,45.30514,-73.25050
450 Sports,Blainville,"1340 boulevard du Curé-Labelle, local G, Blainville, QC",,,450-939-5389,http://www.450sports.com/,,Buys;Sells;Trades Singles;Sells Wax,Hockey;Baseball;Basketball;Football,45.68814,-73.90168
Savage Cards,Piedmont / Saint-Sauveur,"695 chemin Avila, Unit 5, Piedmont, QC J0R 1R3",,,450-227-1163,https://savagecardsbreaks.com/,,Sells;Breaks,Hockey;Baseball;Basketball;Football,45.88916,-74.14412
Boutique La Coupe Stanley,Saint-Jérôme,"562 rue Saint-Georges, Saint-Jérôme, QC",,,450-565-0369,,,Sells;Sells Wax,Hockey,45.78305,-74.00184
Cartes Léo,Lachute,"256 avenue Bethany, Lachute, QC",,,438-899-7784,,,Sells;Sells Wax,Hockey,45.65068,-74.33082
Collectionick,Mirabel,"13941 rue Saint-Simon, Mirabel, QC",,,450-275-3785,,,Sells;Sells Wax,Hockey;Pokemon,45.70561,-74.09577
Le Coin du Jouet,Mont-Tremblant,"976 rue de Saint-Jovite, Mont-Tremblant, QC",,,819-717-3266,,,Sells;Sells Wax,Hockey,46.11873,-74.59516
La Place du Hobby,Terrebonne,"1188 boulevard des Seigneurs Est, Terrebonne, QC J6W 3W4",,,450-492-6729,https://www.laplaceduhobby.com/,,Sells;Sells Wax,Hockey;Pokemon;Magic;Other,45.70004,-73.64598
Carto-Puces,Terrebonne,"581 boulevard des Seigneurs, Terrebonne, QC J6W 1T5",,,450-964-2694,,,Sells,Hockey,45.70425,-73.63450
Sports Collection 99,Terrebonne,"258 Côte de Terrebonne, Terrebonne, QC",,,450-621-9599,https://sportscollection99.com/,,Sells;Buys;Trades Singles;Sells Wax,Hockey;Baseball;Basketball;Football,45.67638,-73.74416
Le Coin du Jeu,Terrebonne,"313 Montée des Pionniers, Terrebonne, QC",,,450-581-4444,,,Sells;Sells Wax,Pokemon;Magic;Hockey,45.71180,-73.51312
Cartes sur table,L'Assomption,"862 boulevard de l'Ange-Gardien Nord, L'Assomption, QC J5W 1P1",,,514-497-3768,,,Sells;Sells Wax,Hockey,45.84115,-73.41571
TW Repentigny,Repentigny,"423 boulevard Lacombe, Repentigny, QC J5Z 1N9",,,450-932-7444,https://www.twsportscards.com/,,Sells;Buys;Trades Singles,Hockey;Baseball;Basketball;Football,45.75392,-73.47028
Les Mordus De La Carte (TopDeck Hero Joliette),Joliette,"60 Place Bourget Sud, Unit 2, Joliette, QC J6E 5E7",,,450-759-2362,,,Sells;Sells Wax,Hockey;Pokemon;Magic,46.02449,-73.43924
Sport Collect 2010,Salaberry-de-Valleyfield,"405 boulevard du Havre, Salaberry-de-Valleyfield, QC J6S 1T1",,,450-371-0400,http://sportcollect2010.com/,,Buys;Sells;Trades Singles;Sells Wax,Hockey;Baseball;Basketball;Football,45.26380,-74.13256
Village des Héros,Châteauguay,"131 boulevard Saint-Joseph, Unit D, Châteauguay, QC",,,450-699-4376,,,Sells;Sells Wax,Hockey;Pokemon,45.34938,-73.73189
Collect-Édition,Candiac,"17 boulevard Montcalm Nord, Candiac, QC",,,450-659-2424,http://collect-edition.com/,,Sells;Sells Wax,Hockey;Baseball;Basketball;Football,45.39296,-73.51579
Sports La Tornade,Vaudreuil-Dorion,"1 avenue de la Fabrique, Vaudreuil-Dorion, QC",,,450-218-3133,https://sportslatornade.com/,,Sells;Sells Wax,Hockey;Pokemon;Magic,45.38390,-74.01081
Universe Collectibles,Vaudreuil-Dorion,"555A avenue Saint-Charles, Vaudreuil-Dorion, QC",,,450-455-1686,,,Sells;Sells Wax,Hockey;Pokemon,45.40586,-74.03242
TPM Hobby et Collection,Québec,"Centre d'achats Fleur de Lys, 550 boulevard Wilfrid-Hamel, Québec, QC G1M 2S6",,,418-524-7894,https://www.boutique-tpm.com/,,Sells;Buys;Trades Singles;Sells Wax,Hockey;Baseball;Basketball;Football,46.82098,-71.24863
Hobby et Collection (TPM),Québec,"Galeries de la Capitale, 5401 boulevard des Galeries, Québec, QC",,,418-614-7876,https://www.boutique-tpm.com/,,Sells;Sells Wax,Hockey;Baseball;Basketball;Football,46.83083,-71.29939
L'Imaginaire Québec,Québec (Ste-Foy),"Place Laurier, 2740 boulevard Laurier, 3e étage, Québec, QC G1V 4P7",,,418-658-5639,https://imaginaire.com/fr,,Sells;Sells Wax,Hockey;Pokemon;Magic,46.76927,-71.28488
418 Sports,Québec (Charlesbourg),"1750 rue du Périgord, local 30, Charlesbourg, QC G1G 5X3",,,418-914-1505,https://marchejeantalon.com/boutique/418-sport/,,Sells;Buys;Trades Singles,Hockey;Baseball;Basketball;Football,46.86699,-71.29171
Free Game,Québec,"3333 rue du Carrefour, Québec, QC",,,418-660-6898,,,Sells;Sells Wax,Hockey;Pokemon;Magic,46.86062,-71.21777
L'Arène des Dieux,Québec,"2300 boulevard Père-Lelièvre, Québec, QC",,,581-300-3311,,,Sells;Sells Wax,Pokemon;Magic;Hockey,46.81209,-71.29918
Stakk (Québec),Québec,"2700 rue Jean-Perrin, Unit 170, Québec, QC",,,367-776-1936,https://stakk.ca/,,Sells;Sells Wax,Hockey;Pokemon;Baseball;Football,46.82169,-71.31303
L'Imaginaire Lévis,Lévis,"Galeries Chagnon, 1200 boulevard Alphonse-Desjardins, Lévis, QC G6V 6Y8",,,418-476-8879,https://imaginaire.com/fr,,Sells;Sells Wax,Hockey;Pokemon;Magic,46.79634,-71.17236
Stakk (Saint-Eustache HQ),Saint-Eustache,"210 25e Avenue, Unit 1250, Saint-Eustache, QC J7P 4Z8",,,450-491-7777,https://stakk.ca/,,Sells;Sells Wax,Hockey;Pokemon;Baseball;Football,45.57610,-73.87636
Les Cartes Sportives M.C.,Saint-Eustache,"Marché aux puces St-Eustache, kiosque 7 et 8, 455 avenue Mathers, Saint-Eustache, QC J7P 4C1",,,514-820-5880,,,Sells;Buys;Trades Singles,Hockey,45.58205,-73.86844
L'Imaginaire Sherbrooke,Sherbrooke,"Carrefour de l'Estrie, 3050 boulevard Portland, Unit 126A, Sherbrooke, QC J1L 1K1",,,819-200-3733,https://imaginaire.com/fr,,Sells;Sells Wax,Hockey;Pokemon;Magic,45.40167,-71.95197
Le Bla-Bla de la carte sportive,Sherbrooke,"27a rue Cate, Sherbrooke, QC J1J 2N9",,,819-569-9146,,,Sells;Buys;Trades Singles,Hockey;Baseball;Basketball;Football,45.39881,-71.93181
Monnaie Sherbrooke,Sherbrooke,"13e Avenue, Unit 930, Sherbrooke, QC",,,819-791-7077,,,Sells;Sells Wax,Hockey,45.40443,-71.86951
L'Armoire à Jeux,Magog,"436 rue Principale Ouest, Magog, QC",,,819-843-1223,,,Sells;Sells Wax,Pokemon;Magic;Hockey,45.26614,-72.15418
La Taverne du Gamer,Magog,"1700 rue Sherbrooke, Unit 110, Magog, QC",,,819-769-3202,,,Sells;Sells Wax,Pokemon;Magic;Hockey,45.27615,-72.13040
Gamers Zone des Jogers,Cowansville,"401 rue du Sud, Cowansville, QC",,,450-263-5389,,,Sells;Sells Wax,Pokemon;Magic;Hockey,45.20484,-72.74632
Centre du Hobby,Trois-Rivières,"3760 boulevard des Forges, Trois-Rivières, QC G8Y 4R2",,,819-372-3867,,,Sells,Hockey;Pokemon;Magic,46.35434,-72.58215
Hobby Nation 3R,Trois-Rivières,"4270 boulevard des Forges, Trois-Rivières, QC G8Y 1W3",,,819-697-1354,https://www.hobbynation3r.com/,,Sells;Buys;Trades Singles,Hockey;Pokemon;Magic,46.35770,-72.58749
L'Imaginaire Trois-Rivières,Trois-Rivières,"Centre commercial Les Rivières, 4225 boulevard des Forges, local E2B, Trois-Rivières, QC G8Y 1W2",,,819-415-5855,https://imaginaire.com/fr,,Sells;Sells Wax,Hockey;Pokemon;Magic,46.35720,-72.58903
Hobby O Max,Trois-Rivières,"77 rue Fusey, Trois-Rivières, QC",,,819-384-9758,,,Sells;Sells Wax,Hockey;Pokemon,46.36567,-72.52733
Gamer's Spot,Trois-Rivières,"840 boulevard des Récollets, Trois-Rivières, QC",,,819-841-5329,,,Sells;Sells Wax,Pokemon;Magic;Hockey,46.36020,-72.57164
Collecto-Sports,Drummondville,"750 boulevard René-Lévesque, local 8, Drummondville, QC J2C 7N7",,,819-477-9595,https://www.collectosports.com/,,Sells;Buys;Trades Singles,Hockey;Baseball;Basketball;Football,45.89815,-72.51573
La magie des cartes,Drummondville,"260-A rue Brock, Drummondville, QC J2C 1M4",,,819-850-6489,http://lamagiedescartes.ca/,,Sells,Pokemon;Magic;Hockey,45.88388,-72.48742
Gamer's Spot,Drummondville,"441 rue Lindsay, Drummondville, QC",,,819-472-5389,,,Sells;Sells Wax,Pokemon;Magic;Hockey,45.88001,-72.48349
Boutique Sportive Alexcardz,Victoriaville,"259 rue Notre-Dame Est, suite 101, Victoriaville, QC",,,819-604-6550,https://www.facebook.com/Alexcardz/,https://www.facebook.com/Alexcardz/,Sells;Buys;Trades Singles,Hockey;Baseball;Basketball;Football,46.05756,-71.95211
Lobby Sport,Saint-Hyacinthe,"5700 rue Martineau, local 106, Saint-Hyacinthe, QC",,,450-253-0202,,,Sells;Sells Wax,Hockey,45.64411,-72.97431
Zone Collection Rive-Sud (Saint-Hyacinthe),Saint-Hyacinthe,"1260 rue des Cascades, Saint-Hyacinthe, QC",,,450-999-3514,https://www.zonecollection.ca/,,Sells;Sells Wax,Hockey;Pokemon;Magic,45.62575,-72.94441
Taverne du Collectionneur,Saint-Hyacinthe,"1060 boulevard Laurier Est, Saint-Hyacinthe, QC",,,450-768-5541,,,Sells;Sells Wax,Hockey;Pokemon,45.63159,-72.93591
Cartomanie,Jonquière (Saguenay),"2408 rue Saint-Dominique, Jonquière, QC G7X 6K6",,,418-695-8031,http://www.cartomanie.com/,,Sells;Buys;Trades Singles,Hockey;Baseball;Basketball;Football,48.41172,-71.25543
Hobby O Max Chicoutimi,Chicoutimi (Saguenay),"405 rue Racine Est, Chicoutimi, QC",,,418-549-9395,,,Sells;Sells Wax,Hockey;Pokemon,48.42831,-71.05610
L'Imaginaire Chicoutimi,Chicoutimi (Saguenay),"1401 boulevard Talbot, Chicoutimi, QC",,,418-579-1966,https://imaginaire.com/fr,,Sells;Sells Wax,Hockey;Pokemon;Magic,48.40481,-71.05435
Kingdom of Titans,Chicoutimi (Saguenay),"1445A rue des Champs-Élysées, Chicoutimi, QC",,,418-557-5087,,,Sells;Sells Wax,Pokemon;Magic;Hockey,48.40244,-71.05076
Galerie du Jouet Chicoutimi,Chicoutimi (Saguenay),"1898 boulevard Talbot, Chicoutimi, QC",,,418-696-2664,,,Sells;Sells Wax,Hockey,48.39530,-71.07114
TW Chicoutimi,Jonquière (Saguenay),"363 rue Racine Est, Jonquière, QC G7H 4S5",,,418-973-2113,https://www.twsportscards.com/,,Sells;Buys;Trades Singles,Hockey;Baseball;Basketball;Football,48.42773,-71.05735
Hobby Saguenay,Jonquière (Saguenay),"2321 rue Poitras, Jonquière, QC",,,581-668-5778,,,Sells;Sells Wax,Hockey;Pokemon,48.40930,-71.17560
Galerie du Jouet Jonquière,Jonquière (Saguenay),"3460 boulevard Saint-François, Jonquière, QC",,,418-547-5361,,,Sells;Sells Wax,Hockey,48.41392,-71.22574
Galerie du Jouet Alma,Alma,"1435 avenue du Pont Sud, Alma, QC",,,418-662-6221,,,Sells;Sells Wax,Hockey,48.52900,-71.65020
Galerie du Jouet Roberval,Roberval,"1221 boulevard Marcotte, Roberval, QC",,,418-275-6429,,,Sells;Sells Wax,Hockey,48.52377,-72.23509
Galerie du Jouet St-Félicien,Saint-Félicien,"1200 boulevard Saint-Félicien, Saint-Félicien, QC",,,418-679-3714,,,Sells;Sells Wax,Hockey,48.65338,-72.45821
Galerie du Jouet Dolbeau,Dolbeau-Mistassini,"1311 boulevard Wallberg, Dolbeau-Mistassini, QC",,,418-276-8592,,,Sells;Sells Wax,Hockey,48.87786,-72.22851
Le Coin de la Carte Sportive,Gatineau,"715 boulevard Saint-Joseph, Gatineau, QC",,,819-770-4103,https://www.lecoindelacartesportive.com/,https://www.facebook.com/lecoindelacartesportive/,Sells;Buys;Trades Singles;Sells Wax,Hockey;Baseball;Basketball;Football,45.45590,-75.74203
Le Centre du Comic Carte Sportive,Gatineau,"865 boulevard Maloney Est, Gatineau, QC",,,819-669-6730,,,Sells;Sells Wax,Hockey;Other,45.48682,-75.60448
Le Foyer du Vidéo,Maniwaki,"184 rue Commerciale, Maniwaki, QC",,,819-449-2359,,,Sells;Sells Wax,Hockey,46.37530,-75.97971
La Zone Rétro,Val-d'Or,"864 3e Avenue, Val-d'Or, QC J9P 1T1",,,819-825-8273,https://www.lazonevd.com/,,Sells;Buys;Trades Singles,Hockey;Pokemon;Magic,48.10333,-77.78887
La Zone Rétro,Amos,"82 1re Avenue Est, Amos, QC J9T 4B2",,,819-825-8273,https://www.lazonevd.com/,,Sells;Buys;Trades Singles,Hockey;Pokemon;Magic,48.57150,-78.11339
La Zone Rétro,Rouyn-Noranda,"93 avenue Principale, Rouyn-Noranda, QC J9X 4P2",,,819-764-9663,https://www.lazonevd.com/,,Sells;Buys;Trades Singles,Hockey;Pokemon;Magic,48.24073,-79.01977
Modern TCG,Rouyn-Noranda,"10a rue Perreault Est, Rouyn-Noranda, QC J9X 4M7",,,819-290-8460,,,Sells;Sells Wax,Pokemon;Magic;Hockey,48.23796,-79.01967
Bocado,La Sarre,"255 3e Rue Est, La Sarre, QC",,,819-333-3384,,,Sells;Sells Wax,Hockey;Pokemon,48.80562,-79.19756
Spoutnik Gaspésie,Chandler,"45 boulevard Pabos, local 1B, Chandler, QC G0C 2H0",,,418-689-6009,https://spoutnikgaspesie.ca/,,Sells;Sells Wax,Hockey;Pokemon;Magic,48.35154,-64.65714
Librairie Alpha,Gaspé,"168 rue de la Reine, Gaspé, QC",,,418-368-5514,,,Sells;Sells Wax,Hockey,48.82897,-64.48517
Hobby Sport Îles-de-la-Madeleine,L'Étang-du-Nord,"1011 chemin de la Vernière, L'Étang-du-Nord, QC",,,418-986-3044,,,Sells;Sells Wax,Hockey,47.37095,-61.88312
Achetons-Vendons,Rivière-du-Loup,"246 rue Lafontaine, Rivière-du-Loup, QC",,,418-860-3232,,,Sells;Sells Wax,Hockey,47.83412,-69.53738
Strictly Singles Sports Cards,Halifax,"3200 Kempt Road, Halifax, NS B3K 4X1",,,902-455-2132,http://www.strictlysinglessports.com/,,Sells;Buys;Trades Singles;Sells Wax,Hockey;Baseball;Basketball;Football;Pokemon;Magic;Other,44.65923,-63.60700
D&M Sports,Halifax,"201 Chain Lake Drive, Unit 17A, Bayers Lake, Halifax, NS B3S 1C8",,,902-468-1895,https://www.dmsportscards.com/,,Sells;Buys;Trades Singles;Sells Wax,Hockey;Baseball;Basketball;Football;Pokemon,44.64893,-63.67708
AMG Collectibles,Bedford (Halifax),"1658 Bedford Highway, Unit 200, Bedford, NS",,,902-407-5002,https://amgcollectibles.ca/,,Sells,Hockey;Baseball;Basketball;Football,44.73640,-63.65684
Light the Lamp Sports Cards,Sydney,"367 Charlotte Street, Sydney, NS",,,902-562-6776,,,Sells;Sells Wax,Hockey,46.13715,-60.19424
Henry's Hut Hobbies and Collectibles,New Glasgow,"168 Archimedes Street, New Glasgow, NS",,,902-752-9366,,,Sells;Sells Wax,Hockey;Pokemon,45.58704,-62.64447
Rainbow's End Book and Discs,Wolfville,"395 Main Street, Wolfville, NS",,,902-697-3090,,,Sells;Sells Wax,Hockey,45.09150,-64.36056
Books Galore,Coldbrook,"6637 Highway 1, Unit 4, Coldbrook, NS",,,902-679-9816,,,Sells;Sells Wax,Hockey,45.06179,-64.59942
Gator Byte Computers & Entertainment,Yarmouth,"316 Main Street, Yarmouth, NS",,,902-742-2287,,,Sells;Sells Wax,Hockey;Pokemon,43.83557,-66.12023
D&M Sports Cards,Moncton,"34 Plaza Boulevard, Moncton, NB E1C 0G4",,,506-852-3244,https://www.dmsportscards.com/,,Sells;Buys;Trades Singles;Sells Wax,Hockey;Baseball;Basketball;Football;Pokemon,46.11334,-64.82743
Trading Card Warehouse,Moncton,"102 Saint George Street, Moncton, NB",,,506-889-7452,https://www.facebook.com/p/Trading-Card-Warehouse-61570242275486/,https://www.facebook.com/p/Trading-Card-Warehouse-61570242275486/,Sells,Pokemon;Magic;One Piece;Lorcana,46.09225,-64.77646
B&T Sportscards & Gaming,Bathurst,"275 Douglas Avenue, Bathurst, NB",,,506-549-4327,,,Sells;Sells Wax,Hockey;Pokemon;Magic,47.61925,-65.65604
Vintage Pursuit Hobby Shop,Saint John,"519 Westmorland Road, Saint John, NB",,,506-645-1121,,,Sells;Buys;Trades Singles,Hockey;Baseball;Basketball;Football;Other,45.30738,-66.01656
Heroes' Beacon,Saint John,"25 Charlotte Street, Saint John, NB",,,506-214-5755,,,Sells;Sells Wax,Pokemon;Magic;Hockey,45.27448,-66.05936
Fundy Coins and Collectibles,Saint John,"78 Main Street West, Saint John, NB",,,506-642-2646,,,Sells;Sells Wax,Hockey,45.25673,-66.09710
Cardboard Slingers Collectables,Oromocto,"268 Restigouche Road, Oromocto, NB",,,506-262-6699,,,Sells;Sells Wax,Hockey;Pokemon,45.84121,-66.49887
Card Rack,Fredericton,"Brookside Mall, 435 Brookside Drive, Unit 68, Fredericton, NB",,,506-451-7773,https://www.facebook.com/cardrackbrooksidemall/,https://www.facebook.com/cardrackbrooksidemall/,Sells;Sells Wax,Hockey;Pokemon;Magic,45.99222,-66.65201
Cardboard Hero Fredericton,Fredericton,"Fredericton, NB",,,506-206-9505,https://www.cardboardherofredericton.com/,https://www.facebook.com/cardboardherofredericton,Sells;Grading Services;Sells Wax,Pokemon;Magic;One Piece;Lorcana;Yu-Gi-Oh;Hockey;Baseball;Basketball;Football,45.96112,-66.64175
Endeavours ThinkPlay,Fredericton,"Fredericton, NB",,,,https://www.endeavoursthinkplay.com/,,Sells,Pokemon;Magic,45.96112,-66.64175
Boutique Nostalgies,Lamèque,"83 rue du Pêcheur Nord, Lamèque, NB",,,506-599-9501,,,Sells;Sells Wax,Hockey,47.79802,-64.64425
Backmandy Collectibles,Charlottetown,"152 Belvedere Avenue, Charlottetown, PE C1A 2Z1",,,902-892-3113,https://backmandy.ca/,https://www.facebook.com/BackmandyCollectibles/,Sells;Buys;Trades Singles;Sells Wax,Hockey;Baseball;Basketball;Football,46.25555,-63.12908
Exor Games,Charlottetown,"51 Allen Street, Charlottetown, PE",,,902-894-6371,https://exorgames.com/,,Sells;Sells Wax,Pokemon;Magic;Hockey,46.24620,-63.13137
EM Cards and Collectibles,Charlottetown,"95 Capital Drive, Unit 1166, Charlottetown, PE",,,902-894-9834,,,Sells;Sells Wax,Hockey;Pokemon,46.26508,-63.15500
Gifted Rookies,Charlottetown,"Royalty Crossing Mall, 670 University Avenue, Charlottetown, PE",,,,https://giftedrookies.ca/,,Sells;Buys;Trades Singles,Hockey;Baseball;Basketball;Football;Soccer;Golf,46.26472,-63.14691
Downtown Cards,Charlottetown,"Charlottetown, PE",,,,https://www.facebook.com/downtowncards/,https://www.facebook.com/downtowncards/,Sells,Hockey;Pokemon;Other,46.23541,-63.12654
Maverick Sports & Collectables,St. John's,"250 Water Street, St. John's, NL",,,709-738-2888,https://www.facebook.com/mavericksportsandcollectables/,https://www.facebook.com/mavericksportsandcollectables/,Sells;Buys;Trades Singles;Sells Wax,Hockey;Baseball;Basketball;Football;Other,47.56280,-52.70862
Nether World,St. John's,"44 Crosbie Road, St. John's, NL",,,709-754-4017,,,Sells;Sells Wax,Pokemon;Magic;Hockey,47.55729,-52.74373
Entertainment Centre,St. John's,"37 O'Leary Avenue, St. John's, NL",,,709-754-2277,,,Sells;Sells Wax,Hockey;Pokemon,47.55976,-52.76017
Entertainment Centre,Bay Roberts,"260 Main Road, Bay Roberts, NL",,,709-786-0963,,,Sells;Sells Wax,Hockey;Pokemon,47.57218,-53.25064
CardBreakNL,Mount Pearl,"1027 Topsail Road North, Unit 301, Mount Pearl, NL",,,709-745-5791,,,Sells;Breaks;Sells Wax,Hockey,47.52469,-52.80895
Cards Coins and Collectibles,Corner Brook,"8 Broadway, Corner Brook, NL",,,709-634-8200,,,Sells;Sells Wax,Hockey,48.95061,-57.95316
Pastime Sports & Games (Langley),Langley,"#102 - 6375 202 Street, Langley, BC V2Y 1N1",,,604-530-5507,https://pastimesports.ca/,,Buys;Sells;Trades Singles;Sells Wax;Breaks,Hockey;Baseball;Basketball;Football;Pokemon;Magic;Other,49.11834,-122.66390
Pastime Sports & Games (Metrotown),Burnaby,"Metropolis at Metrotown Unit G15, 4700 Kingsway, Burnaby, BC V5H 4M5",,,604-432-9979,https://pastimesports.ca/,,Buys;Sells;Trades Singles;Sells Wax;Breaks,Hockey;Baseball;Basketball;Football;Pokemon;Magic;Other,49.22675,-123.00118
Pastime Sports & Games (Capilano),North Vancouver,"Capilano Mall Unit 37, 935 Marine Drive, North Vancouver, BC",,,236-551-2257,https://pastimesports.ca/,,Buys;Sells;Trades Singles;Sells Wax;Breaks,Hockey;Baseball;Basketball;Football;Pokemon;Magic;Other,49.32248,-123.10013
Pastime Sports & Games (Guildford),Surrey,"Guildford Town Centre, 10355 152 Street, Surrey, BC",,,604-584-5507,https://pastimesports.ca/,,Buys;Sells;Trades Singles;Sells Wax;Breaks,Hockey;Baseball;Basketball;Football;Pokemon;Magic;Other,49.18948,-122.80350
Wally's Pro Sports Cards,Vancouver,"2646 E Hastings St, Vancouver, BC",,,604-255-8955,https://www.wallyscards.ca/,https://www.facebook.com/p/Wallys-Pro-Sports-Cards-100084008919534/,Buys;Sells;Sells Wax,Hockey;Football;Baseball;Pokemon;Magic;Other,49.28088,-123.05056
UBECard,Vancouver,"4306 Dunbar Street, Vancouver, BC V6S 2G3",,,604-394-2273,https://ubecard.com/,,Buys;Sells;Trades Singles;Grading Services;Sells Wax;Breaks;Trade Nights,Hockey;Baseball;Basketball;Football;Pokemon;Magic;Other,49.24795,-123.18507
Local Legends Cards & Collectibles,Vancouver,"1610 Robson St #110, Vancouver, BC V6G 1C7",,,604-674-3676,https://www.locallegendscardsncollectibles.com/,https://www.facebook.com/LocalLegendsCnC/,Buys;Sells;Trades Singles,Hockey;Football;Baseball;Basketball;Pokemon;Magic;Other,49.28946,-123.13295
Hobbybox604,North Vancouver,"708 Queensbury Avenue, North Vancouver, BC V7L 3V9",,,604-900-1884,https://604hobbybox.com/,,Sells;Breaks,Hockey;Baseball;Basketball;Football;Other,49.31276,-123.05718
Let's Collect Cards,Burnaby,"141-9855 Austin Road, Burnaby, BC V3J 1N4",,,236-979-2270,https://www.letscollectcards.com/,,Buys;Sells;Trades Singles;Grading Services;Breaks,Hockey;Baseball;Basketball;Football;Pokemon;Other,49.25133,-122.89586
Arcardia Collectibles & Exchange,Richmond,"3700 No. 3 Rd Unit #2320, Richmond, BC V6X 2C1",,,778-707-8778,https://arcardia.ca/,,Buys;Sells;Trades Singles,Other;Pokemon;Magic,49.18621,-123.13344
Vancity CJ Trading Cards,Richmond,"3700 No. 3 Rd Unit 2340 (Yaohan Centre), Richmond, BC V6X 2C1",,,778-858-6899,https://vancitycj.com/,https://www.instagram.com/vancity.cj/,Buys;Sells;Trades Singles,Pokemon;Other,49.18621,-123.13344
Team Collectors,Richmond,"Parker Place Mall, 4380 No. 3 Road, Richmond, BC V6X 3V7",,,,https://teamcollectors.com/,,Sells;Trades Singles,Pokemon;Other,49.18166,-123.13508
Collectors Corner,Maple Ridge,"102-20285 Stewart Crescent, Maple Ridge, BC V2X 8G1",,,,https://collectorscorner.ca/,,Buys;Sells,Hockey;Baseball;Basketball;Football;Other,49.21034,-122.66072
Wiser's Wide World of Collectibles,Langley,"B2-9640 201 Street, Langley, BC V1M 3E8",,,604-882-7616,https://www.wiserscollectibles.com/,,Buys;Sells;Trades Singles;Breaks,Hockey;Baseball;Basketball;Football;Magic;Other,49.17816,-122.66357
Goalline Sports Cards,Chilliwack,"District 1881, 46128 Yale Rd, Chilliwack, BC",,,,,https://www.facebook.com/goallinesportscards/,Buys;Sells;Breaks,Hockey;Baseball;Basketball;Football,49.17108,-121.95148
Kanto Poke Mart,Chilliwack,"District 1881, 46128 Yale Rd, Chilliwack, BC",,,,,,Sells,Pokemon,49.17108,-121.95148
Triple Play Sports Cards,Victoria,"1209 Wharf St, Victoria, BC V8W 1T9",,,250-384-3311,https://www.tripleplaysc.com/,https://www.facebook.com/tripleplaysc/,Buys;Sells;Trades Singles,Hockey;Baseball;Basketball;Football;Pokemon;Magic;Other,48.42623,-123.36983
Gauntlet Games,Victoria,"103-1633 Hillside Ave, Victoria, BC V8T 2C4",,,,https://www.gauntletgamesvictoria.ca/,,Sells;Trades Singles,Pokemon;Magic;Other,48.44493,-123.33437
Epic Games & More,Victoria,"776 Hillside Ave, Victoria, BC",,,,https://www.epicgamesvic.com/,,Sells,Pokemon;Magic;Other,48.43926,-123.36419
Sports Card Alley,Nanaimo,"2220 Bowen Road, Nanaimo, BC V9S 1H9",,,250-758-1484,,https://www.facebook.com/sportalley/,Buys;Sells;Trades Singles,Hockey;Pokemon;Magic;Other,49.19294,-123.99170
Colossal Cards and Collectables,Courtenay,"542 Comox Road, Courtenay, BC V9N 3P4",,,250-871-6627,,https://www.facebook.com/Colossal.CV/,Buys;Sells;Trades Singles,Hockey;Pokemon;Magic;Other,49.69361,-124.99220
The Card Corner and Games,Port Alberni,"Unit A - 5262 Argyle Street, Port Alberni, BC V9Y 1T9",,,,,,Sells;Trades Singles,Pokemon;Magic;Other,49.23452,-124.81169
Players Choice Sports,Kelowna,"2-310 Banks Rd, Kelowna, BC V1X 6Y4",,,250-862-2737,https://playerschoicesports.com/,https://www.facebook.com/playerschoicekelowna/,Buys;Sells;Trades Singles;Sells Wax;Breaks,Hockey;Baseball;Basketball;Football;Other,49.88520,-119.42436
Okanagan Sportscards & Comics,Kelowna,"1795 Harvey Ave, Kelowna, BC V1Y 6G4",,,250-860-6554,https://okanagansportscardsandcomics.com/,https://www.facebook.com/Okanagancomics/,Buys;Sells,Hockey;Baseball;Basketball;Football;Pokemon;Magic;Other,49.88150,-119.45592
Penticton Sports Cards & Collectables,Penticton,"288 Westminster Ave W, Penticton, BC V2A 1J9",,,250-460-2773,,https://www.facebook.com/PentictonSportsCards/,Buys;Sells;Trades Singles,Pokemon;Magic;Other,49.49917,-119.59744
Omar's Collectibles,Vernon,"3404 31st Avenue, Vernon, BC V1T 7L3",,,250-503-5501,https://www.omarsbc.ca/,,Buys;Sells,Hockey;Baseball;Basketball;Football;Other,50.26438,-119.27784
Kootenay Sports Cards & Collectables,Cranbrook,"1777 2nd Street N, Cranbrook, BC V1C",,,,,https://www.instagram.com/kootenaysportscards/,Buys;Sells;Trades Singles,Hockey;Baseball;Basketball;Football;Other,49.51302,-115.75709
The Game Hub,Kamloops,"1304 Battle St, Kamloops, BC V2C 2N8",,,,https://www.thegamehub.ca/,,Sells;Trades Singles,Pokemon;Magic;Other,50.67335,-120.30903
Desert City Games,Kamloops,"171 Leigh Rd, Kamloops, BC",,,250-457-2257,https://www.desertcitygamestcg.ca/,https://www.facebook.com/DesertCityGames/,Sells;Trades Singles,Pokemon;Magic;Other,50.68548,-120.35063
Tumbleweed Toys,Kamloops,"1201-A Summit Drive, Kamloops, BC V2C 6B8",,,250-372-3500,https://www.tumbleweedtoys.ca/,,Sells,Pokemon;Magic;Other,50.66723,-120.35318
Great White Toys · Comics · Games,Prince George,"795 Central Street W, Prince George, BC",,,,https://www.greatwhite.ca/,https://www.facebook.com/greatwhite.ca/,Sells,Hockey;Pokemon;Magic;Other,53.91909,-122.78326
A-Star Collectibles,Prince George,"Pine Centre Mall, 3055 Massey Drive, Prince George, BC V2N 2S9",,,,,,Sells,Hockey;Baseball;Basketball;Football;Other,53.89931,-122.78008
Mandalorian Emporium,Squamish,"1333 Pemberton Ave, Squamish, BC V8B 0A6",,,,,https://www.facebook.com/MandalorianEmporium/,Sells;Trades Singles,Pokemon;Magic;Other,49.70257,-123.15235
306 Sports Cards,Saskatoon,"2B 718 Circle Drive East, Saskatoon, SK",,,306-979-2273,https://www.306sportscards.com/,https://www.facebook.com/306sportscards/,Buys;Sells;Trades Singles;Grading Services;Breaks,Hockey;Baseball;Basketball;Football;Pokemon;Other,52.15836,-106.65545
RAD Cards and Collectibles,Saskatoon,"A7 3510 8th Street East, Saskatoon, SK",,,,https://radcardsandcollectibles.com/,https://www.facebook.com/p/RAD-Cards-and-Collectibles-100089882463699/,Buys;Sells,Hockey;Baseball;Basketball;Football;Other,52.11342,-106.59642
Collector's Lane,Saskatoon,"34-2325 Preston Avenue (Market Mall), Saskatoon, SK S7J 2G2",,,306-373-9911,https://saskatoonmarketmall.com/stores/collector-s-lane/,,Sells;Trades Singles,Hockey;Pokemon;Magic;Other,52.10144,-106.62020
Mana Vault,Saskatoon,"3521 8 St E Unit B7, Saskatoon, SK S7H 0W5",,,,https://themanavault.ca/,https://www.facebook.com/manavaultsk/,Sells;Trades Singles,Pokemon;Magic;Other,52.11502,-106.62502
Big Time Sportscards,Regina,"1042 Albert Street, Regina, SK",,,,,,Buys;Sells,Hockey;Baseball;Basketball;Football;Other,50.46210,-104.61860
Man Cave Sports Cards,Regina,"B-1865 Mackay St, Regina, SK",,,,,,Buys;Sells,Hockey;Baseball;Basketball;Football;Other,50.44899,-104.58057
The Nut Man (Cards & Collectables),Regina,"1408 Lorne St, Regina, SK S4R 2K4",,,306-565-3909,https://www.nutmanregina.com/,,Sells,Hockey;Pokemon;Magic;Other,50.45650,-104.61380
Sportsworld Collectibles,Regina,"Victoria Square Shopping Centre, 2223 Victoria Avenue E, Regina, SK S4N 6E4",,,,,https://www.facebook.com/sportsworldcollectibles/,Buys;Sells,Hockey;Other,50.44533,-104.55231
Flawless Victory,Prince Albert,"2805 6 Ave E #106, Prince Albert, SK S6V 6Z6",,,,https://www.flawlessvictory.ca/,,Sells,Pokemon;Magic;Other,53.18689,-105.73855
Ultimate Fan Zone,Moose Jaw,"37 Main St N, Moose Jaw, SK S6H 0V8",,,306-693-3267,https://ultimatefanzone.ca/,https://www.facebook.com/UltimateFanzoneMooseJaw/,Sells,Hockey;Pokemon;Magic;Other,50.39055,-105.53438
Superstars Sports Collectibles,Winnipeg,"1885C Portage Avenue, Winnipeg, MB R3J 0H3",,,,http://www.superstarssports.com/,,Buys;Sells,Hockey;Baseball;Basketball;Football;Other,49.87900,-97.21973
CanCentral Sports Cards & Memorabilia,Winnipeg,"101-995 Milt Stegall Drive, Winnipeg, MB R3G 3H7",,,204-775-9631,https://www.cancentralsportscards.com/,,Buys;Sells;Trades Singles,Hockey;Baseball;Basketball;Football;Other,49.89378,-97.19734
Lower Level Sports Cards & Collectibles,Winnipeg,"189 Henderson Highway, Winnipeg, MB R2L 1L7",,,204-421-1299,https://lowerlevelsportscards.ca/,https://www.facebook.com/p/Lower-Level-Sports-Cards-Collectibles-100089170722997/,Buys;Sells;Trades Singles,Hockey;Baseball;Basketball;Football;Other,49.91307,-97.11522
First Row Collectibles,Winnipeg,"1835 Main Street, Winnipeg, MB R2V 2A4",,,,https://www.firstrow.ca/,https://www.facebook.com/firstrow.ca/,Buys;Sells;Trades Singles,Hockey;Baseball;Basketball;Football;Pokemon;Other,49.93847,-97.11579
Joe Daley's Sports & Framing,Winnipeg,"513 St. Mary's Road, Winnipeg, MB R2M 3L2",,,,https://joedaleysportscards.com/,https://www.facebook.com/JoeDaleysSports/,Buys;Sells,Hockey;Baseball;Basketball;Football;Pokemon;Other,49.86764,-97.11042
Inner Hero Collectibles,Brandon,"1911 Richmond Ave (Shoppers Mall), Brandon, MB R7B 0T4",,,,,,Sells,Pokemon;Other;Hockey,49.82785,-99.96428
I Want That Stuff,Brandon,"1608 Park Ave, Brandon, MB R7A 1J5",,,,https://iwantthatstuff.store/,https://www.facebook.com/iwantthatstuffbdn/,Sells;Trades Singles,Hockey;Pokemon;Magic;Other,49.83557,-99.95999
Thompson Auto Wash (Collectibles),Thompson,"Thompson, MB",,,,,,Sells;Trade Nights,Pokemon;Magic;Other,55.74193,-97.85995
Ogre's Lair Family Game Shop,Yellowknife,"26-5022 49th Street (Centre Square Mall), Yellowknife, NT",,,867-444-8526,,https://www.facebook.com/OgresLair/,Sells;Trades Singles,Pokemon;Magic;Other,62.45309,-114.36732
The Tabletop Games & Collectibles,Yellowknife,"Unit 8 - 483 Range Lake Rd, Yellowknife, NT",,,867-446-8878,,https://www.facebook.com/thetabletopyk/,Sells,Pokemon;Magic;Other,62.44588,-114.40999
Armadillo Games,Canmore,"103-713 Main Street, Canmore, AB T1W 2B2",,,587-361-0033,https://armadillogames.ca/,https://www.facebook.com/ArmadilloGamesCanmore/,Sells;Trades Singles,Pokemon;Magic;Other,51.08922,-115.35923
