Next Level Games and Collectibles,Summerside,"251 Water St Unit E, Summerside, PE C1N 1B5",,,(902) 436-4263,,,Buys;Sells;Trades Singles;Grading Services;Sells Wax,Hockey;Baseball;Basketball;Football;Pokemon;Magic;Other,46.39171,-63.79050
Rain City Games (New Westminster),New Westminster,"106-810 Quayside Dr, New West River Market, New Westminster, BC V3M 6B9",,,604-553-4425,https://www.raincity.games/,,Sells,Pokemon;Magic;Other,49.19915,-122.92005
Ebenezer's Comics & Collectibles,Vernon,"3110 29 Ave, Vernon, BC V1T 1Z1",,,250-542-0980,https://www.ebenezers.ca/,,Sells,Pokemon;Magic;Other,50.26287,-119.27325
Dave's Sportscard Shop,Cornwall,"812 Pitt St Unit #44, Cornwall, ON K6J 3S2",,,(613) 363-1102,www.nearmetcg.com/stores/daves-sportscard-shop,facebook.com/davessportscardshop/,Buys;Sells;Sells Wax,Hockey;Pokemon;Other,45.02763,-74.73430
Nutts Collectables,Woodstock,"563 Dundas Street, Woodstock, ON",,,(519) 537-3xxx (partial),,,Sells,Hockey;Other,43.13073,-80.75368
Rockets Sports Cards,Chatham (Chatham-Kent),"137 Queen Street, Chatham, ON",,,(519) 397-2608,www.nearmetcg.com/stores/rockets-sports-cards,facebook.com/rocketsest2010/,Buys;Sells;Sells Wax,Hockey;Pokemon;Magic;Other,42.40293,-82.18475
Stadium Sports Cards,Blenheim (Chatham-Kent),"170 Talbot St W Unit 1, Blenheim, ON N0P 1A0",,,(519) 676-0558,stadiumsportscards.ca,,Buys;Sells;Sells Wax,Hockey;Other,42.33144,-82.00053
The Den Hobby & Gifts,Stratford,"125 Downie St, Stratford, ON N5A 1X2",,,519-857-8155,shopstratford.ca/the-den__n5a-1x2__519-857-8155,facebook.com/TheDenStratford/,Sells,Hockey;Baseball;Basketball;Football;Pokemon;Magic,43.36883,-80.98087
Fantasy Forged: Cards and Collectibles,Orangeville,"113 Broadway Ave, Orangeville, ON L9W 1K2",,,519-261-1993,fantasyforged.ca,facebook.com/fantasyforgedgames/,Sells;Trades Singles,Magic;Pokemon;Other,43.92021,-80.09540
The Trading Card Store Lindsay,Lindsay (Kawartha Lakes),"370 Kent Street West, Lindsay, ON",,,,ttcslindsay.com,facebook.com/thetradingcardstorel/,Buys;Sells;Sells Wax,Hockey;Pokemon;Magic;Other,44.35121,-78.75800
Northern Sports Cards,Lindsay (Kawartha Lakes),"55 Mary Street West, Lindsay, ON",,,,nscards.ca,,Sells,Hockey;Pokemon;Magic;Other,44.34563,-78.73487
Muskoka Cards & Collectibles,Bracebridge,"16A Manitoba St, Bracebridge, ON P1L 1R9",,,,,facebook.com/61558834052520/,Sells;Trade Nights,Pokemon;Magic,45.04050,-79.30929
Prospects Antiques & Sports Cards,Gravenhurst,"130 Muskoka Road South, Gravenhurst, ON P1P 1T5",,,(705) 687-6449,,,Sells,Other,44.91946,-79.37376
Event Horizon Hobbies,Midland,"845 King St Suite 7-9, Midland, ON L4R 0B7",,,705-245-0110,eventhorizonhobbies.com,facebook.com/EventHorizonHobbiesCA/,Sells,Magic;Pokemon;Other,44.73465,-79.87138
Dark Crystal Cards,Paris,"19 Broadway St West Unit 7, Paris, ON L3L 2S3",,,,darkcrystalcards.com,,Sells,Magic;Pokemon;Other,43.19354,-80.38523
"Webber's Balloons, Cards and Collectibles",Dundas,"130 King St W, Dundas, ON L9H 1V2",,,,webberscards.com,,Sells,Hockey;Pokemon;Magic;Other,43.26667,-79.95932
HOB's Hobbies,Strathmore,"116 2 Ave, Strathmore, AB T1P 1A3",,,(403) 983-1115,https://www.hobshobbies.com,,Sells;Trades Singles;Trade Nights,Magic;Pokemon;Other,51.04375,-113.39498
Rock City Comics,Rocky Mountain House,"4918 50 Street, Rocky Mountain House, AB",,,(403) 846-1337,,https://www.facebook.com/Rockcitycomics97/,Sells,Hockey;Other,52.37359,-114.91970
International Battle & Hobby Card Collective (IBHCC Inc.),Vegreville,"#101, 5105 49 Street, Vegreville, AB T9C 1L9",,,,https://www.ibhcc.store,https://www.instagram.com/ibhccstore2025/,Buys;Sells;Trades Singles;Grading Services,Pokemon;Magic,53.49451,-112.04863
Hyper Games Chamber,Slave Lake,"124 6 Avenue SE, Slave Lake, AB T0G 2A3",,,(780) 536-0909,https://www.hypergameschamber.ca,https://www.facebook.com/HyperGamesChamber/,Sells,Magic;Other,55.27883,-114.77066
Game Day Hobbies and Collectables,Wetaskiwin,"4802 56 Street, Wetaskiwin, AB T9A 1V1",,,,,,Sells;Trades Singles,Hockey;Magic;Other,52.96925,-113.39069
Chase The Hits Inc,Cochrane,"#15-118 1st Avenue SW, Cochrane, AB",,,,,https://www.facebook.com/61581013060272/,Sells;Trades Singles,Magic;Other,51.19032,-114.46777
Pandora's Boox,Olds,"5009 51 St, Olds, AB T4H 1P6",,,,,https://www.facebook.com/PandorasBooxTea/,Sells,Magic;Other,51.79122,-114.10621
Dad's Day Off Games & Hobbies (DDOGames),Blackfalds,"4825 Westbrooke Rd, Blackfalds, AB T4M 0K7",,,,https://ddogames.myshopify.com,https://www.facebook.com/dadsdayoffgames/,Sells;Trades Singles,Magic;Pokemon;Other,52.38856,-113.80014
Brightside Hobbies (Brightside TCG),Morinville,"10130 100 Ave, Morinville, AB T8R 1P8",,,(780) 939-4910,,https://www.facebook.com/brightsidecard/,Buys;Sells;Trades Singles,Pokemon;Other,53.80210,-113.64890
Orchard City Games - Wainwright,Wainwright,"215 10th Street, Wainwright, AB",,,,,https://www.facebook.com/IWTSalberta/,Buys;Sells;Trades Singles,Magic;Other,52.11805,-106.66653
Nova's Sports Cards,Lloydminster (SK side),"4517 50 Ave Unit #4, Lloydminster, SK S9V 0Z9",,,,https://novassportscards.ca,https://www.facebook.com/NovasSportsCards/,Buys;Sells;Trades Singles;Sells Wax,Hockey;Baseball;Basketball;Football;Other,53.27956,-110.00498
Skies the Limit Fireworks & Toys,Yorkton,"32 Betts Ave, Yorkton, SK S3N 1L9",,,(306) 748-0070,https://www.skiesthelimittoys.ca,https://www.facebook.com/JorS3N/,Sells;Trade Nights,Magic;Other,51.21139,-102.46422
Neko's (Game Store & Car Wash),Thompson,"5 Thompson Drive, Thompson, MB",,,,https://www.shopnekos.ca,https://www.facebook.com/shopnekosca/,Sells;Trades Singles,Other,55.74409,-97.84203
BAM Cards and Collectibles,Carman,"69B Main St. South, Carman, MB R0G 0J0",,,,,,Buys;Sells;Trades Singles;Sells Wax,Hockey;Pokemon;Other,49.50611,-98.00119
