slug,name,city,province,google_rating,google_reviews,google_addr
dad-s-day-off-games-hobbies-ddogames-blackfalds,"Dad's Day Off Games & Hobbies (DDOGames)","Blackfalds",AB,,,
holler-collectibles-camrose,"Holler Collectibles","Camrose",AB,,,""
the-memorabilia-shop-chestermere,"The Memorabilia Shop","Chestermere",AB,,,"210 Springmere Close, Chestermere, AB T1X 1K1"
chase-the-hits-inc-cochrane,"Chase The Hits Inc","Cochrane",AB,5.0,28,"118 1 Ave #15, Cochrane, AB T4C 2E7"
cool-pool-cards-cold-lake,"Cool Pool Cards","Cold Lake",AB,,,"5107 50 Ave, Cold Lake, AB T9M 1P4"
jesse-johnston-edson-buy-sell-and-trade-edson,""Jesse Johnston · Edson Buy"," Sell and Trade"",Edson,,,"605 50 St, Edson, AB T7E 1N7"
hobby-north-kn-cards-collectables-ltd-high-prairie,"Hobby North (KN Cards & Collectables Ltd)","High Prairie",AB,,,""
king-drug-hinton,"King Drug","Hinton",AB,4.9,92,"145 Athabasca Ave, Hinton, AB T7V 2A4"
personalized-sportcards-lethbridge,"Personalized Sportcards","Lethbridge",AB,,,""
brightside-hobbies-brightside-tcg-morinville,"Brightside Hobbies (Brightside TCG)","Morinville",AB,,,"10130 100 Ave, Morinville, AB T8R 1S3"
collectible-card-caddy-okotoks,"Collectible Card Caddy","Okotoks",AB,,,"900 Village Ln 330, 14, Okotoks, AB T1S 1N1"
pandora-s-boox-olds,"Pandora's Boox","Olds",AB,,,
rock-city-comics-rocky-mountain-house,"Rock City Comics","Rocky Mountain House",AB,4.7,119,"4918 50 St, Rocky Mountain House, AB T4T 1C2"
slab-savvy-cpa-sherwood-park,"Slab Savvy CPA","Sherwood Park",AB,,,""
hyper-games-chamber-slave-lake,"Hyper Games Chamber","Slave Lake",AB,5.0,14,"124 6 Ave SE, Slave Lake, AB T0G 2A3"
hob-s-hobbies-strathmore,"HOB's Hobbies","Strathmore",AB,,,
ken-s-sports-cards-memorabilia-taber,"Ken's Sports Cards & Memorabilia","Taber",AB,,,
international-battle-hobby-card-collective-ibhcc-inc-vegreville,"International Battle & Hobby Card Collective (IBHCC Inc.)","Vegreville",AB,5.0,9,"5105 49 St #101, Vegreville, AB T9C 1L9"
orchard-city-games-wainwright-wainwright,"Orchard City Games - Wainwright","Wainwright",AB,3.8,32,"215 10 St, Wainwright, AB T9W 1K7"
game-day-hobbies-and-collectables-wetaskiwin,"Game Day Hobbies and Collectables","Wetaskiwin",AB,3.1,25,"5008 51 Ave, Wetaskiwin, AB T9A 1L5"
al-s-sports-quest-whitecourt,"Al's Sports Quest","Whitecourt",AB,,,
go-go-hobbies-coquitlam,"Go Go Hobbies","Coquitlam",BC,4.9,144,"2124 Austin Ave, Coquitlam, BC V3K 3R8"
blue-moon-collectables-delta-ladner,"Blue Moon Collectables","Delta (Ladner)",BC,4.9,23,"4876 Delta St, Delta, BC V4K 2T8"
nerd-feeder-delta-ladner,"Nerd Feeder","Delta (Ladner)",BC,4.9,211,"4962 Bridge St, Delta, BC V4K 2K1"
rain-city-games-new-westminster-new-westminster,"Rain City Games (New Westminster)","New Westminster",BC,4.6,158,"810 Quayside Dr Unit 106, New Westminster, BC V3M 6B9"
sn-hobbies-new-westminster,"SN Hobbies","New Westminster",BC,4.4,301,"814 12th St, New Westminster, BC V3M 4K1"
t-n-games-royal-city-centre-new-westminster,"T&N Games (Royal City Centre)","New Westminster",BC,4.2,129,"610 6th St Unit 118, New Westminster, BC V3L 3C2"
sonny-s-collectables-terrace,"Sonny's Collectables","Terrace",BC,,,
ebenezer-s-comics-collectibles-vernon,"Ebenezer's Comics & Collectibles","Vernon",BC,,,
k-b-hobbies-and-games-vernon,"K&B Hobbies and Games","Vernon",BC,4.9,76,"8106 Highland Pl, Vernon, BC V1B 3W6"
obsidian-games-vernon,"Obsidian Games","Vernon",BC,4.9,132,"2520 53 Ave unit 304, Vernon, BC V1T 9W8"
bam-cards-and-collectibles-carman,"BAM Cards and Collectibles","Carman",MB,,,""
go-beyond-games-dauphin,"Go Beyond Games","Dauphin",MB,4.7,78,"223 Main St N, Dauphin, MB R7N 1H6"
arctic-board-games-steinbach,"Arctic Board Games","Steinbach",MB,4.9,91,"363 Main St, Steinbach, MB R5G 1X5"
neko-s-game-store-car-wash-thompson,"Neko's (Game Store & Car Wash)","Thompson",MB,,,
boutique-de-cartes-sportives-l-as-de-coeur-caraquet,"Boutique de cartes sportives L'as de coeur","Caraquet",NB,,,
castle-vania-sports-cards-miramichi,"Castle Vania Sports Cards","Miramichi",NB,,,""
pabi-s-collectibles-pabi-s-hobbies-collectibles-miramichi,"Pabi's Collectibles (PABI's Hobbies & Collectibles)","Miramichi",NB,,,
moncton-sports-cards-moncton,"Moncton Sports Cards","Moncton",NB,,,""
vortex-games-sackville,"Vortex Games","Sackville",NB,4.8,178,"87 Main St, Sackville, NB E4L 0E4"
goliath-cards-and-collectibles-gander,"Goliath Cards and Collectibles","Gander",NL,4.3,6,"92 Elizabeth Dr, Gander, NL A1V 1W7"
bay-breakers-happy-valley-goose-bay,"Bay Breakers","Happy Valley-Goose Bay",NL,,,"9 Ikey St, Happy Valley-Goose Bay, NL A0P 1C0"
782-sports-cards-dartmouth,"782 Sports Cards","Dartmouth",NS,5.0,12,"169 Main St, Dartmouth, NS B2X 1S1"
elsewhere-gaming-hobbies-new-minas,"Elsewhere Gaming & Hobbies","New Minas",NS,4.8,54,"8785 Commercial St, New Minas, NS B4N 3C4"
brackenberries-pvp-alliston-new-tecumseth,"Brackenberries PvP","Alliston (New Tecumseth)",ON,5.0,35,"103 Victoria St W Unit 2 (upstairs, Alliston, ON L9R 1T5"
sell-your-pokemon-cards-barrie,"Sell Your Pokemon Cards","Barrie",ON,,,"22024 RPO, Big Bay Point Rd, Barrie, ON L4N 0Z5"
mystic-dragon-beamsville,"Mystic Dragon","Beamsville",ON,4.8,91,"4548 Ontario St, Beamsville, ON L3J 0B7"
stadium-sports-cards-blenheim-chatham-kent,"Stadium Sports Cards","Blenheim (Chatham-Kent)",ON,4.4,22,""
muskoka-cards-collectibles-bracebridge,"Muskoka Cards & Collectibles","Bracebridge",ON,4.6,58,""
gt-games-carleton-place,"GT Games","Carleton Place",ON,4.6,241,"10 Franklin St, Carleton Place, ON K7C 2V4"
treasures-n-more-carleton-place,"Treasures 'N' More","Carleton Place",ON,,,
rockets-sports-cards-chatham-chatham-kent,"Rockets Sports Cards","Chatham (Chatham-Kent)",ON,4.4,77,"335 Queen St, Chatham, ON N7M 2H7"
instant-replay-sportscards-cobourg,"Instant Replay SportsCards","Cobourg",ON,4.1,87,""
onyx-cards-games-collingwood,"Onyx Cards & Games","Collingwood",ON,4.7,44,""
dave-s-sportscard-shop-cornwall,"Dave's Sportscard Shop","Cornwall",ON,,,
webber-s-balloons-cards-and-collectibles-dundas,""Webber's Balloons"," Cards and Collectibles"",Dundas,,,
rt-sports-cards-r-t-sport-cards-collectibles-dunnville,"RT Sports Cards (R/T Sport Cards & Collectibles)","Dunnville",ON,4.9,58,"1410 Cassells St, North Bay, ON P1B 4C1"
studio-151-fort-erie,"Studio 151","Fort Erie",ON,5.0,126,"695 Garrison Rd, Fort Erie, ON L2A 4K2"
tabletop-giant-mtg-north-goderich,"Tabletop Giant (MTG North)","Goderich",ON,4.6,130,"155 Anglesea St Unit C, Goderich, ON N7A 1V5"
prospects-antiques-sports-cards-gravenhurst,"Prospects Antiques & Sports Cards","Gravenhurst",ON,,,"130 Muskoka Rd S, Gravenhurst, ON P1P 1H4"
slab-labs-tcg-greater-sudbury,"Slab Labs TCG","Greater Sudbury",ON,,,"4665 Notre Dame Ave, Hanmer, ON P3P 1X5"
tcm-the-card-mann-sports-cards-pokemon-grimsby,"TCM - The Card Mann Sports Cards Pokemon","Grimsby",ON,,,"63 Main St W, Grimsby, ON L3M 4H1"
xtreme-collectables-grimsby,"Xtreme Collectables","Grimsby",ON,4.5,124,"50 Main St W, Grimsby, ON L3M 1R4"
scahub-marketplace-guelph,"SCAHub Marketplace","Guelph",ON,,,"585 Hanlon Creek Boulevard Unit 24, Guelph, ON N1C 0A1"
lasting-memories-locker-room-hanover,"Lasting Memories Locker Room","Hanover",ON,4.8,41,"318 10th St, Hanover, ON N4N 1P3"
player-x-kapuskasing,"Player X","Kapuskasing",ON,,,"4 Byng Ave, Kapuskasing, ON P5N 1W3"
great-canadian-collectibles-kenora,"Great Canadian Collectibles","Kenora",ON,3.8,12,"103 Main St S, Kenora, ON P9N 1T1"
north-western-games-kenora,"North-Western Games","Kenora",ON,4.7,9,"103 Main St S, Kenora, ON P9N 1T1"
mmlorcana-kingston,"MMLorcana","Kingston",ON,5.0,1,"19 Macpherson Ave Unit 11, Kingston, ON K7M 6W4"
northern-sports-cards-lindsay-kawartha-lakes,"Northern Sports Cards","Lindsay (Kawartha Lakes)",ON,,,""
the-trading-card-store-lindsay-lindsay-kawartha-lakes,"The Trading Card Store Lindsay","Lindsay (Kawartha Lakes)",ON,4.5,60,"370 Kent St W #4, Lindsay, ON K9V 6G8"
event-horizon-hobbies-midland,"Event Horizon Hobbies","Midland",ON,4.7,166,"845 King St, Midland, ON L4R 0B7"
hobby-knight-in-canada-newmarket,"Hobby Knight in Canada","Newmarket",ON,4.7,55,"297 Wellington St E #8a, Aurora, ON L4G 1G3"
fantasy-forged-cards-and-collectibles-orangeville,"Fantasy Forged: Cards and Collectibles","Orangeville",ON,4.8,148,"113 Broadway, Orangeville, ON L9W 1K2"
scenic-city-game-emporium-owen-sound,"Scenic City Game Emporium","Owen Sound",ON,4.8,106,"807 2nd Ave E, Owen Sound, ON N4K 2H2"
dark-crystal-cards-paris,"Dark Crystal Cards","Paris",ON,4.8,107,"19 Broadway St W Unit 7, Paris, ON N3L 2S3"
gameshq-aka-the-trading-card-store-port-perry-port-perry,"GamesHQ (aka The Trading Card Store Port Perry)","Port Perry",ON,4.9,43,"1869 Scugog St Unit1, Port Perry, ON L9L 1J1"
trade-em-stadium-stoney-creek,"Trade Em Stadium","Stoney Creek",ON,4.5,35,"570 ON-8 Unit 3, Stoney Creek, ON L8G 4M2"
bootown-s-games-and-hobbies-stratford,"Bootown's Games And Hobbies","Stratford",ON,,,
the-den-hobby-gifts-stratford,"The Den Hobby & Gifts","Stratford",ON,4.6,72,"119 Downie St, Stratford, ON N5A 1W8"
maelstrom-strathroy,"Maelstrom","Strathroy",ON,4.9,14,"89 Frank St, Strathroy, ON N7G 1X7"
mk-ultra-cards-strathroy,"MK Ultra Cards","Strathroy",ON,4.9,74,"89 Frank St, Strathroy, ON N7G 2R5"
tillsonburg-s-hobby-central-tillsonburg,"Tillsonburg's Hobby Central","Tillsonburg",ON,,,
jason-randy-s-sports-cards-timmins,"Jason & Randy's Sports & Cards","Timmins",ON,,,
rednails-ii-toronto,"Rednails II","Toronto",ON,,,""
j-b-books-cards-comics-gaming-collectables-trenton-quinte-west,"J&B Books-cards Comics Gaming Collectables","Trenton (Quinte West)",ON,4.7,379,"97 Dundas St W, Trenton, ON K8V 3P4"
elite-cards-toronto-vaughan,"Elite Cards Toronto","Vaughan",ON,,,""
nerdz-gaming-inc-nerdz-cafe-woodstock,"Nerdz Gaming Inc (Nerdz Cafe)","Woodstock",ON,4.8,150,"365 Dundas St, Woodstock, ON N4S 1B6"
nutts-collectables-woodstock,"Nutts Collectables","Woodstock",ON,3.3,38,"563 Dundas St, Woodstock, ON N4S 1C6"
sherwood-sports-cards-charlottetown,"Sherwood Sports Cards","Charlottetown",PE,,,""
shock-spring-stratford,"Shock Spring","Stratford",PE,4.8,16,"14 Kinlock Rd unit 4, Stratford, PE C1B 0A2"
next-level-games-and-collectibles-summerside,"Next Level Games and Collectibles","Summerside",PE,5.0,13,"251 Water St Unit E, Summerside, PE C1N 1B5"
hobby-saguenay-jonquiere-saguenay,"Hobby Saguenay","Jonquière (Saguenay)",QC,4.4,58,"2300 Rang St Antoine 2eme etage, Saguenay, QC G7H 0C8"
zone-collection-rive-sud-longueuil,"Zone Collection Rive-Sud","Longueuil",QC,4.7,123,"276 Bd Saint-Luc local 1, Saint-Jean-sur-Richelieu, QC J2W 1C3"
jeux-mania-mascouche,"Jeux Mania","Mascouche",QC,4.9,128,"3079 Bd de Mascouche, Mascouche, QC J7K 3B9"
tw-repentigny-repentigny,"TW Repentigny","Repentigny",QC,4.9,448,""
lgc-collections-saint-jean-sur-richelieu,"LGC Collections","Saint-Jean-sur-Richelieu",QC,5.0,19,"216 Rue Richelieu, Saint-Jean-sur-Richelieu, QC J3B 6X8"
hobby-champion-sainte-julie,"Hobby Champion","Sainte-Julie",QC,4.8,84,""
jeux-3-dragons-sainte-therese,"Jeux 3 Dragons","Sainte-Thérèse",QC,4.9,46,"60 Rue Turgeon, Sainte-Thérèse, QC J7E 3H5"
jeuxjubes-sainte-therese,"Jeuxjubes","Sainte-Thérèse",QC,,,""
l-entre-jeux-shawinigan-shawinigan,"L'Entre-Jeux Shawinigan","Shawinigan",QC,,,
nova-s-sports-cards-lloydminster-sk-side,"Nova's Sports Cards","Lloydminster (SK side)",SK,,,
dice-hollow-games-and-hobbies-warman,"Dice Hollow Games and Hobbies","Warman",SK,4.9,212,"825 Centennial Blvd Bay 105, Warman, SK S0K 4S5"
skies-the-limit-fireworks-toys-yorkton,"Skies the Limit Fireworks & Toys","Yorkton",SK,5.0,65,"32 Betts Ave, Yorkton, SK S3N 1L9"
