slug,Store Name,City,Province,Rating,Google address (verify match)
cardera-collectibles-balzac-rocky-view-county,Cardera Collectibles,Balzac (Rocky View County),AB,4.9 (114),"260300 Writing Creek Cres C19, Balzac, AB T4A 0X8, Canada"
premier-sportscards-banff,Premier Sportscards,Banff,AB,2.5 (110),"215 Banff Ave, Banff, AB T1L 1A7, Canada"
shoebox-games-cafe-calgary,ShoeBox Games & Cafe,Calgary,AB,4.6 (591),"509 McKnight Blvd NE, Calgary, AB T2E 8P1, Canada"
armadillo-games-canmore,Armadillo Games,Canmore,AB,4.7 (128),"713 8 St, Canmore, AB T1W 0M9, Canada"
gamesland-canada-edmonton,Gamesland Canada,Edmonton,AB,4.6 (189),"14806 Stony Plain Rd, Edmonton, AB T5N 3S5, Canada"
outpost-sports-cards-and-games-edmonton,Outpost Sports Cards and Games,Edmonton,AB,4.7 (365),"15521 118 Ave NW, Edmonton, AB T5V 1C5, Canada"
swirl-cafe-games-edmonton,Swirl Café & Games,Edmonton,AB,4.5 (306),"6825 177 St NW, Edmonton, AB T5T 4K3, Canada"
wayne-s-sports-cards-and-collectibles-edmonton,WAYNE'S SPORTS CARDS AND COLLECTIBLES,Edmonton,AB,4.7 (340),"17010 90 Ave NW #104, Edmonton, AB T5T 1L6, Canada"
west-s-sports-cards-collectibles-edmonton,West's Sports Cards & Collectibles,Edmonton,AB,4.6 (326),"7910 118 Ave NW, Edmonton, AB T5B 2L1, Canada"
the-fort-board-games-and-card-games-the-fort-gaming-collectibles-fort-saskatchewan,The Fort Board Games and Card Games (THE FORT Gaming & Collectibles),Fort Saskatchewan,AB,4.7 (119),"10303 100 Ave #7, Fort Saskatchewan, AB T8L 1Y9, Canada"
the-fort-gaming-collectibles-board-games-card-fort-saskatchewan,THE FORT Gaming & Collectibles (board games & card ...,Fort Saskatchewan,AB,4.7 (119),"10303 100 Ave #7, Fort Saskatchewan, AB T8L 1Y9, Canada"
imperial-garden-sports-collectibles-grande-prairie,Imperial Garden Sports Collectibles,Grande Prairie,AB,4 (86),"10018 100 Ave., Grande Prairie, AB T8V 0V3, Canada"
djs-sportscards-comics-collectibles-red-deer,"DJS Sportscards, Comics & Collectibles",Red Deer,AB,4.5 (91),"5560 45 St, Red Deer, AB T4N 1L1, Canada"
wizard-s-loft-red-deer,Wizard's Loft,Red Deer,AB,4.8 (428),"5201 54 Ave #110, Red Deer, AB T4N 5K5, Canada"
stettler-game-corner-stettler,Stettler Game Corner,Stettler,AB,5 (5),"4940 50 St, Stettler, AB T4K 1K9, Canada"
hockey-central-sports-memorabilia-inc-sylvan-lake,Hockey Central Sports Memorabilia Inc,Sylvan Lake,AB,4.1 (269),"3715 47 Ave #315, Sylvan Lake, AB T4S 0K4, Canada"
d-c-s-collectibles-whitecourt,D&C's Collectibles,Whitecourt,AB,4.9 (34),"4439 52 Ave Unit 4, Whitecourt, AB T7S 1P2, Canada"
d-c-s-collectibles-whitecourt-2,D&C's Collectibles,Whitecourt,AB,4.9 (34),"4439 52 Ave Unit 4, Whitecourt, AB T7S 1P2, Canada"
infinity-cards-collectibles-aldergrove,Infinity Cards & Collectibles,Aldergrove,BC,4.6 (215),"27256 Fraser Hwy Unit 102, Aldergrove, BC V4W 3P8, Canada"
let-s-collect-cards-burnaby,Let's Collect Cards,Burnaby,BC,4.8 (141),"9855 Austin Rd #141, Burnaby, BC V3J 1N4, Canada"
colossal-cards-and-collectables-courtenay,Colossal Cards and Collectables,Courtenay,BC,4.8 (133),"542 Comox Rd, Courtenay, BC V9N 3P6, Canada"
desert-city-games-kamloops,Desert City Games,Kamloops,BC,4.6 (92),"171 Leigh Rd, Kamloops, BC V2B 2L7, Canada"
the-game-hub-kamloops,The Game Hub,Kamloops,BC,4.9 (137),"1304 Battle St, Kamloops, BC V2C 2N8, Canada"
okanagan-sportscards-comics-kelowna,Okanagan Sportscards & Comics,Kelowna,BC,4.8 (202),"1795 Harvey Ave, Kelowna, BC V1Y 6G4, Canada"
players-choice-sports-kelowna,Players Choice Sports,Kelowna,BC,4.7 (118),"310 Banks Rd #2, Kelowna, BC V1X 6Y4, Canada"
pastime-sports-games-langley-langley,Pastime Sports & Games (Langley),Langley,BC,4.1 (539),"6375 202 St #102, Langley, BC V2Y 1N1, Canada"
collectors-corner-maple-ridge,Collectors Corner,Maple Ridge,BC,4.9 (97),"20285 Stewart Crescent Unit 102, Maple Ridge, BC V2X 8G1, Canada"
sports-card-alley-nanaimo,Sports Card Alley,Nanaimo,BC,4.3 (148),"2220 Bowen Rd, Nanaimo, BC V9S 1H9, Canada"
hobbybox604-north-vancouver,Hobbybox604,North Vancouver,BC,4.8 (53),"708 Queensbury Ave, North Vancouver, BC V7L 3V9, Canada"
pastime-sports-games-capilano-north-vancouver,Pastime Sports & Games (Capilano),North Vancouver,BC,4.6 (47),"Capilano Mall, 935 Marine Dr, North Vancouver, BC V7P 1S3, Canada"
penticton-sports-cards-collectables-penticton,Penticton Sports Cards & Collectables,Penticton,BC,4.3 (216),"288 Westminster Ave W, Penticton, BC V2A 1J9, Canada"
treasure-chest-games-collectibles-port-coquitlam,Treasure Chest Games & Collectibles,Port Coquitlam,BC,4.5 (369),"3274 Coast Meridian Rd, Port Coquitlam, BC V3B 3N4, Canada"
arcardia-collectibles-exchange-richmond,Arcardia Collectibles & Exchange,Richmond,BC,4.7 (164),"3700 Number 3 Rd Unit 2320, Richmond, BC V6X 2C1, Canada"
draw-for-turn-games-richmond,Draw For Turn Games,Richmond,BC,4.4 (52),"3851 Jacombs Rd #120, Richmond, BC V6V 2H7, Canada"
vancity-cj-trading-cards-richmond,Vancity CJ Trading Cards,Richmond,BC,4.8 (564),"3700 Number 3 Rd Unit 2340 (2nd Floor, Richmond, BC V6X 3X2, Canada"
mandalorian-emporium-squamish,Mandalorian Emporium,Squamish,BC,4.7 (33),"1333 Pemberton Ave, Squamish, BC V8B 0A6, Canada"
local-legends-cards-collectibles-vancouver,Local Legends Cards & Collectibles,Vancouver,BC,4.1 (289),"1610 Robson St #110, Vancouver, BC V6G 1C7, Canada"
ubecard-vancouver,UBECard,Vancouver,BC,4.5 (138),"4306 Dunbar St, Vancouver, BC V6S 2G3, Canada"
wally-s-pro-sports-cards-vancouver,Wally's Pro Sports Cards,Vancouver,BC,4.6 (215),"2646 E Hastings St, Vancouver, BC V5K 1Z6, Canada"
omar-s-collectibles-vernon,Omar's Collectibles,Vernon,BC,4.8 (121),"3404 31 Ave, Vernon, BC V1T 7L3, Canada"
epic-games-more-victoria,Epic Games & More,Victoria,BC,4.6 (798),"776 Hillside Ave, Victoria, BC V8T 1Z6, Canada"
gauntlet-games-victoria,Gauntlet Games,Victoria,BC,4.7 (298),"1633 Hillside Ave #103, Victoria, BC V8T 2C4, Canada"
triple-play-sports-cards-victoria,Triple Play Sports Cards,Victoria,BC,4.2 (101),"1209 Wharf St, Victoria, BC V8W 1T9, Canada"
inner-hero-collectibles-brandon,Inner Hero Collectibles,Brandon,MB,4.9 (339),"1911 Richmond Ave, Brandon, MB R7B 2M5, Canada"
cancentral-sports-cards-memorabilia-winnipeg,CanCentral Sports Cards & Memorabilia,Winnipeg,MB,4.4 (166),"995 Milt Stegall Dr #101, Winnipeg, MB R3G 3H7, Canada"
first-row-collectibles-winnipeg,First Row Collectibles,Winnipeg,MB,4.8 (78),"1835 Main St, Winnipeg, MB R2V 2A4, Canada"
fusion-gaming-winnipeg,Fusion Gaming,Winnipeg,MB,4.6 (681),"1473 Pembina Hwy, Winnipeg, MB R3T 2C5, Canada"
joe-daley-s-sports-framing-winnipeg,Joe Daley's Sports & Framing,Winnipeg,MB,4.9 (111),"513 St Mary's Rd, Winnipeg, MB R2M 3L2, Canada"
lower-level-sports-cards-collectibles-winnipeg,Lower Level Sports Cards & Collectibles,Winnipeg,MB,4.4 (63),"189 Henderson Hwy, Winnipeg, MB R2L 1L7, Canada"
manitobatcg-winnipeg,ManitobaTCG,Winnipeg,MB,4.8 (65),"114 Regent Ave E, Winnipeg, MB R2C 0C1, Canada"
b-t-sportscards-gaming-bathurst,B&T Sportscards & Gaming,Bathurst,NB,5 (5),"275 Douglas Ave, Bathurst, NB E2A 1N1, Canada"
gamezilla-bathurst-bathurst,GameZilla Bathurst,Bathurst,NB,4.4 (101),"1000 St Peter Ave, Bathurst, NB E2A 2Z7, Canada"
merchant-s-shop-la-shop-du-marchand-merchant-s-inventory-bathurst,Merchant's Shop (La Shop du Marchand / Merchant's Inventory),Bathurst,NB,4.8 (55),"405 Rue MacDonald Ste 1, Bathurst, NB E2A 5A6, Canada"
gamezilla-fredericton-fredericton,GameZilla Fredericton,Fredericton,NB,4.4 (258),"1211 Prospect St, Fredericton, NB E3B 3B9, Canada"
boutique-nostalgies-lameque,Boutique Nostalgies,Lamèque,NB,4.7 (21),"83 Rue du Pêcheur N, Lamèque, NB E8T 1K5, Canada"
d-m-sports-cards-moncton,D&M Sports Cards,Moncton,NB,4.7 (122),"34 Plaza Blvd, Moncton, NB E1C 0E8, Canada"
trading-card-warehouse-moncton,Trading Card Warehouse,Moncton,NB,4.6 (54),"102 St. George St, Moncton, NB E1C 1T8, Canada"
cardboard-slingers-collectables-oromocto,Cardboard Slingers Collectables,Oromocto,NB,4 (27),"285 Restigouche Rd, Oromocto, NB E2V 2H2, Canada"
fundy-coins-and-collectibles-saint-john,Fundy Coins and Collectibles,Saint John,NB,4.8 (56),"78 Main St W, Saint John, NB E2M 3N3, Canada"
gamezilla-saint-john-saint-john,GameZilla Saint John,Saint John,NB,4.4 (180),"77 Catherwood St, Saint John, NB E2M 7X1, Canada"
heroes-beacon-saint-john,Heroes' Beacon,Saint John,NB,4.8 (379),"25 Charlotte St, Saint John, NB E2L 2H3, Canada"
entertainment-centre-bay-roberts,Entertainment Centre,Bay Roberts,NL,3.3 (4),"260 Conception Bay Hwy, Coley's Point South, NL A0A 1X0, Canada"
cards-coins-and-collectibles-corner-brook,Cards Coins and Collectibles,Corner Brook,NL,4.7 (53),"8 Broadway, Corner Brook, NL A2H 4C2, Canada"
cardbreaknl-mount-pearl,CardBreakNL,Mount Pearl,NL,4.9 (168),"1027 Topsail Rd Ste 301, Mount Pearl, NL A1N 5E9, Canada"
entertainment-centre-st-john-s,Entertainment Centre,St. John's,NL,3.9 (99),"37 O'Leary Ave, St. John's, NL A1B 3M2, Canada"
maverick-sports-collectables-st-john-s,Maverick Sports & Collectables,St. John's,NL,4.6 (74),"250 Water St, St. John's, NL A1C 1A9, Canada"
nether-world-st-john-s,Nether World,St. John's,NL,4.6 (68),"44 Crosbie Rd, St. John's, NL A1B 4A7, Canada"
books-galore-coldbrook,Books Galore,Coldbrook,NS,4.7 (133),"6637 Nova Scotia Trunk 1, Coldbrook, NS B4R 1B7, Canada"
d-m-sports-halifax,D&M Sports,Halifax,NS,4.5 (91),"201 Chain Lake Dr, Halifax, NS B3S 1C8, Canada"
strictly-singles-sports-cards-halifax,Strictly Singles Sports Cards,Halifax,NS,4.8 (120),"3200 Kempt Rd #104, Halifax, NS B3K 4X1, Canada"
light-the-lamp-sports-cards-sydney,Light the Lamp Sports Cards,Sydney,NS,5 (22),"367 Charlotte St, Sydney, NS B1P 1E1, Canada"
rainbow-s-end-book-and-discs-wolfville,Rainbow's End Book and Discs,Wolfville,NS,4.2 (209),"395 Main St, Wolfville, NS B4P 2B8, Canada"
gator-byte-computers-entertainment-yarmouth,Gator Byte Computers & Entertainment,Yarmouth,NS,4.4 (116),"316 Main St, Yarmouth, NS B5A 1E4, Canada"
ogre-s-lair-family-game-shop-yellowknife,Ogre's Lair Family Game Shop,Yellowknife,NT,4.3 (39),"5022 49 St #26, Yellowknife, NT X1A 3R8, Canada"
mintink-ajax-ajax,Mintink Ajax,Ajax,ON,4.8 (188),"1965 Salem Rd N Unit 3, Ajax, ON L1T 0J9, Canada"
rival-cards-ajax,Rival Cards,Ajax,ON,4.8 (213),"100 Westney Rd S Unit 14, Ajax, ON L1S 7H3, Canada"
box-of-cards-sports-cards-aurora,Box Of Cards (Sports Cards),Aurora,ON,4.9 (214),"41 Industrial Pkwy S, Aurora, ON L4G 3Y5, Canada"
big-b-comics-barrie,Big B Comics,Barrie,ON,4.6 (547),"45 Essa Rd, Barrie, ON L4N 3K4, Canada"
box-of-cards-sports-cards-barrie,Box Of Cards (Sports Cards),Barrie,ON,4.9 (322),"12 Commerce Park Dr c, Barrie, ON L4N 8W8, Canada"
doug-laurie-sports-barrie,Doug Laurie Sports,Barrie,ON,4.7 (46),"Bayfield Mall, Rear entrance by MTO & Bowlerama Back of mall behind Canadian Tire, 320 Bayfield St Unit 107, Barrie, ON L4M 3C1, Canada"
gamer-s-lair-ltd-barrie,Gamer's Lair Ltd.,Barrie,ON,4.7 (147),"274 Burton Ave Unit 33, Barrie, ON L4N 5W4, Canada"
ideal-hobbies-barrie,Ideal Hobbies,Barrie,ON,4.3 (269),"12 Commerce Park Dr, Barrie, ON L4N 8W8, Canada"
loot-kingdom-barrie,Loot Kingdom,Barrie,ON,4.8 (91),"159A Anne St S, Barrie, ON L4N 2E4, Canada"
omg-games-barrie,OMG Games,Barrie,ON,4.4 (324),"130 Bell Farm Rd Unit#10, Barrie, ON L4M 6J4, Canada"
power-up-gaming-barrie,Power Up Gaming,Barrie,ON,4.5 (681),"490 Mapleview Dr W #5, Barrie, ON L4N 6C3, Canada"
video-time-barrie,Video Time,Barrie,ON,3.7 (164),"157 Bayfield St, Barrie, ON L4M 3B4, Canada"
stephen-licence-bicycles-hobbies-belleville,Stephen Licence Bicycles & Hobbies,Belleville,ON,4.8 (90),"288 Front St, Belleville, ON K8N 2Z8, Canada"
mint-sports-cards-collectibles-bolton,Mint Sports Cards & Collectibles,Bolton,ON,4.9 (63),"18 King St E D7, Bolton, ON L7E 1E8, Canada"
doe-s-cards-brampton,Doe's Cards,Brampton,ON,4.6 (419),"62 Commuter Dr, Brampton, ON L7A 0R2, Canada"
dragon-world-card-games-collectibles-brampton,Dragon World Card Games & Collectibles,Brampton,ON,4.5 (273),"22 Main St S 2nd Floor, Brampton, ON L6W 2C3, Canada"
fearocards-brampton,FeARoCards,Brampton,ON,5 (15),"Meltwater Cres, Brampton, ON L6P 3W6, Canada"
gateway-cards-sports-brampton,Gateway Cards & Sports,Brampton,ON,4.9 (16),"499 Main St S, Brampton, ON L6Y 1N7, Canada"
rolls-and-realms-inc-brantford,Rolls and Realms Inc.,Brantford,ON,5 (1),"207 Colborne St W #1, Brantford, ON N3T 1L6, Canada"
sequence-comics-and-gaming-brockville,Sequence Comics and Gaming,Brockville,ON,4.6 (165),"175 King St W, Brockville, ON K6V 3R6, Canada"
breakers-choice-burlington,Breakers Choice,Burlington,ON,4 (138),"437 Brock Ave, Burlington, ON L7S 1M8, Canada"
hall-of-fame-collection-burlington,Hall Of Fame Collection,Burlington,ON,5 (15),"1220 Corporate Dr, Burlington, ON L7L 5R7, Canada"
forbes-hobbies-cambridge,Forbes Hobbies,Cambridge,ON,4.6 (324),"626 King St E, Cambridge, ON N3H 3N6, Canada"
mk-kards-cambridge,MK Kards,Cambridge,ON,4.6 (55),"48 Queen St E Unit 11, Cambridge, ON N3C 2B9, Canada"
total-sports-cards-collectibles-etobicoke,Total Sports Cards & Collectibles,Etobicoke,ON,4.8 (224),"3505 Lake Shore Blvd W, Etobicoke, ON M8W 1N5, Canada"
comics-north-greater-sudbury,Comics North,Greater Sudbury,ON,4.5 (333),"106 Elm St, Greater Sudbury, ON P3C 1T5, Canada"
diadem-cards-hobbies-greater-sudbury,Diadem Cards & Hobbies,Greater Sudbury,ON,4.7 (105),"166 Douglas St W, Greater Sudbury, ON P3E 1G1, Canada"
docs-hobby-shop-greater-sudbury,Docs hobby shop,Greater Sudbury,ON,4.7 (149),"92 Kitchener Ave, Greater Sudbury, ON P3B 2Y8, Canada"
great-canadian-games-hobbies-greater-sudbury,Great Canadian Games & Hobbies,Greater Sudbury,ON,4.5 (322),"1414 Lasalle Blvd, Greater Sudbury, ON P3A 1Z6, Canada"
great-white-north-pottery-supplies-greater-sudbury,Great White North Pottery Supplies,Greater Sudbury,ON,4.9 (282),"1305 Kelly Lake Rd Unit 3, Greater Sudbury, ON P3E 5P5, Canada"
nepal-handicrafts-greater-sudbury,Nepal Handicrafts,Greater Sudbury,ON,4.8 (33),"Unit 159, Elm Place, Downtown Mall, 40 Elm St, Greater Sudbury, ON P3C 1S8, Canada"
retro-relics-greater-sudbury,Retro Relics,Greater Sudbury,ON,4.7 (41),"4764 Regional Rd 15, Chelmsford, ON P0M 1L0, Canada"
valixya-greater-sudbury,Valixya,Greater Sudbury,ON,4.9 (29),"1861 Lasalle Blvd, Greater Sudbury, ON P3A 2A3, Canada"
brodie-s-gaming-guelph,Brodie's Gaming,Guelph,ON,4.8 (652),"304 Stone Rd W #10, Guelph, ON N1G 3C4, Canada"
microplay-video-games-collectibles-guelph,Microplay Video Games & Collectibles,Guelph,ON,4.5 (426),"130 Silvercreek Pkwy N, Guelph, ON N1H 7Y5, Canada"
royal-cat-records-guelph,Royal Cat Records,Guelph,ON,4.6 (230),"21 Macdonell St, Guelph, ON N1H 2Z3, Canada"
simply-wonderful-toys-gizmos-inc-guelph,Simply Wonderful Toys & Gizmos Inc,Guelph,ON,4.8 (122),"10 Paisley St, Guelph, ON N1H 2N6, Canada"
the-beat-goes-on-guelph,The Beat Goes On,Guelph,ON,4.5 (344),"23 Wellington St E, Guelph, ON N1H 3R7, Canada"
the-bookshelf-guelph,The Bookshelf,Guelph,ON,4.7 (767),"41 Quebec St, Guelph, ON N1H 2T1, Canada"
the-dragon-guelph,The Dragon,Guelph,ON,4.6 (690),"55 Wyndham St N T-19B, Guelph, ON N1H 7T8, Canada"
the-trading-post-guelph,The Trading Post,Guelph,ON,4 (55),"32 Essex St, Guelph, ON N1H 3K8, Canada"
tko-toy-co-guelph,TKO Toy Co,Guelph,ON,4.9 (339),"435 Stone Rd W, Guelph, ON N1G 2X6, Canada"
wyndham-art-supplies-guelph,Wyndham Art Supplies,Guelph,ON,4.9 (417),"125 Wyndham St N Unit a, Guelph, ON N1H 4E9, Canada"
1up-games-hamilton,1UP Games,Hamilton,ON,4.7 (574),"777 King St W, Hamilton, ON L8S 1K2, Canada"
big-b-comics-hamilton,Big B Comics,Hamilton,ON,4.7 (992),"1045 Upper James St, Hamilton, ON L9C 3A6, Canada"
black-knight-games-hamilton,Black Knight Games,Hamilton,ON,4.6 (978),"864 Mohawk Rd E, Hamilton, ON L8T 2R5, Canada"
breakaway-sports-cards-hamilton,Breakaway Sports Cards,Hamilton,ON,4.7 (333),"65 Wilson St W Unit 14, Ancaster, ON L9G 1N1, Canada"
burdin-s-comics-hamilton,Burdin's Comics,Hamilton,ON,4.6 (153),"665 Barton Street East REAR DOOR, Hamilton, ON L8L 3A3, Canada"
conspiracy-comics-games-anime-hamilton,Conspiracy Comics Games & Anime,Hamilton,ON,4.3 (212),"999 Upper Wentworth St, Hamilton, ON L9A 4X5, Canada"
dark-fox-tcg-hamilton,Dark Fox TCG,Hamilton,ON,4.6 (513),"730 Upper James St, Hamilton, ON L9C 2Z9, Canada"
digital-grade-submissions-hamilton,Digital Grade Submissions,Hamilton,ON,5 (15),"1063 King St W #263, Hamilton, ON L8S 4S3, Canada"
heroes-n-legends-hamilton,Heroes N' Legends,Hamilton,ON,4.4 (48),"100 King St W, Hamilton, ON L8P 1A2, Canada"
m4-sports-cards-and-collectibles-hamilton,M4 Sports Cards and Collectibles,Hamilton,ON,4.9 (131),"596 Concession St, Hamilton, ON L8V 2W5, Canada"
mancala-monk-board-game-cafe-hamilton-hamilton,Mancala Monk Board Game Cafe Hamilton,Hamilton,ON,4.8 (877),"1229 Cannon St E, Hamilton, ON L8H 1T8, Canada"
mypops-ca-hamilton-toys-funko-tcg-hamilton,MyPops.ca Hamilton Toys & Funko & TCG,Hamilton,ON,4.7 (149),"75 Centennial Pkwy N Unit B002B, Hamilton, ON L8E 2P2, Canada"
never-board-games-lounge-hamilton,Never Board Games Lounge,Hamilton,ON,4.8 (261),"784 Concession St Unit 11, Hamilton, ON L8V 1C9, Canada"
paradoxtcg-hamilton,ParadoxTCG,Hamilton,ON,4.8 (317),"1354 Barton St E, Hamilton, ON L8H 2W3, Canada"
retrosaurus-hamilton,Retrosaurus,Hamilton,ON,4.8 (270),"203 Main St E, Hamilton, ON L8N 1H2, Canada"
rookies-sports-cards-collectibles-hamilton,Rookies Sports Cards & Collectibles,Hamilton,ON,4.2 (250),"720 Upper James St #4, Hamilton, ON L9C 2Z9, Canada"
the-bard-and-bear-games-cafe-hamilton-hamilton,The Bard and Bear Games Cafe Hamilton,Hamilton,ON,4.8 (320),"237 James St N, Hamilton, ON L8R 2L2, Canada"
the-dragon-s-lair-unleashed-hamilton,The Dragon's Lair Unleashed,Hamilton,ON,4.8 (111),"298 Ottawa St N, Hamilton, ON L8H 3Z9, Canada"
tistaminis-hamilton,Tistaminis,Hamilton,ON,4.9 (977),"162 Parkdale Ave N, Hamilton, ON L8H 5X2, Canada"
waypoint-games-hamilton,Waypoint Games,Hamilton,ON,4.9 (234),"1042 Garner Rd W Unit A105, Hamilton, ON L9G 0J2, Canada"
webber-s-balloons-cards-and-collectibles-hamilton,"Webber's Balloons, Cards and Collectibles",Hamilton,ON,4.7 (49),"1466 Main St E, Hamilton, ON L8K 1C6, Canada"
up-north-games-huntsville,Up North Games,Huntsville,ON,4.8 (154),"44 Main St E, Huntsville, ON P1H 2C7, Canada"
action-packed-comics-games-kingston,Action Packed Comics & Games,Kingston,ON,4.4 (349),"724 Princess St, Kingston, ON K7L 1G2, Canada"
art-noise-kingston,Art Noise,Kingston,ON,4.4 (116),"290 Princess St, Kingston, ON K7L 1B5, Canada"
booster-house-kingston,Booster House,Kingston,ON,4.8 (25),"635 MacDonnell St #1, Kingston, ON K7K 4X2, Canada"
chumleighs-kingston,Chumleighs,Kingston,ON,4.2 (150),"699 Gardiners Rd, Kingston, ON K7M 3Y4, Canada"
game-over-kingston,Game Over,Kingston,ON,5 (10),"11 Hickson Ave, Kingston, ON K7K 2N4, Canada"
improbable-escapes-board-game-lounge-kingston,Improbable Escapes: Board Game Lounge,Kingston,ON,4.5 (4),"500 Gardiners Rd Unit 12A, Kingston, ON K7M 7W9, Canada"
kingston-card-den-kingston,Kingston Card Den,Kingston,ON,4.9 (128),"699 Gardiners Rd Unit 3a, Kingston, ON K7M 3Y4, Canada"
kingston-gaming-nexus-kingston,Kingston Gaming Nexus,Kingston,ON,4.7 (585),"270 Bagot St, Kingston, ON K7L 3G4, Canada"
minotaur-games-and-gifts-kingston,Minotaur Games and Gifts,Kingston,ON,4.5 (359),"78 Princess St, Kingston, ON K7L 1A5, Canada"
novel-idea-kingston,Novel Idea,Kingston,ON,4.8 (300),"156 Princess St Ste 201, Kingston, ON K7L 5R2, Canada"
sbt-comics-games-kingston,SBT Comics & Games,Kingston,ON,4.7 (503),"699 Gardiners Rd Unit 3, Kingston, ON K7M 3Y4, Canada"
the-rocking-horse-toys-kingston,The Rocking Horse Toys,Kingston,ON,4.7 (118),"193 Princess St, Kingston, ON K7L 1B1, Canada"
tom-tech-repairs-game-vault-kingston-kingston,Tom Tech Repairs & Game Vault Kingston,Kingston,ON,4.9 (426),"753 King St W, Kingston, ON K7M 2G4, Canada"
chimera-gaming-kitchener,Chimera Gaming,Kitchener,ON,4.8 (342),"700 Strasburg Rd Unit 31, Kitchener, ON N2E 2M2, Canada"
beyond-the-pond-sports-cards-and-collectables-london,Beyond the Pond Sports Cards and Collectables,London,ON,4.7 (64),"1615 N Routledge Park, London, ON N6H 5L6, Canada"
card-cycle-london,Card Cycle,London,ON,4.8 (127),"611 Wonderland Rd N #9a, London, ON N6H 4V6, Canada"
cellular-magician-london,Cellular Magician,London,ON,4.6 (418),"1225 Wonderland Rd N, London, ON N6G 4X1, Canada"
ea-collectibles-london,EA Collectibles,London,ON,4.8 (432),"410 Third St, London, ON N5W 4W6, Canada"
forest-city-coins-stamps-london,Forest City Coins & Stamps,London,ON,4 (89),"354 Richmond St, London, ON N6A 3C7, Canada"
game-cycle-hamilton-road-london,Game Cycle Hamilton Road,London,ON,4.4 (515),"972 Hamilton Rd, London, ON N5W 1A5, Canada"
game-cycle-london-wharncliffe-london,Game Cycle London Wharncliffe,London,ON,4.6 (896),"79 Wharncliffe Rd S, London, ON N6J 2J8, Canada"
game-knight-leagues-london,Game Knight Leagues,London,ON,5 (133),"38 Adelaide St N Unit 2A, London, ON N6B 3N5, Canada"
gamers-emporium-london,Gamers Emporium,London,ON,4.3 (152),"1634 Hyde Park Rd, London, ON N6H 5L4, Canada"
heaven-s-collectibles-tcg-london,Heaven's Collectibles & TCG,London,ON,4.6 (36),"LL1, 190 Wortley Rd Lower Level 1, London, ON N6C 4Y7, Canada"
heroes-comics-london,Heroes Comics,London,ON,4.7 (1091),"186 Dundas St, London, ON N6A 1G7, Canada"
hi-times-head-shop-indoor-growing-equipment-indoor-grow-shop-hydroponics-london,Hi-Times (Head Shop + Indoor Growing Equipment +Indoor Grow Shop Hydroponics,London,ON,4.3 (269),"360 Richmond St, London, ON N6A 3C7, Canada"
l-a-mood-comics-games-london,L. A. Mood Comics & Games,London,ON,4.7 (522),"100 Kellogg Ln Ste 5, London, ON N5W 0B4, Canada"
neo-tokyo-the-anime-store-london,Neo Tokyo The Anime Store,London,ON,4.6 (452),"472 Hamilton Rd, London, ON N5Z 1R9, Canada"
players-cards-and-collectibles-london,Players Cards and Collectibles,London,ON,4 (264),"639 Southdale Rd E, London, ON N6E 3M2, Canada"
premium-sports-cards-london,Premium Sports Cards,London,ON,4.9 (93),"201 Exeter Rd Unit D, London, ON N6L 1A4, Canada"
realm-hoppers-london,Realm Hoppers,London,ON,4.5 (32),"100 Veronica Ave, London, ON N5Z 3M9, Canada"
seven-sisters-ritual-apothecary-london,Seven Sisters Ritual Apothecary,London,ON,4.9 (85),"129 Dundas St, London, ON N6A 1E8, Canada"
the-game-chamber-london,The Game Chamber,London,ON,4.8 (504),"525 First St Unit 7, London, ON N5V 1Z5, Canada"
the-mana-lounge-london,The Mana Lounge,London,ON,4.4 (246),"256 Dundas St, London, ON N6A 1H3, Canada"
warhammer-london,Warhammer,London,ON,4.6 (129),"White Oaks Mall, 1105 Wellington Rd Unit 411, London, ON N6E 1V4, Canada"
a-j-hobbies-markham,A&J Hobbies,Markham,ON,4.6 (258),"221 Whitehall Dr, Markham, ON L3R 0T5, Canada"
advance-rc-hobbies-markham,Advance RC & Hobbies,Markham,ON,4.6 (129),"Woodbine Ave B200, Markham, ON L3R 4X9, Canada"
card-board-gaming-appointment-only-markham,Card Board Gaming - Appointment Only,Markham,ON,4.8 (60),"257 Riverwalk Dr, Markham, ON L6B 0H2, Canada"
chigun-hobbies-markham,Chigun Hobbies,Markham,ON,3.8 (52),"Pacific Mall, 4300 Steeles Ave E Unit A2-203, Markham, ON L3R 0Y5, Canada"
comfy-hobbies-markham,Comfy Hobbies,Markham,ON,4.6 (129),"57 Glen Cameron Rd East, Thornhill, ON L3T 1P3, Canada"
cool-dragon-hobby-markham,Cool Dragon Hobby,Markham,ON,4 (4),"372 Kirkham Dr, Markham, ON L3S 0E4, Canada"
fine-toys-store-markham,Fine Toys Store,Markham,ON,5 (3),"8333 Kennedy Rd #2017-2018, Markham, ON L3R 4P8, Canada"
five-dragons-hobbies-markham,Five Dragons hobbies,Markham,ON,3.9 (24),"8339 Kennedy Rd Unit 2331-2332, Markham, ON L3R 5T5, Canada"
george-s-trains-markham,George's Trains,Markham,ON,4.5 (211),"550 Alden Rd Unit 102, Markham, ON L3R 6A8, Canada"
hogtown-cards-markham,Hogtown Cards,Markham,ON,4.2 (5460),"8500 Warden Ave., Markham, ON L6G 1A5, Canada"
horizon-diecast-markham,Horizon Diecast,Markham,ON,4.9 (195),"280 Yorktech Dr Unit 27, Markham, ON L6G 0A6, Canada"
k-os-collectibles-inc-markham,K-OS Collectibles Inc,Markham,ON,4.8 (116),"3636 Steeles Ave E #135, Markham, ON L3R 1K9, Canada"
kadoone-markham,KadOone,Markham,ON,4.9 (214),"290 Yorktech Dr #15, Markham, ON L6G 0A7, Canada"
manta-trading-markham,Manta Trading,Markham,ON,4.9 (292),"7170 Warden Ave. Unit 22, Markham, ON L3R 8B4, Canada"
masterset-co-markham,MasterSet Co.,Markham,ON,4.5 (322),"3255 Hwy 7 Unit 72, Markham, ON L3R 3P3, Canada"
much-hobby-online-shopping-markham,Much Hobby Online Shopping,Markham,ON,5 (1),"8865 Woodbine Ave, Markham, ON L3R 5G1, Canada"
mypops-ca-markham-toys-funko-tcg-markham,MyPops.ca Markham Toys Funko TCG,Markham,ON,4.9 (523),"431 Alden Rd Unit 19-20, Markham, ON L3R 3L4, Canada"
nerdvana-cards-games-markham,Nerdvana Cards & Games,Markham,ON,4.9 (108),"59 Main Street Markham N, Markham, ON L3P 1X7, Canada"
nexpack-collectibles-trading-card-shop-markham,NexPack Collectibles - Trading Card Shop,Markham,ON,4.7 (191),"7225 Woodbine Ave #119, Markham, ON L3R 1A3, Canada"
not-a-hobby-shop-goose-guzzu-mart-markham,Not A Hobby Shop & Goose Guzzu Mart,Markham,ON,4.7 (44),"3255 Hwy 7 Unit 212, Markham, ON L3R 3P9, Canada"
panda-hobby-canada-s-largest-gundam-store-markham,Panda Hobby - Canada's Largest Gundam Store,Markham,ON,4.8 (563),"140 Amber St #8, Markham, ON L3R 3J8, Canada"
playdexk-markham,Playdexk,Markham,ON,5 (282),"180 Enterprise Blvd 2/F K202, Markham, ON L6G 0E6, Canada"
pvp-shoppe-markham,PvP Shoppe,Markham,ON,5 (959),"2/F, 9390 Woodbine Ave 2/F, Unit 2R2, Markham, ON L6C 0M5, Canada"
sino-hobby-markham-markham,Sino Hobby Markham,Markham,ON,4.4 (125),"3255 Hwy 7 Unit 151, Markham, ON L3R 3P9, Canada"
springer-hobbies-markham,Springer Hobbies,Markham,ON,4.8 (41),"61 Telson Rd Unit 1, Markham, ON L3R 1E4, Canada"
woodforsheep-hobbies-ltd-markham,WoodForSheep Hobbies Ltd.,Markham,ON,4.8 (230),"220 Royal Crest Ct #3, Markham, ON L3R 9Y2, Canada"
a-spec-cards-inc-milton,A-Spec Cards Inc.,Milton,ON,4.9 (57),"1224 Main St E, Milton, ON L9T 9K7, Canada"
untouchables-sports-cards-gaming-milton-milton,Untouchables Sports Cards & Gaming (Milton),Milton,ON,4.3 (195),"100 Nipissing Rd, Milton, ON L9T 5B2, Canada"
cheesmo-s-cards-mobile-hobby-shop-mississauga,Cheesmo's Cards Mobile Hobby Shop,Mississauga,ON,5 (7),"3125B Wolfedale Rd, Mississauga, ON L5C 1V8, Canada"
conspiracy-comics-games-anime-mississauga,Conspiracy Comics Games & Anime,Mississauga,ON,4.2 (177),"100 City Centre Dr, Mississauga, ON L5B 2C9, Canada"
duel-city-games-mississauga,Duel City Games,Mississauga,ON,4.7 (14),"Leanne Blvd, Mississauga, ON L5K 2K8, Canada"
game-time-collectibles-mississauga,Game Time Collectibles,Mississauga,ON,4.7 (233),"2205 Bostock Crescent, Mississauga, ON L5J 3S8, Canada"
gotham-central-comics-mississauga,Gotham Central Comics,Mississauga,ON,4.8 (1160),"1400 Aimco Blvd Unit 1, Mississauga, ON L4W 1B5, Canada"
image-collections-mississauga,Image Collections,Mississauga,ON,4.5 (188),"181 Queen St S, Mississauga, ON L5M 1L1, Canada"
kanzen-games-sports-collectibles-mississauga,KanZen Games Sports & Collectibles,Mississauga,ON,4.8 (596),"7070 St Barbara Blvd Unit 60-62, Mississauga, ON L5W 0E6, Canada"
legendary-collectables-mississauga,Legendary Collectables,Mississauga,ON,4.6 (102),"800 Dundas St E Unit G, Mississauga, ON L4Y 2B6, Canada"
lvlup-games-mississauga,LVLUP GAMES,Mississauga,ON,4.9 (605),"833 Westlock Rd, Mississauga, ON L5C 1K7, Canada"
mypops-ca-erin-mills-town-centre-mississauga-toys-funko-tcg-mississauga,MyPops.ca Erin Mills Town Centre Mississauga Toys Funko TCG,Mississauga,ON,4.7 (442),"Lower Floor near Food Court, 5100 Erin Mills Pkwy Unit B124, Mississauga, ON L5M 4Z5, Canada"
nak-gaming-online-order-pickup-only-mississauga,Nak Gaming - Online Order Pickup Only,Mississauga,ON,4.6 (20),"5170 Winston Churchill Blvd Unit 105, Mississauga, ON L5M 0P2, Canada"
professional-sports-authenticator-psa-canada-mississauga,Professional Sports Authenticator - PSA Canada,Mississauga,ON,4 (4),"5560 Explorer Dr #101, Mississauga, ON L4W 5M3, Canada"
red-riot-games-mississauga,Red Riot Games,Mississauga,ON,4 (346),"265 Queen St S, Mississauga, ON L5M 1L9, Canada"
slab-sharks-sports-cards-collectibles-consignment-mississauga,Slab Sharks - Sports Cards & Collectibles Consignment,Mississauga,ON,4.9 (227),"6760 Davand Dr Unit 8 & 9, Mississauga, ON L5T 2L9, Canada"
the-upper-hand-mississauga,The Upper Hand,Mississauga,ON,4.2 (467),"2150 Burnhamthorpe Rd W, Mississauga, ON L5L 3A2, Canada"
vtrgaming-mississauga,VTRGaming,Mississauga,ON,4.2 (149),"714 Burnhamthorpe Rd E, Mississauga, ON L4Y 2X3, Canada"
warp-zone-gaming-mississauga,Warp Zone Gaming,Mississauga,ON,4.6 (68),"1151 Dundas St W #9, Mississauga, ON L5C 1C6, Canada"
x-planet-games-mississauga,X Planet Games,Mississauga,ON,4.8 (307),"5170 Dixie Rd, Mississauga, ON L4W 1E3, Canada"
centre-ice-collectibles-niagara-falls,Centre Ice Collectibles,Niagara Falls,ON,5 (1),"6272 Parkside Rd, Niagara Falls, ON L2H 0B2, Canada"
m-l-sports-cards-collectables-niagara-falls,M&L Sports Cards & Collectables,Niagara Falls,ON,4.3 (139),"7174 A Drummond Rd, Niagara Falls, ON L2G 4P6, Canada"
niagara-sports-cards-niagara-falls,Niagara Sports Cards,Niagara Falls,ON,3.7 (38),"9338 Hendershot Blvd, Niagara Falls, ON L2H 0E9, Canada"
aces-cool-collectibles-north-bay,Aces Cool Collectibles,North Bay,ON,5 (19),"1180 Cassells St, North Bay, ON P1B 4B6, Canada"
outpost-gaming-north-bay,Outpost Gaming,North Bay,ON,4.8 (47),"2690 Trout Lake Rd Unit 3, North Bay, ON P1B 7S7, Canada"
ultimate-sportscards-north-bay,Ultimate Sportscards,North Bay,ON,4.9 (58),"1410 Cassells St, North Bay, ON P1B 4C1, Canada"
top-shelf-co-oakville,Top Shelf Co.,Oakville,ON,5 (383),"481 North Service Rd W A13, Oakville, ON L6M 2V6, Canada"
cards-and-coasters-orillia,Cards and Coasters,Orillia,ON,4.8 (314),"58 Mississaga St E 2nd floor, Orillia, ON L3V 1V5, Canada"
addictive-hobbies-games-oshawa,Addictive Hobbies & Games,Oshawa,ON,4.9 (115),"13 King St W, Oshawa, ON L1H 1A1, Canada"
cardboard-hero-oshawa,Cardboard Hero,Oshawa,ON,4.9 (277),"88 Simcoe St N, Oshawa, ON L1G 4S2, Canada"
comic-alley-toys-oshawa,Comic Alley Toys,Oshawa,ON,4.7 (364),"9 Bond St W, Oshawa, ON L1H 1A3, Canada"
deck-out-gaming-oshawa,Deck Out Gaming,Oshawa,ON,4.5 (175),"1255 Skae Dr #5, Oshawa, ON L1J 7A3, Canada"
f-g-bradley-s-oshawa,F.G.Bradley's,Oshawa,ON,4.6 (234),"Oshawa Centre, 419 King St W Unit 2015, Oshawa, ON L1J 2K5, Canada"
fly-by-nite-movies-games-and-toys-oshawa,"Fly By Nite Movies, Games, and Toys",Oshawa,ON,4.8 (168),"15 Bond St E, Oshawa, ON L1G 1A8, Canada"
g-a-m-e-s-oshawa,G A M E S,Oshawa,ON,4.3 (521),"1180 Simcoe St N, Oshawa, ON L1G 4W8, Canada"
gnu-books-oshawa,GNU Books,Oshawa,ON,4.5 (338),"Northway Plaza, 1120 Simcoe St N, Oshawa, ON L1G 4W6, Canada"
great-hobbies-oshawa,Great Hobbies,Oshawa,ON,4.4 (235),"991 Taunton Rd E Unit 6B, Oshawa, ON L1K 2M6, Canada"
hallmark-oshawa,Hallmark,Oshawa,ON,4.5 (90),"991 Taunton Rd E Unit 6, Oshawa, ON L1K 0Z7, Canada"
new-rave-tcg-hobbies-oshawa,New Rave TCG & Hobbies,Oshawa,ON,5 (1),"1300 King St E #11, Oshawa, ON L1H 8J4, Canada"
skyfox-games-oshawa,Skyfox Games,Oshawa,ON,4.7 (2434),"86 William St E, Oshawa, ON L1G 1K6, Canada"
the-3d-shoppe-oshawa,The 3D Shoppe,Oshawa,ON,4.8 (78),"88 King St W, Oshawa, ON L1H 1A6, Canada"
the-comic-doctor-inc-oshawa,The Comic Doctor Inc,Oshawa,ON,5 (154),"Unit #5, 90 Russett Ave, Oshawa, ON L1G 3R5, Canada"
the-entertainment-cube-oshawa,The Entertainment Cube,Oshawa,ON,4.8 (42),"5 Bond St W, Oshawa, ON L1G 1A1, Canada"
worlds-collide-oshawa,Worlds Collide,Oshawa,ON,4.8 (422),"10 Simcoe St N, Oshawa, ON L1G 4R8, Canada"
xtreme-r-c-raceways-oshawa,Xtreme R/C & Raceways,Oshawa,ON,4.7 (251),"57 Simcoe St S, Oshawa, ON L1H 4G4, Canada"
buying-sports-cards-comics-ottawa,Buying Sports Cards & Comics,Ottawa,ON,5 (1),"1701 Woodroffe Ave, Ottawa, ON K2G 1W2, Canada"
carsncards-com-ottawa,carsncards.com,Ottawa,ON,5 (63),"1010 Polytek St #33, Ottawa, ON K1J 9E5, Canada"
carta-magica-ottawa-ottawa,Carta Magica Ottawa,Ottawa,ON,4 (420),"1179 St. Laurent Blvd, Ottawa, ON K1K 3B7, Canada"
danireon-cards-games-ottawa,Danireon Cards & Games,Ottawa,ON,4.9 (1678),"250 Centrum Blvd Unit 110, Ottawa, ON K1E 3L8, Canada"
dxhers-ottawa,Dxhers,Ottawa,ON,5 (20),"Claudet Crescent, Ottawa, ON K1G 4R3, Canada"
empire-trading-tcg-ottawa,Empire Trading TCG,Ottawa,ON,4.4 (64),"1980 Ogilvie Rd #113, Gloucester, ON K1J 9L3, Canada"
entertainment-ink-ottawa,Entertainment Ink!,Ottawa,ON,4.3 (118),"110 Place d'Orléans Dr, Orléans, ON K1E 0B6, Canada"
game-breakers-sports-cards-collectibles-ottawa,Game Breakers Sports Cards & Collectibles,Ottawa,ON,4.4 (334),"780 Baseline Rd Unit 11, Ottawa, ON K2C 3V8, Canada"
game-breakers-sports-cards-ottawa,Game Breakers Sports Cards,Ottawa,ON,4.4 (334),"780 Baseline Rd Unit 11, Ottawa, ON K2C 3V8, Canada"
hobbiesville-ottawa,Hobbiesville,Ottawa,ON,4.6 (118),"2635 Blackwell St Unit 5, Ottawa, ON K1B 4E4, Canada"
hobbiesville-ottawa-ottawa,Hobbiesville Ottawa,Ottawa,ON,4.5 (2229),"607 Somerset St W, Ottawa, ON K1R 6C6, Canada"
imaginaire-store-ottawa-ottawa,Imaginaire Store Ottawa,Ottawa,ON,4.5 (604),"50 Rideau St Level 3, Ottawa, ON K1N 9J7, Canada"
minty-fresh-collectibles-ottawa,Minty Fresh Collectibles,Ottawa,ON,5 (110),"16 Green St Unit 202, Nepean, ON K2J 3R2, Canada"
nabema-collectibles-ottawa,Nabema Collectibles,Ottawa,ON,4.9 (359),"1615 Orléans Blvd #108, Ottawa, ON K1C 7E2, Canada"
nefarious-comics-ottawa,Nefarious Comics,Ottawa,ON,4.7 (85),"386a Bank St, Ottawa, ON K2P 1Y4, Canada"
nostalgia-warehouse-ottawa,Nostalgia Warehouse,Ottawa,ON,4.7 (174),"233-C Armstrong St, Ottawa, ON K1Y 1B4, Canada"
out-of-the-box-ottawa,Out of the Box,Ottawa,ON,4.8 (496),"1826 Robertson Rd Unit 16 Suite 321, Nepean, ON K2H 5Z6, Canada"
red-dragon-comics-cards-games-ottawa,"Red Dragon Comics, Cards, Games",Ottawa,ON,4.3 (327),"6008 Voyageur Dr, Orléans, ON K1C 2K1, Canada"
shikdar-trading-inc-ottawa,Shikdar Trading Inc.,Ottawa,ON,4.4 (92),"1564 Carling Ave, Ottawa, ON K1Z 7M4, Canada"
soul-tcg-ottawa,Soul TCG,Ottawa,ON,4.2 (5),"50 Rideau St, Ottawa, ON K1N 9J7, Canada"
studio-staja-ottawa,Studio Staja,Ottawa,ON,4.9 (51),"507 Rideau St, Ottawa, ON K1N 5Z5, Canada"
the-comic-book-shoppe-ottawa,The Comic Book Shoppe,Ottawa,ON,4.7 (658),"1400 Clyde Ave., Nepean, ON K2G 3J2, Canada"
the-hobby-centre-ottawa,The Hobby Centre,Ottawa,ON,4.6 (354),"1916 Merivale Rd, Nepean, ON K2G 1E8, Canada"
toys-on-fire-ottawa,Toys on Fire,Ottawa,ON,4.6 (469),"95 Abbeyhill Dr Unit D0A, Ottawa, ON K2M 1C9, Canada"
trinity-hobby-ottawa,Trinity Hobby,Ottawa,ON,4.7 (363),"1320 Carling Ave Unit B, Ottawa, ON K1Z 7K8, Canada"
vulcan-collectibles-ottawa,Vulcan Collectibles,Ottawa,ON,4.9 (74),"1886 Merivale Rd Unit 103-1, Ottawa, ON K2G 5W5, Canada"
dueling-grounds-tabletop-games-peterborough,Dueling Grounds Tabletop Games,Peterborough,ON,4.3 (353),"373 George St N, Peterborough, ON K9J 3R2, Canada"
kollect-this-inc-peterborough,Kollect This Inc.,Peterborough,ON,4.3 (111),"360 George St N Unit 1, Peterborough, ON K9H 7E7, Canada"
rawscoe-s-sport-collectibles-peterborough,Rawscoe's Sport Collectibles,Peterborough,ON,4.8 (60),"182 Charlotte St, Peterborough, ON K9J 2T8, Canada"
board-game-bliss-richmond-hill,Board Game Bliss,Richmond Hill,ON,4.7 (806),"245 West Beaver Creek Rd #5, Richmond Hill, ON L4B 1L1, Canada"
collectors-dreams-richmond-hill,Collectors Dreams,Richmond Hill,ON,3.7 (120),"10520 Yonge St #31, Richmond Hill, ON L4C 3C7, Canada"
flaring-lair-richmond-hill,Flaring Lair,Richmond Hill,ON,4.9 (145),"670 Hwy 7 Unit 62, Richmond Hill, ON L4B 3P2, Canada"
heavyjs-card-house-sarnia,HeavyJs Card House,Sarnia,ON,5 (14),"208 Front St N, Sarnia, ON N7T 5S3, Canada"
games-nook-ii-sault-ste-marie,Games Nook II,Sault Ste. Marie,ON,4.9 (102),"756 Queen St E, Sault Ste. Marie, ON P6A 2B1, Canada"
hallmark-cards-gifts-sault-ste-marie,Hallmark Cards & Gifts,Sault Ste. Marie,ON,3.9 (29),"Station Mall, 293 Bay St Unit J8-9, Sault Ste. Marie, ON P6A 1X3, Canada"
hilltribe-ontario-sault-ste-marie,Hilltribe Ontario,Sault Ste. Marie,ON,4.8 (150),"Station Mall, 293 Bay St L9, Sault Ste. Marie, ON P6A 1X3, Canada"
kanto-kreations-sault-ste-marie,Kanto Kreations,Sault Ste. Marie,ON,5 (36),"118 Brock St Unit 1, Sault Ste. Marie, ON P6A 3B5, Canada"
mark-s-autographs-and-collectables-sault-ste-marie,Mark's Autographs and Collectables,Sault Ste. Marie,ON,3.9 (17),"275 Second Line W Unit 190, Sault Ste. Marie, ON P6C 2J4, Canada"
the-rad-zone-sault-ste-marie,The Rad Zone,Sault Ste. Marie,ON,4.8 (221),"721 Queen St E, Sault Ste. Marie, ON P6A 2A8, Canada"
the-trading-post-sault-ste-marie,The Trading Post,Sault Ste. Marie,ON,4.5 (357),"1332 Great Northern Rd, Sault Ste. Marie, ON P6A 5K7, Canada"
vintage-games-n-junque-sault-ste-marie,Vintage Games 'n Junque,Sault Ste. Marie,ON,4.8 (216),"165 Queen St E, Sault Ste. Marie, ON P6A 1Y6, Canada"
xcite-toys-games-collectibles-sault-ste-marie,Xcite Toys Games & Collectibles,Sault Ste. Marie,ON,5 (2),"155 Walnut St, Sault Ste. Marie, ON P6B 2E8, Canada"
high-score-gamez-st-catharines,High Score Gamez,St. Catharines,ON,4.9 (86),"40 Hartzel Rear, St. Catharines, ON L2P 1M5, Canada"
the-toy-trove-st-catharines,The Toy Trove,St. Catharines,ON,4.4 (417),"280 Geneva St Rear Unit, St. Catharines, ON L2N 2E8, Canada"
fan-of-the-sport-st-thomas,Fan of the Sport,St Thomas,ON,4.7 (187),"417 Wellington St, St Thomas, ON N5R 5J5, Canada"
boreal-gaming-cards-thorold,Boreal Gaming & Cards,Thorold,ON,4.9 (108),"1809 Merrittville Hwy Ste C, Fonthill, ON L0S 1E6, Canada"
807-cards-collectibles-thunder-bay,807 Cards & Collectibles,Thunder Bay,ON,5 (18),"118 Cumberland St N, Thunder Bay, ON P7A 4M2, Canada"
krown-the-shine-shop-timmins,Krown & The Shine Shop,Timmins,ON,4.6 (53),"1300 Riverside Dr Unit 40, Timmins, ON P4R 1A5, Canada"
401-games-toronto,401 Games,Toronto,ON,4.5 (3998),"431 Yonge St, Toronto, ON M5B 1T3, Canada"
a-c-games-toronto,A & C Games,Toronto,ON,4.5 (1944),"452 Spadina Ave., Toronto, ON M5T 2G8, Canada"
aj-sports-autographed-memorabilia-toronto,AJ Sports / Autographed Memorabilia,Toronto,ON,4.7 (319),"1200 Castlefield Ave Ste 200, York, ON M6B 1G2, Canada"
anime-alley-toronto,Anime Alley,Toronto,ON,4.8 (124),"667 Yonge St, Toronto, ON M4Y 1Z9, Canada"
anime-otaku-hobby-toronto,Anime Otaku Hobby,Toronto,ON,4.9 (105),"627 Bloor St W 3rd flr, Toronto, ON M6G 1K8, Canada"
banana-games-hobby-toronto,Banana Games & Hobby,Toronto,ON,4.7 (1069),"530 Yonge St 2nd floor, Toronto, ON M4Y 1Y8, Canada"
beardycards-toronto,BeardyCards,Toronto,ON,4.9 (178),"439 Danforth Ave, Toronto, ON M4K 1P1, Canada"
black-rose-hobbies-toronto,Black Rose Hobbies,Toronto,ON,5 (217),"5000 Dufferin St Unit B1, North York, ON M3H 5T5, Canada"
cangeek-games-and-collectibles-toronto,CanGeek Games and Collectibles,Toronto,ON,4.6 (30),"2351 Kennedy Rd Unit 105 (Ground Floor, Scarborough, ON M1S 4Z2, Canada"
cardify-hobby-cards-collectibles-sports-tcgs-toronto,Cardify Hobby Cards & Collectibles Sports/TCGs,Toronto,ON,5 (329),"514 Queen St W, Toronto, ON M5V 2B3, Canada"
chonky-collectibles-toronto,Chonky Collectibles,Toronto,ON,4.8 (70),"438 Queen St W, Toronto, ON M5V 2A8, Canada"
cyber-city-comix-toronto,Cyber City Comix,Toronto,ON,4.8 (508),"1025 Steeles Ave W, North York, ON M2R 2S9, Canada"
dbsport-collectibles-toronto,Dbsport Collectibles,Toronto,ON,5 (38),"1298 St Clair Ave W, Toronto, ON M6E 1C1, Canada"
djk-entertainment-toronto,DJK Entertainment,Toronto,ON,4.9 (89),"1604 Gerrard St E, Toronto, ON M4L 2A5, Canada"
dolly-s-sports-cards-toronto,Dolly’s Sports Cards,Toronto,ON,4.7 (213),"222 Spadina Ave. #229, Toronto, ON M5T 1E2, Canada"
dolly-s-toys-games-toronto-toronto,Dolly's Toys & Games Toronto,Toronto,ON,4.2 (713),"141 Montezuma Trail, Scarborough, ON M1V 1K4, Canada"
duck-duck-games-collectibles-toronto,Duck Duck Games & Collectibles,Toronto,ON,5 (145),"605 Bloor St W, Toronto, ON M6G 1K4, Canada"
emmett-s-toystop-hobby-shop-toronto,Emmett's ToyStop & Hobby Shop,Toronto,ON,4.7 (153),"5324 Dundas St W, Etobicoke, ON M9B 1B4, Canada"
esper-cards-games-toronto,Esper Cards & Games,Toronto,ON,4.9 (73),"380 Old Kingston Rd, Scarborough, ON M1C 1B6, Canada"
face-to-face-games-toronto,Face to Face Games,Toronto,ON,4.4 (1155),"1398 Danforth Ave, Toronto, ON M4J 1M9, Canada"
game-nation-hobbies-games-toronto,Game Nation Hobbies & Games,Toronto,ON,4.4 (173),"4914A Yonge St, North York, ON M2N 5N5, Canada"
game-shack-toronto,Game Shack,Toronto,ON,4.1 (389),"39 Orfus Rd, North York, ON M6A 1L7, Canada"
go-for-game-toronto,Go For Game,Toronto,ON,4.8 (126),"478 Dundas St W Second Floor, Toronto, ON M5T 1G9, Canada"
gp-sports-cards-toronto,GP Sports Cards,Toronto,ON,5 (3),"3505 Lake Shore Blvd W, Etobicoke, ON M8W 1N5, Canada"
hairy-tarantula-toronto,Hairy Tarantula,Toronto,ON,4.4 (1142),"3456 Yonge St, Toronto, ON M4N 2N4, Canada"
hobbiesville-toronto-toronto,Hobbiesville Toronto,Toronto,ON,4.5 (1353),"9 Ossington Ave, Toronto, ON M6J 2Y8, Canada"
hobby-stop-tcg-collectibles-toronto,Hobby Stop TCG & Collectibles,Toronto,ON,4.9 (58),"2020 Don Mills Rd., North York, ON M3A 3R6, Canada"
hope-club-collectibles-sports-cards-and-trading-card-games-toronto,Hope Club Collectibles - Sports Cards and Trading Card Games,Toronto,ON,5 (577),"1530 Albion Rd unit 52, Etobicoke, ON M9V 1B4, Canada"
illusionary-toronto,Illusionary,Toronto,ON,4.9 (26),"1106 College St, Toronto, ON M6H 1B3, Canada"
meeplemart-toronto,Meeplemart,Toronto,ON,4.5 (1540),"247 Spadina Ave. Lower Level, Toronto, ON M5T 2E2, Canada"
relikks-cards-collectibles-toronto,Relikks Cards & Collectibles,Toronto,ON,4.8 (343),"3235 Yonge St, Toronto, ON M4N 2L5, Canada"
royalty-cards-and-collectibles-toronto,Royalty Cards and Collectibles,Toronto,ON,4.8 (152),"3350 Dufferin St, North York, ON M6A 3A4, Canada"
sunny-hobbies-toronto,Sunny Hobbies,Toronto,ON,4.6 (425),"3300 Midland Ave 2nd floor, unit 205, Scarborough, ON M1V 4W8, Canada"
the-sword-board-toronto,The Sword & Board,Toronto,ON,4.2 (504),"1193 Bloor St W, Toronto, ON M6H 1N4, Canada"
xplore-games-toronto,Xplore Games,Toronto,ON,4.9 (82),"858 Millwood Rd, East York, ON M4G 1W6, Canada"
401-games-vaughan-vaughan,401 Games Vaughan,Vaughan,ON,4.7 (3292),"7700 Keele St Unit 6B, Concord, ON L4K 2A1, Canada"
argama-hobby-vaughan,Argama Hobby,Vaughan,ON,4.9 (228),"50 Viceroy Rd Unit 20, Vaughan, ON L4K 3A7, Canada"
cardboard-classics-vaughan,Cardboard Classics,Vaughan,ON,4.5 (285),"31 Disera Dr #100, Thornhill, ON L4J 0A7, Canada"
certified-sports-memorabilia-vaughan,Certified Sports Memorabilia,Vaughan,ON,4.4 (17),"2499 Rutherford Rd #1, Concord, ON L4K 0J9, Canada"
dd-sports-vaughan-vaughan,DD Sports Vaughan,Vaughan,ON,5 (20),"131 Whitmore Rd Unit 16, Woodbridge, ON L4L 6E3, Canada"
flip-collectibles-shop-vaughan,FLIP Collectibles Shop,Vaughan,ON,4.8 (391),"80 Bass Pro Mills Dr #13, Concord, ON L4K 5W9, Canada"
korekuta-games-vaughan,Korekuta Games,Vaughan,ON,5 (367),"120 Woodstream Blvd Unit 12, Woodbridge, ON L4L 7Z1, Canada"
legends-warehouse-vaughan,Legends Warehouse,Vaughan,ON,4.4 (328),"643 Chrislea Rd Unit 1, Woodbridge, ON L4L 8A3, Canada"
level-up-games-canada-vaughan,Level Up Games Canada,Vaughan,ON,4.8 (176),"2316 Major Mackenzie Dr W Unit 2, Maple, ON L6A 1W6, Canada"
mintink-trading-cards-live-experience-vaughan,Mintink Trading Cards & Live Experience,Vaughan,ON,4.8 (894),"8555 Jane St Unit 5 & 6, Vaughan, ON L4K 5N9, Canada"
nd-sports-cards-ltd-psa-authorized-platinum-dealer-vaughan,ND Sports Cards LTD - PSA AUTHORIZED PLATINUM DEALER,Vaughan,ON,5 (63),"120 Woodstream Blvd #18B, Woodbridge, ON L4L 7Z1, Canada"
new-realm-games-vaughan,New Realm Games,Vaughan,ON,4.8 (212),"30 Famous Ave #141A, Woodbridge, ON L4L 9M3, Canada"
northern-war-table-vaughan,Northern War Table,Vaughan,ON,5 (400),"8888 Keele St Unit 23B, Concord, ON L4K 2N2, Canada"
retro-boyz-collectibles-vaughan,Retro Boyz Collectibles,Vaughan,ON,5 (52),"7575 Hwy 27 Unit 28, Vaughan, ON L4L 4M5, Canada"
toybox-trading-co-vaughan,Toybox Trading Co.,Vaughan,ON,5 (30),"120 Woodstream Blvd #18B, Woodbridge, ON L4L 7Z1, Canada"
wandering-adventures-vaughan,Wandering Adventures,Vaughan,ON,5 (69),"7766 Martin Grove Road, inside, the mall Unit 5, Woodbridge, ON L4L 2C7, Canada"
wax-box-club-vaughan,Wax Box Club,Vaughan,ON,4.8 (77),"145 Hawkview Blvd Unit 1, Vaughan, ON L4H 3T7, Canada"
atlas-collectables-waterloo,Atlas Collectables,Waterloo,ON,4.3 (606),"354 King St N, Waterloo, ON N2J 2Z2, Canada"
dolly-s-cards-collectibles-waterloo-waterloo,Dolly's Cards & Collectibles Waterloo,Waterloo,ON,5 (36),"420 Weber St N, Waterloo, ON N2L 4E7, Canada"
crackerjack-stadium-welland,Crackerjack Stadium,Welland,ON,4.6 (217),"620 Niagara St, Welland, ON L3C 0H3, Canada"
we-got-gamez-whitby,We Got Gamez,Whitby,ON,4.9 (690),"1910 Dundas St E #120, Whitby, ON L1N 2L6, Canada"
brimstone-games-windsor,Brimstone Games,Windsor,ON,4.6 (553),"1421 Tecumseh Rd E, Windsor, ON N8W 1C2, Canada"
cartoon-kingdom-windsor,Cartoon Kingdom,Windsor,ON,4.5 (252),"3160 Dougall Ave, Windsor, ON N9E 1S6, Canada"
cedar-creek-hobbies-windsor,Cedar Creek Hobbies,Windsor,ON,4.6 (88),"3160 Dougall Ave, Windsor, ON N9E 1S6, Canada"
digital-oasis-windsor,Digital Oasis,Windsor,ON,4.6 (102),"5400 Tecumseh Rd E Unit 9, Windsor, ON N8T 1C7, Canada"
f-c-house-of-cards-windsor,F & C House of Cards,Windsor,ON,4.2 (132),"4635 Tecumseh Rd E, Windsor, ON N8W 1K8, Canada"
gamecycle-windsor,GameCycle,Windsor,ON,4.4 (388),"472 Tecumseh Rd E, Windsor, ON N8X 2R8, Canada"
helou-s-sports-cards-and-collectibles-windsor,Helou's Sports Cards and Collectibles,Windsor,ON,4.9 (163),"488 University Ave W, Windsor, ON N9A 5P8, Canada"
kaboom-hobby-windsor,Kaboom Hobby,Windsor,ON,5 (3),"3326 Walker Rd Unit C, Windsor, ON N8W 3S1, Canada"
kunaigames-windsor,KunaiGames,Windsor,ON,4.9 (90),"1441 McDougall St Unit 12, Windsor, ON N8X 5C9, Canada"
local-comic-shop-windsor,Local Comic Shop,Windsor,ON,5 (21),"3770 Tecumseh Rd E, Windsor, ON N8W 4K5, Canada"
putali-chowk-board-games-bar-windsor,Putali Chowk Board Games & Bar,Windsor,ON,4.8 (79),"3230 Jefferson Blvd, Windsor, ON N8T 2W8, Canada"
rogues-gallery-comics-windsor,Rogues Gallery Comics,Windsor,ON,4.9 (272),"327 Chatham St W, Windsor, ON N9A 5M8, Canada"
rose-city-sports-n-collectables-windsor,Rose City Sports N Collectables,Windsor,ON,4.7 (15),"1487 Ouellette Ave Lower, Windsor, ON N8X 1K1, Canada"
soar-hobby-more-windsor,SOAR Hobby & More,Windsor,ON,3.8 (355),"3153 Walker Rd, Windsor, ON N8W 3R6, Canada"
tabletop-renaissance-games-hobbies-windsor,Tabletop Renaissance Games & Hobbies,Windsor,ON,4.9 (87),"2270 Wyandotte St W, Windsor, ON N9B 1K4, Canada"
the-cg-realm-windsor,The CG Realm,Windsor,ON,4.6 (321),"1214 Ottawa St Unit 201, Windsor, ON N8X 2E5, Canada"
backmandy-collectibles-charlottetown,Backmandy Collectibles,Charlottetown,PE,4.8 (14),"152 Belvedere Ave, Charlottetown, PE C1A 2Z1, Canada"
em-cards-and-collectibles-charlottetown,EM Cards and Collectibles,Charlottetown,PE,4.9 (90),"95 Capital Dr Unit 116b, Charlottetown, PE C1E 1R4, Canada"
exor-games-charlottetown,Exor Games,Charlottetown,PE,4.6 (200),"51 Allen St, Charlottetown, PE C1A 2V6, Canada"
gifted-rookies-charlottetown,Gifted Rookies,Charlottetown,PE,4.5 (25),"Royalty Crossing Mall - Back Entrance, 670 University Ave, Charlottetown, PE C1E 1H6, Canada"
galerie-du-jouet-alma-alma,Galerie du Jouet Alma,Alma,QC,4.6 (187),"1435 Av. du Pont S, Alma, QC G8B 2V9, Canada"
la-zone-retro-amos,La Zone Rétro,Amos,QC,4.6 (18),"82 1re Avenue E, Amos, QC J9T 4B2, Canada"
cartes-champions-anjou-montreal,Cartes Champions,Anjou (Montréal),QC,4.5 (19),"7373 Rue Jarry E, Anjou, QC H1J 1G8, Canada"
dsm-sports-cards-collectors-le-roi-des-cartes-beloeil,DSM Sports Cards Collectors (Le roi des cartes),Beloeil,QC,4.8 (209),"347 Rue Duvernay, Beloeil, QC J3G 5S8, Canada"
univers-fantastique-beloeil,Univers Fantastique,Beloeil,QC,4.8 (133),"951 Rue Bernard-Pilon, Beloeil, QC J3G 1V7, Canada"
450-sports-blainville,450 Sports,Blainville,QC,3.5 (38),"1340 Bd Curé-Labelle local g, Blainville, QC J7C 4E4, Canada"
poke-jeux-boucherville,Poke Jeux,Boucherville,QC,4.9 (694),"513 Rue Samuel-de Champlain #100, Boucherville, QC J4B 6B6, Canada"
all-in-hobby-sports-brossard,All-In Hobby Sports,Brossard,QC,4.8 (102),"7405 Grande Allée Ste 40, Brossard, QC J4Z 0M8, Canada"
cartes-de-sport-check-swing-brossard,Cartes de Sport Check-Swing,Brossard,QC,4.4 (173),"7250 Taschereau Blvd #56, Brossard, QC J4W 1N1, Canada"
collect-edition-candiac,Collect-Édition,Candiac,QC,4.6 (256),"17 Bd Montcalm N, Candiac, QC J5R 3L4, Canada"
spoutnik-gaspesie-chandler,Spoutnik Gaspésie,Chandler,QC,4.7 (130),"45 Bd Pabos #1B, Pabos, QC G0C 2H0, Canada"
village-des-heros-chateauguay,Village des Héros,Châteauguay,QC,4.8 (149),"131 Bd Saint-Joseph, Châteauguay, QC J6K 3J9, Canada"
galerie-du-jouet-chicoutimi-chicoutimi-saguenay,Galerie du Jouet Chicoutimi,Chicoutimi (Saguenay),QC,4.4 (226),"1898 Bd Talbot, Chicoutimi, QC G7H 7Y2, Canada"
hobby-o-max-chicoutimi-chicoutimi-saguenay,Hobby O Max Chicoutimi,Chicoutimi (Saguenay),QC,4.4 (14),"405 Rue Racine E, Chicoutimi, QC G7H 4S5, Canada"
kingdom-of-titans-chicoutimi-saguenay,Kingdom of Titans,Chicoutimi (Saguenay),QC,4.7 (93),"1445-A Rue Des Champs-Élysées, Chicoutimi, QC G7H 6J2, Canada"
gamers-zone-des-jogers-cowansville,Gamers Zone des Jogers,Cowansville,QC,4.4 (169),"401 Rue du Sud, Cowansville, QC J2K 2X6, Canada"
collecto-sports-drummondville,Collecto-Sports,Drummondville,QC,4.3 (35),"750 Bd René-Lévesque, Drummondville, QC J2C 0R6, Canada"
la-magie-des-cartes-drummondville,La magie des cartes,Drummondville,QC,4.1 (11),"260 Rue Brock, Drummondville, QC J2C 1M4, Canada"
librairie-alpha-gaspe,Librairie Alpha,Gaspé,QC,4.7 (82),"168 Rue de la Reine, Gaspé, QC G4X 1T4, Canada"
le-centre-du-comic-carte-sportive-gatineau,Le Centre du Comic Carte Sportive,Gatineau,QC,5 (11),"471 Boulevard Maloney E, Gatineau, QC J8P 6Z8, Canada"
le-coin-de-la-carte-sportive-gatineau,Le Coin de la Carte Sportive,Gatineau,QC,4.7 (119),"715 Bd Saint-Joseph, Gatineau, QC J8Y 4B6, Canada"
ppag-hockey-cards-granby,PPAG Hockey Cards,Granby,QC,4.7 (31),"1152 Rue de Roberval S Porte-2, Granby, QC J2J 0N3, Canada"
les-mordus-de-la-carte-topdeck-hero-joliette-joliette,Les Mordus De La Carte (TopDeck Hero Joliette),Joliette,QC,4.6 (150),"60 Pl. Bourget S #2, Joliette, QC J6E 5E8, Canada"
cartomanie-jonquiere-saguenay,Cartomanie,Jonquière (Saguenay),QC,4.6 (88),"2408 Rue Saint-Dominique, Jonquière, QC G7X 6K6, Canada"
tw-chicoutimi-jonquiere-saguenay,TW Chicoutimi,Jonquière (Saguenay),QC,4.5 (22),"363 Rue Racine E, Chicoutimi, QC G7H 1S8, Canada"
bog-collectibles-kahnawake,BOG Collectibles,Kahnawake,QC,4.9 (46),"22 Rte 138, Kahnawake, QC J0L 1B0, Canada"
cartes-sur-table-l-assomption,Cartes sur table,L'Assomption,QC,3.8 (19),"862 Bd de l'Ange Gardien N, L'Assomption, QC J5W 1P1, Canada"
hobby-sport-iles-de-la-madeleine-l-etang-du-nord,Hobby Sport Îles-de-la-Madeleine,L'Étang-du-Nord,QC,5 (4),"1011 Chem. de la Vernière, L'Étang-du-Nord, QC G4T 3C8, Canada"
bocado-la-sarre,Bocado,La Sarre,QC,5 (6),"255 Rue Gabriel-Aubé, La Sarre, QC J9Z 3N7, Canada"
the-cards-vault-lachine-montreal,The Cards Vault,Lachine (Montréal),QC,4.9 (222),"1260 Rue Notre Dame, Lachine, QC H8S 2C6, Canada"
cartes-leo-lachute,Cartes Léo,Lachute,QC,4.7 (41),"256 Av. Béthany, Lachute, QC J8H 2M8, Canada"
bd-cosmos-laval,BD Cosmos,Laval,QC,4.5 (445),"1884 Blvd. Saint-Martin O, Laval, QC H7S 1M9, Canada"
cardchasers-les-collectionneurs-cardchasers-laval,CardChasers (Les Collectionneurs CardChasers),Laval,QC,4.8 (146),"1712 Boulevard des Laurentides, Vimont, QC H7M 2P4, Canada"
cartes-sportives-jumbo-bear-laval,Cartes sportives Jumbo Bear,Laval,QC,3.5 (24),"1004B Rue de Callières, Laval, QC H7E 3N2, Canada"
l-imaginaire-laval-laval,L'Imaginaire Laval,Laval,QC,4.6 (1126),"3003 Boul. le Carrefour, Laval, QC H7T 1C7, Canada"
la-boite-a-bd-de-laval-laval,La Boîte à BD de Laval,Laval,QC,4.8 (214),"5555 Boulevard des Laurentides, Laval, QC H7K 2K4, Canada"
topdeck-hero-laval-laval,TopDeck Hero Laval,Laval,QC,4.4 (467),"29 Bd Curé-Labelle, Sainte-Rose, QC H7L 2Y8, Canada"
ultime-sports-collection-laval,Ultime Sports Collection,Laval,QC,4.7 (215),"1785 Bd Curé-Labelle, Laval, QC H7T 1L1, Canada"
l-imaginaire-levis-levis,L'Imaginaire Lévis,Lévis,QC,4.5 (410),"Galeries Chagnon, 1200 Bd Alphonse-Desjardins, Lévis, QC G6V 0M6, Canada"
l-armoire-a-jeux-magog,L'Armoire à Jeux,Magog,QC,4.7 (82),"436 Rue Principale O, Magog, QC J1X 2A9, Canada"
la-taverne-du-gamer-magog,La Taverne du Gamer,Magog,QC,4.9 (28),"1700 Rue Sherbrooke #109, Magog, QC J1X 4V9, Canada"
le-foyer-du-video-maniwaki,Le Foyer du Vidéo,Maniwaki,QC,4.5 (131),"184 Rue Commerciale, Maniwaki, QC J9E 1P2, Canada"
cartes-sportives-rive-sud-mcmasterville-mcmasterville,Cartes Sportives Rive-Sud (McMasterville),McMasterville,QC,5 (73),"761 Blvd. Sir-Wilfrid-Laurier Local 102, McMasterville, QC J3G 6Z3, Canada"
collectionick-mirabel,Collectionick,Mirabel,QC,4.8 (27),"13941 Rue Saint-Simon, Mirabel, QC J7N 1P4, Canada"
le-coin-du-jouet-mont-tremblant,Le Coin du Jouet,Mont-Tremblant,QC,4.8 (18),"976 Rue de St Jovite, Mont-Tremblant, QC J8E 2Z7, Canada"
1000000-comix-montreal,1000000 Comix,Montréal,QC,4.8 (353),"3868 Rue Jean-Talon E, Montréal, QC H2A 1Y7, Canada"
capitaine-quebec-montreal,Capitaine Québec,Montréal,QC,4.5 (481),"1837 Rue Sainte-Catherine Ouest, Montréal, QC H3H 1M2, Canada"
chez-geeks-montreal,Chez Geeks,Montréal,QC,4.5 (306),"1460 Rue Jean-Talon E A, Montréal, QC H2E 1S7, Canada"
collector-s-avenue-montreal-montreal,Collector's Avenue Montréal,Montréal,QC,4.2 (168),"5155 Bd Décarie, Montréal, QC H3W 3C2, Canada"
geek-factory-mtl-montreal,Geek Factory MTL,Montréal,QC,4.4 (38),"2622 Rue Jean-Talon E, Montréal, QC H2A 1V3, Canada"
librairie-crossover-comics-montreal,Librairie Crossover Comics,Montréal,QC,4.9 (432),"3560 R. Notre Dame O, Montréal, QC H4C 1P4, Canada"
miraj-trading-montreal,Miraj Trading,Montréal,QC,4.9 (1036),"310 Bd Crémazie O Unit B, Montreal, QC H2P 1C6, Canada"
ontario-bric-a-brac-montreal,Ontario Bric à Brac,Montréal,QC,4.6 (363),"3521 Rue Ontario E, Montréal, QC H1W 1R6, Canada"
the-card-palace-montreal,The Card Palace,Montréal,QC,4.1 (136),"932 Av. Sainte-Croix, Saint-Laurent, QC H4L 3Y6, Canada"
tw-sportcards-montreal,TW Sportcards,Montréal,QC,5 (9),"5264 Rue Bélanger, Montréal, QC H1T 1E2, Canada"
savage-cards-piedmont-saint-sauveur,Savage Cards,Piedmont / Saint-Sauveur,QC,4.8 (200),"695 Chem. Avila E, Piedmont, QC J0R 1R3, Canada"
ksks-sports-collectibles-inc-pointe-claire,KSKS Sports Collectibles Inc.,Pointe-Claire,QC,4.5 (26),"2 Av. de Lourdes, Pointe-Claire, QC H9S 4R2, Canada"
free-game-quebec,Free Game,Québec,QC,4.2 (113),"3333 Rue du Carrefour, Québec, QC G1C 5R9, Canada"
l-arene-des-dieux-quebec,L'Arène des Dieux,Québec,QC,4.2 (257),"2300 Bd Père-Lelièvre, Québec, QC G1P 2X5, Canada"
stakk-quebec-quebec,Stakk (Québec),Québec,QC,4.7 (58),"2700 Rue Jean-Perrin Local 170, Québec, QC G2C 1S9, Canada"
418-sports-quebec-charlesbourg,418 Sports,Québec (Charlesbourg),QC,5 (1),"1750 Rue du Périgord, Québec, QC G1G 5X3, Canada"
achetons-vendons-riviere-du-loup,Achetons-Vendons,Rivière-du-Loup,QC,4.2 (58),"246 Rue Lafontaine, Rivière-du-Loup, QC G5R 3A8, Canada"
between-2-games-saint-amable,Between 2 Games,Saint-Amable,QC,4.9 (63),"404 Rue Alain Unit 7, Saint-Amable, QC J0L 1N0, Canada"
stakk-saint-eustache-hq-saint-eustache,Stakk (Saint-Eustache HQ),Saint-Eustache,QC,4.8 (119),"210 25e Av Ste 1250, Saint-Eustache, QC J7P 4Z8, Canada"
galerie-du-jouet-st-felicien-saint-felicien,Galerie du Jouet St-Félicien,Saint-Félicien,QC,4.8 (6),"1200 Boulevard St Félicien, Saint-Félicien, QC G8K 2N6, Canada"
remi-card-trader-saint-hubert-longueuil,Rémi Card Trader,Saint-Hubert (Longueuil),QC,4.7 (1006),"1400 Bd Édouard Ste 117, Saint-Hubert, QC J4T 3T2, Canada"
lobby-sport-saint-hyacinthe,Lobby Sport,Saint-Hyacinthe,QC,3.9 (13),"5700 Rue Martineau local 105, Saint-Hyacinthe, QC J2R 1T6, Canada"
taverne-du-collectionneur-saint-hyacinthe,Taverne du Collectionneur,Saint-Hyacinthe,QC,4.9 (49),"1060 Bd Laurier E, Saint-Hyacinthe, QC J2T 1K1, Canada"
zone-collection-rive-sud-saint-hyacinthe-saint-hyacinthe,Zone Collection Rive-Sud (Saint-Hyacinthe),Saint-Hyacinthe,QC,4.9 (89),"1260 Rue des Cascades, Saint-Hyacinthe, QC J2S 3H1, Canada"
collections-manlo-saint-jean-sur-richelieu,Collections Manlo,Saint-Jean-sur-Richelieu,QC,4.8 (11),"788 Rue Saint-Jacques, Saint-Jean-sur-Richelieu, QC J3B 2N1, Canada"
la-carte-cachee-saint-jean-sur-richelieu,La Carte Cachée,Saint-Jean-sur-Richelieu,QC,4.9 (74),"149 Rue Richelieu, Saint-Jean-sur-Richelieu, QC J3B 6X7, Canada"
librairie-moderne-saint-jean-sur-richelieu,Librairie Moderne,Saint-Jean-sur-Richelieu,QC,4.7 (1465),"1001 Bd du Séminaire N, Saint-Jean-sur-Richelieu, QC J3A 1K1, Canada"
zone-collection-st-jean-saint-jean-sur-richelieu,Zone Collection St-Jean,Saint-Jean-sur-Richelieu,QC,4.7 (123),"276 Bd Saint-Luc local 1, Saint-Jean-sur-Richelieu, QC J2W 1C3, Canada"
cosmix-saint-laurent-montreal,Cosmix,Saint-Laurent (Montréal),QC,4.8 (245),"931 Bd Décarie, Saint-Laurent, QC H4L 3M3, Canada"
cartes-sportives-rive-sud-sainte-catherine,Cartes Sportives Rive-Sud,Sainte-Catherine,QC,4.8 (184),"6252 QC-132, Sainte-Catherine, QC J5A 1V2, Canada"
sport-collect-2010-salaberry-de-valleyfield,Sport Collect 2010,Salaberry-de-Valleyfield,QC,4.8 (72),"405 Bd du Havre, Salaberry-de-Valleyfield, QC J6S 1T1, Canada"
le-bla-bla-de-la-carte-sportive-sherbrooke,Le Bla-Bla de la carte sportive,Sherbrooke,QC,4.1 (9),"27 a Rue Cate, Sherbrooke, QC J1J 2N9, Canada"
mb-cartes-sherbrooke,MB Cartes,Sherbrooke,QC,4.6 (37),"2227 Rue King Ouest Local 107, Sherbrooke, QC J1J 2G2, Canada"
carto-puces-terrebonne,Carto-Puces,Terrebonne,QC,4.3 (16),"581 Bd des Seigneurs, Terrebonne, QC J6W 1T5, Canada"
la-place-du-hobby-terrebonne,La Place du Hobby,Terrebonne,QC,4.5 (236),"1188 Bd des Seigneurs, Terrebonne, QC J6W 3W4, Canada"
sports-collection-99-terrebonne,Sports Collection 99,Terrebonne,QC,4.8 (74),"258 Côte Terrebonne, Terrebonne, QC J6Y 1P1, Canada"
centre-du-hobby-trois-rivieres,Centre du Hobby,Trois-Rivières,QC,4.6 (653),"3760 Bd des Forges, Trois-Rivières, QC G8Y 4R2, Canada"
gamer-s-spot-trois-rivieres,Gamer's Spot,Trois-Rivières,QC,4.8 (149),"840 Bd des Récollets, Trois-Rivières, QC G8Z 3W2, Canada"
hobby-nation-3r-trois-rivieres,Hobby Nation 3R,Trois-Rivières,QC,4.7 (26),"4270 Bd des Forges, Trois-Rivières, QC G8Y 2T7, Canada"
hobby-o-max-trois-rivieres,Hobby O Max,Trois-Rivières,QC,5 (4),"77 Rue Fusey, Trois-Rivières, QC G8T 7P1, Canada"
la-zone-retro-val-d-or,La Zone Rétro,Val-d'Or,QC,4.3 (117),"864 3e Avenue, Val-d'Or, QC J9P 1T1, Canada"
sports-la-tornade-vaudreuil-dorion,Sports La Tornade,Vaudreuil-Dorion,QC,4.8 (104),"1 Av. de la Fabrique, Vaudreuil-Dorion, QC J7V 0X1, Canada"
universe-collectibles-vaudreuil-dorion,Universe Collectibles,Vaudreuil-Dorion,QC,4.7 (133),"555a Av. Saint-Charles, Vaudreuil-Dorion, QC J7V 8H9, Canada"
game-keeper-verdun-verdun-montreal,Game Keeper Verdun,Verdun (Montréal),QC,3.8 (591),"4430 Rue Wellington, Verdun, QC H4G 1W5, Canada"
boutique-sportive-alexcardz-victoriaville,Boutique Sportive Alexcardz,Victoriaville,QC,4.7 (35),"259 Notre-Dame St E Ste 101, Victoriaville, QC G6P 4A2, Canada"
ultimate-fan-zone-moose-jaw,Ultimate Fan Zone,Moose Jaw,SK,4.7 (29),"41 Main St N, Moose Jaw, SK S6H 0A9, Canada"
flawless-victory-prince-albert,Flawless Victory,Prince Albert,SK,4.7 (107),"2805 6 Ave E, Prince Albert, SK S6V 7A3, Canada"
the-nut-man-cards-collectables-regina,The Nut Man (Cards & Collectables),Regina,SK,4.5 (122),"1408 Lorne St, Regina, SK S4R 2K4, Canada"
collector-s-lane-saskatoon,Collector's Lane,Saskatoon,SK,4 (96),"2325 Preston Ave S, Saskatoon, SK S7J 2G2, Canada"
mana-vault-saskatoon,Mana Vault,Saskatoon,SK,4.6 (80),"3521 8 St E Unit B7, Saskatoon, SK S7H 0W5, Canada"
prairie-canucks-cards-collectibles-weyburn,Prairie Canucks Cards & Collectibles,Weyburn,SK,5 (7),"160 3rd St NE, Weyburn, SK S4H 0W2, Canada"
