slug,name,city,province,Services,Sports/TCG,evidence,site
morrison-trading-post-airdrie,Morrison Trading Post,Airdrie,AB,Sells;Buys;Grading Services;Sells Wax;Breaks;Trade Nights,Baseball;Basketball;Football;Hockey;Pokemon,"Buys: ""sell your"" @ / | Sells Wax: ""hobby box"" @ / | Breaks: ""group break"" @ / | Trade Nights: ""trade night"" @ / | Grading Services: ""grading submission"" @ /pages/grading-group-sub-terms-conditions?pb=0",https://morrisontradingpost.com
snap-collectables-airdrie,Snap! Collectables,Airdrie,AB,Sells,,,http://www.snapcollectables.com
treasure-cove-comics-collectables-airdrie,Treasure Cove Comics & Collectables,Airdrie,AB,Sells;Trade Nights,Magic;Pokemon,"Trade Nights: ""tournament"" @ /",http://www.treasurecoveltd.ca
overtime-sports-cards-grading-balzac,Overtime Sports Cards & Grading,Balzac,AB,Sells;Grading Services;Sells Wax,Baseball;Basketball;Football;Hockey;Magic;Pokemon,"Sells Wax: ""sealed product"" @ / | Grading Services: ""grading submission"" @ /collections/graded-supplies",https://www.overtimesportscards.ca
celly-sports-games-calgary,Celly Sports & Games,Calgary,AB,Sells;Grading Services;Sells Wax;Breaks,Baseball;Basketball;Football;Hockey;Magic;Pokemon,"Sells Wax: ""hobby box"" @ / | Breaks: ""box break"" @ / | Grading Services: ""grading submission"" @ https://www.cellysports.com/collections/card-accessories?sort_by=best-selling&filter.v.price.gte=&filter.v.price.lte=&filter.p.product_type=TOPLOADER",http://www.cellysports.com
collectors-books-cards-calgary,Collectors Books & Cards,Calgary,AB,Sells,Baseball;Hockey,,http://collectorsbooksandcards.ca
eastridge-sports-cards-games-calgary,Eastridge Sports Cards & Games,Calgary,AB,Sells;Grading Services;Sells Wax,Baseball;Basketball;Football;Hockey;Magic;Pokemon,"Grading Services: ""grading submission"" @ / | Sells Wax: ""hobby box"" @ /",http://www.ersportscards.ca
maple-leaf-sports-calgary,Maple Leaf Sports,Calgary,AB,Sells;Sells Wax;Breaks,Baseball;Basketball;Football;Hockey;Magic;Pokemon,"Sells Wax: ""hobby box"" @ / | Breaks: ""box break"" @ /",http://www.mapleleafsports.ca
olympic-sports-cards-and-games-calgary,Olympic Sports Cards and Games,Calgary,AB,Sells,,,http://www.olympicsportscardsandgames.com
sentry-box-cards-calgary,Sentry Box Cards,Calgary,AB,Sells;Buys,Magic;Pokemon,"Buys: ""buylist"" @ /",http://sentryboxcards.com
battle-river-sports-excellence-camrose,Battle River Sports Excellence,Camrose,AB,Sells,Baseball;Hockey,,http://www.battleriversports.com
camrosenextgen-gaming-camrose,CamroseNextGen Gaming,Camrose,AB,Sells,,,https://sites.google.com/view/camrosenextgengaming/home
holler-collectibles-camrose,Holler Collectibles,Camrose,AB,Sells,,,https://holler-computer-services-and-collectibles.square.site/s/shop
quantum-comics-collectibles-camrose,Quantum Comics & Collectibles,Camrose,AB,Sells;Trade Nights,Pokemon,"Trade Nights: ""tournament"" @ /about-us.html",http://www.quantumcomics.ca
retro-camrose,Retro,Camrose,AB,Sells;Trade Nights,,"Trade Nights: ""tournament"" @ /book.html#experiences",https://play-here.ca
the-data-base-camrose-camrose,The Data Base Camrose,Camrose,AB,Sells,,,http://www.thedatabasecamrose.ca
arkane-angel-cold-lake,Arkane Angel,Cold Lake,AB,Sells,,,https://www.arkane-angel.ca/?utm_source=google&utm_medium=wix_google_business_profile&utm_campaign=3851568251012994274
203-collectibles-ltd-edmonton,203 Collectibles LTD.,Edmonton,AB,Sells;Buys;Trades Singles;Grading Services;Trade Nights,Pokemon,"Buys: ""buylist"" @ / | Trades Singles: ""trade in your"" @ / | Trade Nights: ""tournament"" @ / | Grading Services: ""grading submission"" @ /pages/card-grading-submissions",https://www.203collectibles.com
capital-city-cards-collectibles-edmonton,Capital City Cards & Collectibles,Edmonton,AB,Sells,,,https://www.instagram.com/capitalcitycardsyeg/?hl=en
common-box-games-edmonton,Common Box Games,Edmonton,AB,Sells;Sells Wax,Pokemon,"Sells Wax: ""sealed product"" @ /",https://commonboxgames.com
eclipse-games-edmonton,Eclipse Games,Edmonton,AB,Sells;Sells Wax,Magic;Pokemon,"Sells Wax: ""booster box"" @ /",https://eclipsegames.ca
froggers-house-of-cards-and-autograph-gallery-edmonton,Froggers House of Cards and Autograph Gallery,Edmonton,AB,Sells;Buys;Trade Nights,Baseball;Basketball;Football;Hockey;Magic;Pokemon,"Buys: ""sell your"" @ / | Trade Nights: ""tournament"" @ /",https://froggerscards.com
icons-and-heroes-edmonton,Icons and Heroes,Edmonton,AB,Sells,Baseball;Basketball;Football;Hockey;Magic;Pokemon,,https://iconsandheroes.ca
prisma-games-edmonton,Prisma Games,Edmonton,AB,Sells;Buys,,"Buys: ""sell your"" @ /",http://www.prismatcg.com
taps-games-edmonton,Taps Games,Edmonton,AB,Sells;Buys,Magic;Pokemon,"Buys: ""buy list"" @ /pages/buy-list",http://www.tapsgames.com
the-card-goat-edmonton,The Card Goat,Edmonton,AB,Sells;Sells Wax,Hockey;Magic;Pokemon,"Sells Wax: ""sealed product"" @ /",http://thecardgoat.ca
wayne-s-sports-cards-collectibles-edmonton,Wayne's Sports Cards & Collectibles,Edmonton,AB,Sells;Sells Wax,Baseball;Basketball;Football;Hockey;Pokemon,"Sells Wax: ""booster box"" @ /",http://www.waynessportscards.com
west-s-sports-cards-edmonton,West's Sports Cards,Edmonton,AB,Sells;Sells Wax;Breaks,Baseball;Basketball;Football;Hockey;Pokemon,"Sells Wax: ""hobby box"" @ / | Breaks: ""group break"" @ /",https://www.westssportscards.com
yeg-nhlhockeystickers-com-edmonton,YEG NHLHockeyStickers.Com,Edmonton,AB,Sells,Hockey,,http://www.nhlhockeystickers.com
galactic-trading-post-fort-mcmurray,Galactic Trading Post,Fort McMurray,AB,Sells;Trade Nights,Hockey;Magic;Pokemon,"Trade Nights: ""tournament"" @ /",https://galactictp.com
strange-ideas-comics-and-collectibles-grande-prairie,Strange Ideas Comics and Collectibles,Grande Prairie,AB,Sells,,,https://www.strangeideascomics.ca
evolution-sports-excellence-leduc,Evolution Sports Excellence,Leduc,AB,Sells,Baseball;Hockey,,https://evolutionsportsexcellence.com
the-hobby-spot-leduc-quarantined-case-breaks-leduc,The Hobby Spot Leduc & Quarantined Case Breaks,Leduc,AB,Sells;Buys;Sells Wax;Breaks;Trade Nights,Baseball;Hockey;Magic;Pokemon,"Buys: ""buy list"" @ / | Sells Wax: ""hobby box"" @ / | Breaks: ""box break"" @ / | Trade Nights: ""tournament"" @ /",http://www.thehobbyspot.ca
king-arthur-s-collectibles-lethbridge,King Arthur's Collectibles,Lethbridge,AB,Sells,,,https://www.ebay.ca/str/kingarthurscollectiblescanada?mkcid=16&mkevt=1&mkrid=711-127632-2357-0&ssspo=aZbMmwG3Tr6&sssrc=3418065&ssuid=aZbMmwG3Tr6&widget_ver=artemis&media=COPY
showcase-comics-hobbies-ltd-comics-collectibles-rc-boardgames-lethbridge,"Showcase Comics & Hobbies Ltd., Comics, Collectibles, RC, Boardgames",Lethbridge,AB,Sells;Breaks,Baseball;Basketball;Football;Hockey;Magic;Pokemon,"Breaks: ""group break"" @ /",https://showcasecomics.ca
border-city-games-lloydminster,Border City Games,Lloydminster,AB,Sells;Buys;Sells Wax;Trade Nights,Football;Magic;Pokemon,"Buys: ""buylist"" @ / | Sells Wax: ""sealed product"" @ / | Trade Nights: ""tournament"" @ /",http://www.bordercitygames.ca
avalon-hobbies-medicine-hat,Avalon Hobbies,Medicine Hat,AB,Sells,Basketball;Football,,http://www.avalonhobbies.com
comic-readers-medicine-hat,Comic Readers,Medicine Hat,AB,Sells,,,https://comicreadersregina.wordpress.com
games-galore-the-billiard-store-medicine-hat,Games Galore & The Billiard Store,Medicine Hat,AB,Sells,Hockey,,http://www.gamesgalore.ca
d-j-s-sports-cards-comics-red-deer,D J's Sports Cards Comics,Red Deer,AB,Sells;Buys;Sells Wax;Trade Nights,Football;Hockey;Magic;Pokemon,"Buys: ""sell to us"" @ / | Sells Wax: ""sealed product"" @ / | Trade Nights: ""game night"" @ /",https://www.djsgaming.ca
env-collectible-sherwood-park,ENV Collectible,Sherwood Park,AB,Sells;Buys,Basketball;Magic;Pokemon,"Buys: ""buylist"" @ /",http://www.envcollectible.com
sports-closet-sherwood-park,Sports Closet,Sherwood Park,AB,Sells,Baseball;Basketball;Football;Hockey,,https://sportscloset.ca
hyperspace-comics-games-spruce-grove,Hyperspace Comics & Games,Spruce Grove,AB,Sells,Magic;Pokemon,,https://hyperspacecomics.com
paradise-games-and-customs-spruce-grove,Paradise Games and Customs,Spruce Grove,AB,Sells,,,http://paradisegames.ca
mission-fun-games-st-albert,Mission: Fun & Games,St. Albert,AB,Sells;Sells Wax;Trade Nights,Basketball;Football;Magic;Pokemon,"Sells Wax: ""booster box"" @ / | Trade Nights: ""game night"" @ /",http://www.boardgames.ca
sports-closet-st-albert,Sports Closet,St. Albert,AB,Sells,Baseball;Basketball;Football;Hockey,,https://sportscloset.ca
thunderground-comics-and-collectibles-st-albert,ThunderGround Comics And Collectibles,St. Albert,AB,Sells;Buys;Sells Wax;Trade Nights,Magic,"Sells Wax: ""booster box"" @ / | Trade Nights: ""tournament"" @ / | Buys: ""sell your"" @ /new-comics-cards-games/",http://www.thundergroundcomics.com
box-of-cards-sports-cards-aurora,Box Of Cards (Sports Cards),Aurora,ON,Sells;Sells Wax,Baseball;Football;Hockey;Pokemon,"Sells Wax: ""hobby box"" @ /",http://www.boxofcards.ca
big-b-comics-barrie,Big B Comics,Barrie,ON,Sells,,,http://www.bigbbarrie.com
box-of-cards-sports-cards-barrie,Box Of Cards (Sports Cards),Barrie,ON,Sells;Sells Wax,Baseball;Football;Hockey;Pokemon,"Sells Wax: ""hobby box"" @ /",https://boxofcards.ca
doug-laurie-sports-barrie,Doug Laurie Sports,Barrie,ON,Sells,,,http://www.douglauriesports.com
gamer-s-lair-ltd-barrie,Gamer's Lair Ltd.,Barrie,ON,Sells;Buys;Sells Wax,Magic;Pokemon,"Buys: ""buylist"" @ / | Sells Wax: ""sealed product"" @ /",http://www.gamerslair.ca
ideal-hobbies-barrie,Ideal Hobbies,Barrie,ON,Sells,,,http://www.idealhobbies.com
loot-kingdom-barrie,Loot Kingdom,Barrie,ON,Sells;Grading Services;Sells Wax;Trade Nights,Baseball;Basketball;Football;Hockey;Pokemon,"Grading Services: ""grading service"" @ / | Sells Wax: ""booster box"" @ / | Trade Nights: ""tournament"" @ /collections/mnt-grading",http://www.lootkingdom.com
omg-games-barrie,OMG Games,Barrie,ON,Sells;Buys;Grading Services;Sells Wax;Trade Nights,Football;Magic;Pokemon,"Buys: ""we buy"" @ / | Grading Services: ""we grade"" @ / | Sells Wax: ""sealed product"" @ / | Trade Nights: ""tournament"" @ /",http://www.omggames.ca
power-up-gaming-barrie,Power Up Gaming,Barrie,ON,Sells;Buys;Trades Singles,Football;Hockey;Magic;Pokemon,"Buys: ""sell your"" @ / | Trades Singles: ""trade-in"" @ /",http://www.powerupgaming.ca
sell-your-pokemon-cards-barrie,Sell Your Pokemon Cards,Barrie,ON,Sells;Buys;Sells Wax,Pokemon,"Buys: ""we buy"" @ / | Sells Wax: ""sealed product"" @ /",https://ca.sellccg.com/location
video-time-barrie,Video Time,Barrie,ON,Sells;Buys,,"Buys: ""we buy"" @ /",http://www.videotime.ca
stephen-licence-bicycles-hobbies-belleville,Stephen Licence Bicycles & Hobbies,Belleville,ON,Sells,,,https://stephenlicence.my.canva.site/stephenlicence
mint-sports-cards-collectibles-bolton,Mint Sports Cards & Collectibles,Bolton,ON,Sells;Sells Wax,Baseball;Basketball;Football;Hockey;Pokemon,"Sells Wax: ""hobby box"" @ /",http://www.mintsportscardsandcollectibles.com
fearocards-brampton,FeARoCards,Brampton,ON,Sells;Sells Wax,Pokemon,"Sells Wax: ""sealed product"" @ /",https://fearocards.ca
rolls-and-realms-inc-brantford,Rolls and Realms Inc.,Brantford,ON,Sells,,,https://www.rollsandrealms.ca
hall-of-fame-collection-burlington,Hall Of Fame Collection,Burlington,ON,Sells;Buys,,"Buys: ""sell to us"" @ /",http://racinghalloffamecollection.com
diadem-cards-hobbies-greater-sudbury,Diadem Cards & Hobbies,Greater Sudbury,ON,Sells;Buys,Magic;Pokemon,"Buys: ""we buy"" @ /",https://231405-3.myshopify.com
docs-hobby-shop-greater-sudbury,Docs hobby shop,Greater Sudbury,ON,Sells,,,https://docs-hobby-shop.myshopify.com
great-white-north-pottery-supplies-greater-sudbury,Great White North Pottery Supplies,Greater Sudbury,ON,Sells,Basketball,,http://www.gwnpottery.ca
nepal-handicrafts-greater-sudbury,Nepal Handicrafts,Greater Sudbury,ON,Sells,,,http://www.nepalhandicraftsontario.com
valixya-greater-sudbury,Valixya,Greater Sudbury,ON,Sells,,,https://valixya.ca
microplay-video-games-collectibles-guelph,Microplay Video Games & Collectibles,Guelph,ON,Sells;Buys;Trades Singles,Basketball;Football;Magic;Pokemon,"Buys: ""bring in your"" @ / | Trades Singles: ""trade-in"" @ /pages/faqs",https://microplayvideogames.ca
royal-cat-records-guelph,Royal Cat Records,Guelph,ON,Sells;Buys,,"Buys: ""we buy"" @ /",http://royalcatrecords.blogspot.ca
simply-wonderful-toys-gizmos-inc-guelph,Simply Wonderful Toys & Gizmos Inc,Guelph,ON,Sells,Pokemon,,http://www.simplywonderfultoys.ca
the-beat-goes-on-guelph,The Beat Goes On,Guelph,ON,Sells;Buys,,"Buys: ""we buy"" @ /",http://www.beatgoeson.com
the-bookshelf-guelph,The Bookshelf,Guelph,ON,Sells,,,https://bookshelf.ca
the-dragon-guelph,The Dragon,Guelph,ON,Sells;Buys;Trade Nights,Magic;Pokemon,"Buys: ""bring in your"" @ /pages/about-us | Trade Nights: ""tournament"" @ /pages/about-us",http://www.dragonguelph.com
the-trading-post-guelph,The Trading Post,Guelph,ON,Sells;Buys;Sells Wax;Trade Nights,Football;Magic;Pokemon,"Buys: ""buylist"" @ / | Sells Wax: ""sealed product"" @ / | Trade Nights: ""game night"" @ /",https://roundtabletavern.crystalcommerce.com
wyndham-art-supplies-guelph,Wyndham Art Supplies,Guelph,ON,Sells,Basketball;Football,,https://www.wyndhamartsupplies.com
1up-games-hamilton,1UP Games,Hamilton,ON,Sells;Trades Singles;Trade Nights,Pokemon,"Trades Singles: ""trade-in"" @ / | Trade Nights: ""tournament"" @ /about-us/",https://www.1upgames.ca
big-b-comics-hamilton,Big B Comics,Hamilton,ON,Sells;Buys;Trades Singles,Magic;Pokemon,"Buys: ""we buy"" @ /pages/sell-to-big-b-comics | Trades Singles: ""trade-in"" @ /pages/sell-to-big-b-comics",http://www.bigbcomics.com
black-knight-games-hamilton,Black Knight Games,Hamilton,ON,Sells;Buys;Trades Singles;Sells Wax;Trade Nights,Football;Magic;Pokemon,"Sells Wax: ""booster box"" @ / | Buys: ""we buy"" @ /pages/sell-your-mtg | Trades Singles: ""trade-in"" @ /pages/sell-your-mtg | Trade Nights: ""tournament"" @ /pages/sell-your-mtg",https://blackknightgames.ca
breakaway-sports-cards-hamilton,Breakaway Sports Cards,Hamilton,ON,Sells;Sells Wax;Breaks;Trade Nights,Baseball;Basketball;Football;Hockey;Pokemon,"Sells Wax: ""hobby box"" @ / | Breaks: ""group break"" @ / | Trade Nights: ""tournament"" @ /",http://www.breakawaysc.com
burdin-s-comics-hamilton,Burdin's Comics,Hamilton,ON,Sells,,,http://www.burdinscomics.com
conspiracy-comics-games-anime-hamilton,Conspiracy Comics Games & Anime,Hamilton,ON,Sells,Magic;Pokemon,,https://conspiracycomics.com
dark-fox-tcg-hamilton,Dark Fox TCG,Hamilton,ON,Sells;Buys;Grading Services;Sells Wax;Trade Nights,Magic;Pokemon,"Buys: ""buylist"" @ / | Sells Wax: ""sealed product"" @ / | Grading Services: ""grading service"" @ /pages/faq | Trade Nights: ""tournament"" @ /pages/faq",http://darkfoxtcg.com
m4-sports-cards-and-collectibles-hamilton,M4 Sports Cards and Collectibles,Hamilton,ON,Sells,,,http://m4cardstore.ca
mancala-monk-board-game-cafe-hamilton-hamilton,Mancala Monk Board Game Cafe Hamilton,Hamilton,ON,Sells;Trade Nights,Magic,"Trade Nights: ""game night"" @ /boardgamecafehamilton.html",http://www.mancalamonk.com
mypops-ca-hamilton-toys-funko-tcg-hamilton,MyPops.ca Hamilton Toys & Funko & TCG,Hamilton,ON,Sells;Buys;Trades Singles;Sells Wax,Football;Magic;Pokemon,"Buys: ""sell your"" @ / | Trades Singles: ""trade-in"" @ / | Sells Wax: ""blaster"" @ /",https://www.mypops.ca
never-board-games-lounge-hamilton,Never Board Games Lounge,Hamilton,ON,Sells,,,https://neverboardgames.ca
paradoxtcg-hamilton,ParadoxTCG,Hamilton,ON,Sells,,,https://paradoxtcg.com
retrosaurus-hamilton,Retrosaurus,Hamilton,ON,Sells;Buys,Pokemon,"Buys: ""we buy"" @ /sell.html",http://retrosaurus.ca
the-bard-and-bear-games-cafe-hamilton-hamilton,The Bard and Bear Games Cafe Hamilton,Hamilton,ON,Sells;Trade Nights,Football;Magic,"Trade Nights: ""game night"" @ /",https://thebardandbear.ca
the-dragon-s-lair-unleashed-hamilton,The Dragon's Lair Unleashed,Hamilton,ON,Sells,,,http://www.dragonslairunleashed.com
tistaminis-hamilton,Tistaminis,Hamilton,ON,Sells,,,http://tistaminis.com
waypoint-games-hamilton,Waypoint Games,Hamilton,ON,Sells;Buys;Sells Wax;Trade Nights,Magic;Pokemon,"Buys: ""buylist"" @ / | Sells Wax: ""sealed product"" @ / | Trade Nights: ""tournament"" @ /policies/terms-of-service",http://www.waypointgames.ca
webber-s-balloons-cards-and-collectibles-hamilton,"Webber's Balloons, Cards and Collectibles",Hamilton,ON,Sells;Sells Wax,Baseball;Basketball;Football;Hockey;Magic;Pokemon,"Sells Wax: ""hobby box"" @ /",https://www.webberscards.ca
up-north-games-huntsville,Up North Games,Huntsville,ON,Sells;Trade Nights,Magic,"Trade Nights: ""game night"" @ /",http://www.upnorthgames.ca
action-packed-comics-games-kingston,Action Packed Comics & Games,Kingston,ON,Sells;Trade Nights,Baseball;Football;Hockey;Magic;Pokemon,"Trade Nights: ""game night"" @ /",http://actionpackedcomics.com
art-noise-kingston,Art Noise,Kingston,ON,Sells,,,http://shop.artnoise.ca
booster-house-kingston,Booster House,Kingston,ON,Sells,Magic;Pokemon,,http://www.boosterhouse.ca
chumleighs-kingston,Chumleighs,Kingston,ON,Sells;Buys,,"Buys: ""sell to us"" @ https://www.chumleighs.com/faq",http://www.chumleighs.com
improbable-escapes-board-game-lounge-kingston,Improbable Escapes: Board Game Lounge,Kingston,ON,Sells;Trade Nights,Magic;Pokemon,"Trade Nights: ""tournament"" @ /",http://shop.improbableescapes.com
kingston-card-den-kingston,Kingston Card Den,Kingston,ON,Sells;Buys,Hockey;Pokemon,"Buys: ""we buy"" @ /",https://kingstoncardden.ca
kingston-gaming-nexus-kingston,Kingston Gaming Nexus,Kingston,ON,Sells;Trade Nights,Magic;Pokemon,"Trade Nights: ""tournament"" @ /",http://kingstonnexus.ca
minotaur-games-and-gifts-kingston,Minotaur Games and Gifts,Kingston,ON,Sells;Trade Nights,,"Trade Nights: ""tournament"" @ /",http://www.minotaurgifts.com
mmlorcana-kingston,MMLorcana,Kingston,ON,Sells;Buys,,"Buys: ""sell your"" @ /",https://mmlorcana.ca
novel-idea-kingston,Novel Idea,Kingston,ON,Sells,,,http://novelideabooks.ca/wp
the-rocking-horse-toys-kingston,The Rocking Horse Toys,Kingston,ON,Sells,,,http://www.therockinghorse.ca
tom-tech-repairs-game-vault-kingston-kingston,Tom Tech Repairs & Game Vault Kingston,Kingston,ON,Sells,,,https://games.tomtechrepairs.ca
chimera-gaming-kitchener,Chimera Gaming,Kitchener,ON,Sells;Buys;Trades Singles;Grading Services;Sells Wax;Trade Nights,Basketball;Football;Magic;Pokemon,"Buys: ""sell your"" @ / | Grading Services: ""grading service"" @ / | Sells Wax: ""booster box"" @ / | Trade Nights: ""tournament"" @ / | Trades Singles: ""trade-in"" @ /pages/our-buylist-makes-trades-easy",http://www.chimeragamingonline.com
card-cycle-london,Card Cycle,London,ON,Sells;Trades Singles;Sells Wax;Trade Nights,Pokemon,"Trades Singles: ""trade-in"" @ / | Sells Wax: ""sealed product"" @ / | Trade Nights: ""tournament"" @ /",https://cardcycle.ca
cellular-magician-london,Cellular Magician,London,ON,Sells;Buys,,"Buys: ""sell your"" @ /",https://www.cellularmagician.ca
ea-collectibles-london,EA Collectibles,London,ON,Sells;Buys;Trades Singles;Sells Wax;Trade Nights,Football;Magic;Pokemon,"Buys: ""we buy"" @ / | Trades Singles: ""trade-in"" @ / | Sells Wax: ""sealed product"" @ / | Trade Nights: ""tournament"" @ /",https://www.eacollectibles.com
forest-city-coins-stamps-london,Forest City Coins & Stamps,London,ON,Sells;Buys;Sells Wax,Baseball;Hockey;Magic;Pokemon,"Sells Wax: ""booster box"" @ / | Buys: ""sell your"" @ /pages/other-card-grading",https://forestcitycollectibles.com
game-cycle-hamilton-road-london,Game Cycle Hamilton Road,London,ON,Sells,,,http://www.gamecycle.ca
game-cycle-london-wharncliffe-london,Game Cycle London Wharncliffe,London,ON,Sells,,,http://www.gclw.ca
game-knight-leagues-london,Game Knight Leagues,London,ON,Sells;Sells Wax,Football;Magic,"Sells Wax: ""sealed product"" @ /",http://www.gameknightleagues.com
gamers-emporium-london,Gamers Emporium,London,ON,Sells;Sells Wax,Football;Magic;Pokemon,"Sells Wax: ""booster box"" @ /",http://gamersemporium.ca
heaven-s-collectibles-tcg-london,Heaven's Collectibles & TCG,London,ON,Sells;Grading Services;Sells Wax,Pokemon,"Grading Services: ""grading service"" @ / | Sells Wax: ""sealed product"" @ /",https://heavenscollectibles.ca
heroes-comics-london,Heroes Comics,London,ON,Sells,Magic,,https://heroescomics.ca
hi-times-head-shop-indoor-growing-equipment-indoor-grow-shop-hydroponics-london,Hi-Times (Head Shop + Indoor Growing Equipment +Indoor Grow Shop Hydroponics,London,ON,Sells,,,http://hitimes.ca
l-a-mood-comics-games-london,L. A. Mood Comics & Games,London,ON,Sells;Buys,Hockey;Magic;Pokemon,"Buys: ""buylist"" @ /",https://lamoodcomics.ca
neo-tokyo-the-anime-store-london,Neo Tokyo The Anime Store,London,ON,Sells,Basketball;Pokemon,,http://www.neotokyo.ca
players-cards-and-collectibles-london,Players Cards and Collectibles,London,ON,Sells;Sells Wax;Trade Nights,Baseball;Basketball;Football;Hockey;Magic;Pokemon,"Sells Wax: ""sealed product"" @ / | Trade Nights: ""tournament"" @ /collections/graded-yugioh",http://playerscandc.com
pokanada-sealed-pokemon-section-inside-pharmacy-london,Pokanada (Sealed Pokemon section inside pharmacy),London,ON,Sells,,,http://www.pokanada.ca
premium-sports-cards-london,Premium Sports Cards,London,ON,Sells;Sells Wax,Baseball;Basketball;Football;Hockey;Pokemon,"Sells Wax: ""blaster"" @ /",http://premiumsportscards.ca
realm-hoppers-london,Realm Hoppers,London,ON,Sells;Buys;Trades Singles;Grading Services;Sells Wax;Trade Nights,Magic;Pokemon,"Buys: ""buylist"" @ / | Sells Wax: ""booster box"" @ / | Trade Nights: ""tournament"" @ / | Trades Singles: ""trade-in"" @ /pages/buylist-information | Grading Services: ""submit your cards"" @ /pages/buylist-information",https://realmhoppers.com
seven-sisters-ritual-apothecary-london,Seven Sisters Ritual Apothecary,London,ON,Sells,,,http://sevensisters.ca
the-game-chamber-london,The Game Chamber,London,ON,Sells;Sells Wax;Trade Nights,Magic;Pokemon,"Sells Wax: ""sealed product"" @ / | Trade Nights: ""tournament"" @ /collections/best-selling-boardgames",http://www.thegamechamber.com
the-mana-lounge-london,The Mana Lounge,London,ON,Sells;Sells Wax;Trade Nights,Basketball;Magic;Pokemon,"Sells Wax: ""booster box"" @ / | Trade Nights: ""tournament"" @ /",http://www.manalounge.ca
a-j-hobbies-markham,A&J Hobbies,Markham,ON,Sells,,,http://www.hobbyprosdepot.com
advance-rc-hobbies-markham,Advance RC & Hobbies,Markham,ON,Sells,,,https://advancerc.ca
card-board-gaming-appointment-only-markham,Card Board Gaming - Appointment Only,Markham,ON,Sells;Sells Wax,Pokemon,"Sells Wax: ""sealed product"" @ /",https://cardboardgaming.ca
chigun-hobbies-markham,Chigun Hobbies,Markham,ON,Sells,Pokemon,,https://www.chigunhobbies.com
comfy-hobbies-markham,Comfy Hobbies,Markham,ON,Sells;Sells Wax;Trade Nights,Magic;Pokemon,"Sells Wax: ""sealed product"" @ / | Trade Nights: ""tournament"" @ /",https://comfyhobbies.com
cool-dragon-hobby-markham,Cool Dragon Hobby,Markham,ON,Sells,Pokemon,,https://cooldragonhobby.ca
fine-toys-store-markham,Fine Toys Store,Markham,ON,Sells;Sells Wax,Baseball;Basketball;Football;Magic;Pokemon,"Sells Wax: ""booster box"" @ /",https://www.finetoys.ca
five-dragons-hobbies-markham,Five Dragons hobbies,Markham,ON,Sells,,,https://www.fivedragonshobby.ca
george-s-trains-markham,George's Trains,Markham,ON,Sells;Trades Singles,,"Trades Singles: ""trade-in"" @ /about-us",http://www.georgestrains.com
horizon-diecast-markham,Horizon Diecast,Markham,ON,Sells,,,https://horizondiecast.com
k-os-collectibles-inc-markham,K-OS Collectibles Inc,Markham,ON,Sells;Sells Wax,Pokemon,"Sells Wax: ""booster box"" @ /",https://koscollectibles.ca
kadoone-markham,KadOone,Markham,ON,Sells;Buys;Sells Wax,Magic;Pokemon,"Buys: ""buylist"" @ / | Sells Wax: ""booster box"" @ /",http://kadoone.ca
manta-trading-markham,Manta Trading,Markham,ON,Sells;Sells Wax,Pokemon,"Sells Wax: ""sealed product"" @ /",https://mantatrading.com
masterset-co-markham,MasterSet Co.,Markham,ON,Sells;Grading Services;Sells Wax;Trade Nights,Pokemon,"Grading Services: ""psa submission"" @ / | Sells Wax: ""booster box"" @ / | Trade Nights: ""tournament"" @ /",https://masterset.ca
much-hobby-online-shopping-markham,Much Hobby Online Shopping,Markham,ON,Sells;Sells Wax,,"Sells Wax: ""blaster"" @ /",https://www.muchhobbyonline.com/aboutus.asp
mypops-ca-markham-toys-funko-tcg-markham,MyPops.ca Markham Toys Funko TCG,Markham,ON,Sells;Buys;Trades Singles;Sells Wax,Football;Magic;Pokemon,"Buys: ""sell your"" @ / | Trades Singles: ""trade-in"" @ / | Sells Wax: ""blaster"" @ /",http://mypops.ca
nerdvana-cards-games-markham,Nerdvana Cards & Games,Markham,ON,Sells;Sells Wax,Magic;Pokemon,"Sells Wax: ""sealed product"" @ /",https://www.nerdvanacardsandgames.com
nexpack-collectibles-trading-card-shop-markham,NexPack Collectibles - Trading Card Shop,Markham,ON,Sells;Sells Wax;Trade Nights,Basketball;Football;Hockey;Magic;Pokemon,"Sells Wax: ""booster box"" @ / | Trade Nights: ""tournament"" @ /",https://www.npcollectibles.com
not-a-hobby-shop-goose-guzzu-mart-markham,Not A Hobby Shop & Goose Guzzu Mart,Markham,ON,Sells,,,https://www.notahobby.shop
panda-hobby-canada-s-largest-gundam-store-markham,Panda Hobby - Canada's Largest Gundam Store,Markham,ON,Sells;Trades Singles,Pokemon,"Trades Singles: ""trade-in"" @ /",http://www.pandahobby.ca
playdexk-markham,Playdexk,Markham,ON,Sells,,,https://playdexk.com
pvp-shoppe-markham,PvP Shoppe,Markham,ON,Sells;Grading Services;Sells Wax;Trade Nights,Magic;Pokemon,"Grading Services: ""grading service"" @ / | Sells Wax: ""sealed product"" @ / | Trade Nights: ""tournament"" @ /pages/card-condition-grading-guide",https://pvpshoppe.com
sino-hobby-markham-markham,Sino Hobby Markham,Markham,ON,Sells,,,http://sinohobby.ca
springer-hobbies-markham,Springer Hobbies,Markham,ON,Sells;Trade Nights,Magic;Pokemon,"Trade Nights: ""tournament"" @ /",https://springerhobbies.com
woodforsheep-hobbies-ltd-markham,WoodForSheep Hobbies Ltd.,Markham,ON,Sells,Magic,,https://www.woodforsheep.ca
cheesmo-s-cards-mobile-hobby-shop-mississauga,Cheesmo's Cards Mobile Hobby Shop,Mississauga,ON,Sells,,,https://cheesmoscards.ca
conspiracy-comics-games-anime-mississauga,Conspiracy Comics Games & Anime,Mississauga,ON,Sells,Magic;Pokemon,,https://conspiracycomics.com
duel-city-games-mississauga,Duel City Games,Mississauga,ON,Sells;Sells Wax,Magic;Pokemon,"Sells Wax: ""sealed product"" @ /",http://duelcitygames.com
game-time-collectibles-mississauga,Game Time Collectibles,Mississauga,ON,Sells;Buys,Magic;Pokemon,"Buys: ""buylist"" @ /",http://itsgametime.ca
gotham-central-comics-mississauga,Gotham Central Comics,Mississauga,ON,Sells,Magic;Pokemon,,http://www.gothamcentralcomics.com
image-collections-mississauga,Image Collections,Mississauga,ON,Sells,Basketball;Hockey;Magic;Pokemon,,http://www.imagecollections.ca
kanzen-games-sports-collectibles-mississauga,KanZen Games Sports & Collectibles,Mississauga,ON,Sells;Buys;Trades Singles;Sells Wax,Magic;Pokemon,"Buys: ""sell your"" @ / | Trades Singles: ""trade-in"" @ / | Sells Wax: ""sealed product"" @ /",http://kanzengames.com
legendary-collectables-mississauga,Legendary Collectables,Mississauga,ON,Sells;Grading Services;Sells Wax,Baseball;Basketball;Football;Hockey;Magic;Pokemon,"Grading Services: ""grading service"" @ / | Sells Wax: ""hobby box"" @ /",https://legendarycollectables.com
lvlup-games-mississauga,LVLUP GAMES,Mississauga,ON,Sells,Pokemon,,http://www.lvlupgames.ca
mypops-ca-erin-mills-town-centre-mississauga-toys-funko-tcg-mississauga,MyPops.ca Erin Mills Town Centre Mississauga Toys Funko TCG,Mississauga,ON,Sells;Buys;Trades Singles;Sells Wax,Football;Magic;Pokemon,"Buys: ""sell your"" @ / | Trades Singles: ""trade-in"" @ / | Sells Wax: ""blaster"" @ /",http://www.mypops.ca
nak-gaming-online-order-pickup-only-mississauga,Nak Gaming - Online Order Pickup Only,Mississauga,ON,Sells;Sells Wax,Football;Pokemon,"Sells Wax: ""sealed product"" @ /",https://www.nakgaming.com
professional-sports-authenticator-psa-canada-mississauga,Professional Sports Authenticator - PSA Canada,Mississauga,ON,Sells;Grading Services,Baseball;Basketball;Football,"Grading Services: ""grading service"" @ /",https://www.psacard.com
red-riot-games-mississauga,Red Riot Games,Mississauga,ON,Sells;Buys,Magic;Pokemon,"Buys: ""buylist"" @ /",http://redriotgames.ca
slab-sharks-sports-cards-collectibles-consignment-mississauga,Slab Sharks - Sports Cards & Collectibles Consignment,Mississauga,ON,Sells;Buys;Grading Services;Sells Wax,Baseball;Basketball;Football;Hockey;Pokemon,"Buys: ""sell your"" @ / | Grading Services: ""submit your cards"" @ / | Sells Wax: ""sealed product"" @ /sell-your-cards/",https://www.slabsharks.com
the-upper-hand-mississauga,The Upper Hand,Mississauga,ON,Sells,Magic;Pokemon,,https://www.theupperhand.ca
vtrgaming-mississauga,VTRGaming,Mississauga,ON,Sells;Trades Singles;Sells Wax,Basketball;Pokemon,"Sells Wax: ""booster box"" @ / | Trades Singles: ""trade-in"" @ /pages/trade-in-program-details",https://www.vtrgaming.ca
warp-zone-gaming-mississauga,Warp Zone Gaming,Mississauga,ON,Sells;Buys;Sells Wax,Pokemon,"Buys: ""sell to us"" @ / | Sells Wax: ""booster box"" @ https://www.warpzonegaming.ca/store/riftbound-new-release",https://warpzonegaming.ca
x-planet-games-mississauga,X Planet Games,Mississauga,ON,Sells;Trade Nights,Magic,"Trade Nights: ""tournament"" @ /",http://xplanetgames.com
centre-ice-collectibles-niagara-falls,Centre Ice Collectibles,Niagara Falls,ON,Sells;Buys,Hockey,"Buys: ""we buy"" @ /",http://centreicecollectibles.com
aces-cool-collectibles-north-bay,Aces Cool Collectibles,North Bay,ON,Sells;Buys,Baseball;Basketball;Football,"Buys: ""sell your"" @ https://www.ebay.ca/sl/sell",https://www.ebay.ca/str/acescoolcollectibles
top-shelf-co-oakville,Top Shelf Co.,Oakville,ON,Sells;Grading Services;Sells Wax,Magic;Pokemon,"Grading Services: ""grading submission"" @ /collections/ultra-pro-grading-slab-supplies | Sells Wax: ""sealed product"" @ /pages/faqs",https://topshelfco.ca
cards-and-coasters-orillia,Cards and Coasters,Orillia,ON,Sells;Buys;Sells Wax,Magic;Pokemon,"Buys: ""buylist"" @ / | Sells Wax: ""sealed product"" @ /",https://cardsandcoasters.com
addictive-hobbies-games-oshawa,Addictive Hobbies & Games,Oshawa,ON,Sells,,,https://addictivehobbies.wixsite.com/website
cardboard-hero-oshawa,Cardboard Hero,Oshawa,ON,Sells;Buys;Grading Services;Sells Wax,Baseball;Basketball;Football;Hockey;Magic;Pokemon,"Buys: ""buylist"" @ / | Grading Services: ""grading submission"" @ / | Sells Wax: ""booster box"" @ /",http://www.cardboardhero.com
comic-alley-toys-oshawa,Comic Alley Toys,Oshawa,ON,Sells;Buys,Football,"Buys: ""sell your"" @ /",https://linktr.ee/comicalleytoys?utm_source=linktree_profile_share&ltsid=f56cfd19-af61-4c35-9f99-4ebb1ad7093f
deck-out-gaming-oshawa,Deck Out Gaming,Oshawa,ON,Sells;Buys;Trades Singles;Grading Services;Sells Wax,Magic;Pokemon,"Buys: ""buylist"" @ / | Sells Wax: ""sealed product"" @ / | Trades Singles: ""trade-in"" @ /pages/buylist | Grading Services: ""submit your cards"" @ /pages/buylist",https://deckoutgaming.ca
f-g-bradley-s-oshawa,F.G.Bradley's,Oshawa,ON,Sells,Hockey,,https://www.fgbradleys.com
fly-by-nite-movies-games-and-toys-oshawa,"Fly By Nite Movies, Games, and Toys",Oshawa,ON,Sells,,,https://flybynitecollectibles.square.site
gnu-books-oshawa,GNU Books,Oshawa,ON,Sells,Basketball,,http://www.gnubooks.net
great-hobbies-oshawa,Great Hobbies,Oshawa,ON,Sells,,,http://www.greathobbies.com
hallmark-oshawa,Hallmark,Oshawa,ON,Sells,,,https://stores.hallmark.com/on/oshawa/hallmark-oshawa-on-031267.html
new-rave-tcg-hobbies-oshawa,New Rave TCG & Hobbies,Oshawa,ON,Sells,,,https://newrave.ca
over-the-top-gaming-oshawa,Over The Top Gaming,Oshawa,ON,Sells,Football,,https://overthetopgaming.ca
skyfox-games-oshawa,Skyfox Games,Oshawa,ON,Sells;Buys;Trades Singles;Grading Services;Sells Wax;Trade Nights,Football;Magic;Pokemon,"Buys: ""we buy"" @ / | Sells Wax: ""sealed product"" @ / | Trade Nights: ""tournament"" @ / | Trades Singles: ""trade-in"" @ /pages/how-to-use-buylist-storepass | Grading Services: ""submit your cards"" @ /pages/read-before-submission",http://www.skyfoxgames.com
the-3d-shoppe-oshawa,The 3D Shoppe,Oshawa,ON,Sells,,,http://the3dshoppe.ca
the-comic-doctor-inc-oshawa,The Comic Doctor Inc,Oshawa,ON,Sells;Grading Services,,"Grading Services: ""psa submission"" @ /",http://www.thecomicdoctor.com
worlds-collide-oshawa,Worlds Collide,Oshawa,ON,Sells,,,http://www.worldscollide.ca
xtreme-r-c-raceways-oshawa,Xtreme R/C & Raceways,Oshawa,ON,Sells,,,https://www.xtremerc.ca
buying-sports-cards-comics-ottawa,Buying Sports Cards & Comics,Ottawa,ON,Sells;Buys;Sells Wax,Baseball;Hockey,"Buys: ""looking to buy"" @ / | Sells Wax: ""sealed product"" @ https://www.cardandcomicbuyer.com/copy-of-memorabilia",http://cardandcomicbuyer.com
carsncards-com-ottawa,carsncards.com,Ottawa,ON,Sells;Sells Wax,Baseball;Basketball;Football;Pokemon,"Sells Wax: ""sealed product"" @ /",https://carsncards.com
dxhers-ottawa,Dxhers,Ottawa,ON,Sells;Buys,Football;Pokemon,"Buys: ""sell to us"" @ /",https://www.dxhers.ca
empire-trading-tcg-ottawa,Empire Trading TCG,Ottawa,ON,Sells;Buys;Sells Wax;Trade Nights,Magic;Pokemon,"Buys: ""sell your"" @ / | Sells Wax: ""sealed product"" @ / | Trade Nights: ""tournament"" @ /",https://www.empiretradings.com
entertainment-ink-ottawa,Entertainment Ink!,Ottawa,ON,Sells,Football;Hockey,,https://entertainmentink.ca
game-breakers-sports-cards-ottawa,Game Breakers Sports Cards,Ottawa,ON,Sells;Sells Wax,Baseball;Basketball;Football;Hockey;Magic;Pokemon,"Sells Wax: ""hobby box"" @ /",http://gamebreakers.ca
hobbiesville-ottawa,Hobbiesville,Ottawa,ON,Sells;Buys;Sells Wax;Breaks,Baseball;Basketball;Football;Hockey;Magic;Pokemon,"Buys: ""sell your"" @ / | Sells Wax: ""booster box"" @ / | Breaks: ""live break"" @ /",https://hobbiesville.com
hobbiesville-ottawa-ottawa,Hobbiesville Ottawa,Ottawa,ON,Sells;Buys;Sells Wax;Breaks,Baseball;Basketball;Football;Hockey;Magic;Pokemon,"Buys: ""sell your"" @ / | Sells Wax: ""booster box"" @ / | Breaks: ""live break"" @ /",https://hobbiesville.com/?utm_source=google&utm_medium=organic&utm_campaign=gmb
minty-fresh-collectibles-ottawa,Minty Fresh Collectibles,Ottawa,ON,Sells,Baseball;Basketball;Football;Hockey;Magic;Pokemon,,https://mintyfreshcollectible.ca
nabema-collectibles-ottawa,Nabema Collectibles,Ottawa,ON,Sells;Buys;Sells Wax;Trade Nights,Basketball;Magic;Pokemon,"Buys: ""we buy"" @ / | Sells Wax: ""sealed product"" @ / | Trade Nights: ""tournament"" @ /",http://www.nabemacollectibles.com
out-of-the-box-ottawa,Out of the Box,Ottawa,ON,Sells;Grading Services;Sells Wax;Breaks,Baseball;Basketball;Football;Hockey;Magic;Pokemon,"Grading Services: ""grading service"" @ / | Sells Wax: ""hobby box"" @ / | Breaks: ""group break"" @ /",https://www.outoftheboxcards.com
red-dragon-comics-cards-games-ottawa,"Red Dragon Comics, Cards, Games",Ottawa,ON,Sells;Buys;Sells Wax;Trade Nights,Football;Hockey;Magic;Pokemon,"Buys: ""buylist"" @ / | Sells Wax: ""sealed product"" @ / | Trade Nights: ""tournament"" @ /",http://www.red-dragon.ca
shikdar-trading-inc-ottawa,Shikdar Trading Inc.,Ottawa,ON,Sells;Sells Wax,Baseball;Basketball;Football;Hockey;Magic;Pokemon,"Sells Wax: ""hobby box"" @ /",http://www.shikdartrading.com
soul-tcg-ottawa,Soul TCG,Ottawa,ON,Sells;Buys;Sells Wax;Breaks,Basketball;Football;Magic;Pokemon,"Buys: ""we purchase"" @ / | Sells Wax: ""sealed product"" @ / | Breaks: ""live break"" @ /",https://www.soultcg.com
studio-staja-ottawa,Studio Staja,Ottawa,ON,Sells;Sells Wax,,"Sells Wax: ""sealed product"" @ /",https://staja.ca
the-comic-book-shoppe-ottawa,The Comic Book Shoppe,Ottawa,ON,Sells;Buys;Sells Wax,Magic,"Sells Wax: ""booster box"" @ / | Buys: ""buying collections"" @ /pages/faqs",http://thecomicbookshoppe.com
the-hobby-centre-ottawa,The Hobby Centre,Ottawa,ON,Sells;Buys,Pokemon,"Buys: ""sell to us"" @ /",http://www.hobcen.com
toys-on-fire-ottawa,Toys on Fire,Ottawa,ON,Sells,Baseball;Basketball;Football;Hockey;Magic;Pokemon,,http://www.toysonfire.ca
trinity-hobby-ottawa,Trinity Hobby,Ottawa,ON,Sells;Buys,Magic;Pokemon,"Buys: ""buylist"" @ /",https://trinityhobby.com
vulcan-collectibles-ottawa,Vulcan Collectibles,Ottawa,ON,Sells;Buys;Grading Services;Sells Wax,Football;Magic;Pokemon,"Buys: ""sell to us"" @ / | Grading Services: ""submit your cards"" @ / | Sells Wax: ""sealed product"" @ /",https://vulcancollectibles.com
flaring-lair-richmond-hill,Flaring Lair,Richmond Hill,ON,Sells;Buys;Grading Services;Sells Wax,Magic;Pokemon,"Grading Services: ""submit your cards"" @ / | Sells Wax: ""sealed product"" @ / | Buys: ""sell your"" @ /pages/buyback",https://flaringlair.com
hallmark-cards-gifts-sault-ste-marie,Hallmark Cards & Gifts,Sault Ste. Marie,ON,Sells,,,https://stores.hallmark.com/on/saultstemarie/hallmark-cards-gifts-saultstemarie-on-031818.html
hilltribe-ontario-sault-ste-marie,Hilltribe Ontario,Sault Ste. Marie,ON,Sells,,,http://www.hilltribeontario.com/?utm_source=gbp
kanto-kreations-sault-ste-marie,Kanto Kreations,Sault Ste. Marie,ON,Sells;Buys;Grading Services,Football;Pokemon,"Buys: ""buylist"" @ / | Grading Services: ""submit your cards"" @ /pages/buylist",https://kantokreations.ca
mark-s-autographs-and-collectables-sault-ste-marie,Mark's Autographs and Collectables,Sault Ste. Marie,ON,Sells,,,http://stores.ebay.com/marksautographsandcollectables
the-rad-zone-sault-ste-marie,The Rad Zone,Sault Ste. Marie,ON,Sells,,,http://www.theradzone.com
the-trading-post-sault-ste-marie,The Trading Post,Sault Ste. Marie,ON,Sells,,,http://trading-post.ca
high-score-gamez-st-catharines,High Score Gamez,St. Catharines,ON,Sells,,,https://highscoregamez.crystalcommerce.com
fan-of-the-sport-st-thomas,Fan of the Sport,St Thomas,ON,Sells;Buys,Baseball;Basketball;Football;Magic;Pokemon,"Buys: ""buylist"" @ /",https://fanofthesport.com
boreal-gaming-cards-thorold,Boreal Gaming & Cards,Thorold,ON,Sells;Buys;Sells Wax;Trade Nights,Magic;Pokemon,"Sells Wax: ""booster box"" @ / | Trade Nights: ""game night"" @ / | Buys: ""sell to us"" @ /pages/sell-your-magic-the-gathering-cards",https://borealgaming.com
401-games-toronto,401 Games,Toronto,ON,Sells;Buys;Grading Services;Sells Wax,Baseball;Basketball;Football;Hockey;Magic;Pokemon,"Buys: ""we buy"" @ / | Grading Services: ""psa submission"" @ / | Sells Wax: ""sealed product"" @ /",https://store.401games.ca
a-c-games-toronto,A & C Games,Toronto,ON,Sells;Trades Singles;Grading Services;Sells Wax,Baseball;Basketball;Football;Hockey;Magic;Pokemon,"Trades Singles: ""trade-in"" @ / | Grading Services: ""grading service"" @ / | Sells Wax: ""hobby box"" @ /",http://www.acgamesonline.com
aj-sports-autographed-memorabilia-toronto,AJ Sports / Autographed Memorabilia,Toronto,ON,Sells;Buys,Baseball;Basketball;Football;Hockey,"Buys: ""sell your"" @ /",https://www.ajsports.ca
anime-alley-toronto,Anime Alley,Toronto,ON,Sells;Buys;Sells Wax;Trade Nights,Football;Magic;Pokemon,"Buys: ""we buy"" @ / | Sells Wax: ""sealed product"" @ / | Trade Nights: ""tournament"" @ /",https://animealley.ca
anime-otaku-hobby-toronto,Anime Otaku Hobby,Toronto,ON,Sells,Magic;Pokemon,,https://animeotakuhobby.com
banana-games-hobby-toronto,Banana Games & Hobby,Toronto,ON,Sells;Buys;Sells Wax,Pokemon,"Buys: ""buylist"" @ / | Sells Wax: ""booster box"" @ /",https://www.bananagames.ca
beardycards-toronto,BeardyCards,Toronto,ON,Sells;Buys;Sells Wax,Football;Magic;Pokemon,"Buys: ""buying collections"" @ / | Sells Wax: ""booster box"" @ /",https://beardycards.com
black-rose-hobbies-toronto,Black Rose Hobbies,Toronto,ON,Sells;Sells Wax,Magic;Pokemon,"Sells Wax: ""sealed product"" @ /",https://www.blackrosehobbies.com
cangeek-games-and-collectibles-toronto,CanGeek Games and Collectibles,Toronto,ON,Sells,,,http://www.cangeek.com
cardify-hobby-cards-collectibles-sports-tcgs-toronto,Cardify Hobby Cards & Collectibles Sports/TCGs,Toronto,ON,Sells;Sells Wax;Trade Nights,Baseball;Basketball;Football;Hockey;Pokemon,"Sells Wax: ""hobby box"" @ / | Trade Nights: ""trade night"" @ /pages/about-us",http://cardifyhobby.com
chonky-collectibles-toronto,Chonky Collectibles,Toronto,ON,Sells;Buys;Sells Wax;Trade Nights,Magic;Pokemon,"Buys: ""we buy"" @ / | Sells Wax: ""booster box"" @ / | Trade Nights: ""trade night"" @ /",https://chonkycollectibles.com
cyber-city-comix-toronto,Cyber City Comix,Toronto,ON,Sells,,,http://cybercitycomix.com
dbsport-collectibles-toronto,Dbsport Collectibles,Toronto,ON,Sells,,,http://www.dbsport.ca
djk-entertainment-toronto,DJK Entertainment,Toronto,ON,Sells,Football;Pokemon,,https://djkentertainment.com
dolly-s-sports-cards-toronto,Dolly’s Sports Cards,Toronto,ON,Sells;Buys;Breaks,Football,"Buys: ""sell your"" @ / | Breaks: ""group break"" @ /",http://linktr.ee/dollysdowntown
dolly-s-toys-games-toronto-toronto,Dolly's Toys & Games Toronto,Toronto,ON,Sells;Buys;Grading Services;Sells Wax;Trade Nights,Baseball;Basketball;Football;Hockey;Magic;Pokemon,"Buys: ""sell to us"" @ / | Grading Services: ""grading submission"" @ / | Sells Wax: ""sealed product"" @ / | Trade Nights: ""game night"" @ /",http://www.dollys.ca
duck-duck-games-collectibles-toronto,Duck Duck Games & Collectibles,Toronto,ON,Sells;Sells Wax,Magic;Pokemon,"Sells Wax: ""booster box"" @ /",http://duckduckgnc.com
emmett-s-toystop-hobby-shop-toronto,Emmett's ToyStop & Hobby Shop,Toronto,ON,Sells;Buys;Sells Wax,Baseball;Basketball;Hockey;Pokemon,"Buys: ""sell your"" @ / | Sells Wax: ""booster box"" @ /",https://www.emmettstoystop.com
esper-cards-games-toronto,Esper Cards & Games,Toronto,ON,Sells;Sells Wax;Trade Nights,Magic;Pokemon,"Sells Wax: ""sealed product"" @ / | Trade Nights: ""game night"" @ /",https://espercardsandgames.com
face-to-face-games-toronto,Face to Face Games,Toronto,ON,Sells;Buys;Sells Wax;Trade Nights,Magic;Pokemon,"Buys: ""we buy"" @ / | Sells Wax: ""sealed product"" @ / | Trade Nights: ""tournament"" @ /pages/grading-guide",http://facetofacegames.com
game-shack-toronto,Game Shack,Toronto,ON,Sells;Sells Wax;Trade Nights,Football;Magic;Pokemon,"Sells Wax: ""booster box"" @ / | Trade Nights: ""game night"" @ /",http://gameshack.ca
go-for-game-toronto,Go For Game,Toronto,ON,Sells;Sells Wax;Trade Nights,Magic;Pokemon,"Sells Wax: ""sealed product"" @ / | Trade Nights: ""tournament"" @ /collections/graded-yugioh",https://goforgame.ca
gp-sports-cards-toronto,GP Sports Cards,Toronto,ON,Sells;Buys,,"Buys: ""sell your"" @ /",https://gpsportcards.com/pages/contact-us
hairy-tarantula-toronto,Hairy Tarantula,Toronto,ON,Sells;Buys;Sells Wax,Magic;Pokemon,"Buys: ""buylist"" @ / | Sells Wax: ""sealed product"" @ /",https://www.hairyt.com
hobbiesville-toronto-toronto,Hobbiesville Toronto,Toronto,ON,Sells;Buys;Sells Wax;Breaks,Baseball;Basketball;Football;Hockey;Magic;Pokemon,"Buys: ""sell your"" @ / | Sells Wax: ""booster box"" @ / | Breaks: ""live break"" @ /",https://www.hobbiesville.com
hobby-stop-tcg-collectibles-toronto,Hobby Stop TCG & Collectibles,Toronto,ON,Sells;Sells Wax,Pokemon,"Sells Wax: ""sealed product"" @ /",http://hobbystoptcg.com
hope-club-collectibles-sports-cards-and-trading-card-games-toronto,Hope Club Collectibles - Sports Cards and Trading Card Games,Toronto,ON,Sells;Sells Wax;Trade Nights,Magic;Pokemon,"Sells Wax: ""hobby box"" @ / | Trade Nights: ""tournament"" @ /",http://hopeclubshop.ca
illusionary-toronto,Illusionary,Toronto,ON,Sells,,,http://www.illusionarycollectibles.com
meeplemart-toronto,Meeplemart,Toronto,ON,Sells,Pokemon,,http://www.meeplemart.com
relikks-cards-collectibles-toronto,Relikks Cards & Collectibles,Toronto,ON,Sells;Grading Services;Sells Wax;Breaks,Baseball;Basketball;Football;Hockey;Pokemon,"Grading Services: ""submit your cards"" @ / | Sells Wax: ""hobby box"" @ / | Breaks: ""group break"" @ /",http://www.relikks.com
royalty-cards-and-collectibles-toronto,Royalty Cards and Collectibles,Toronto,ON,Sells;Buys;Sells Wax,Basketball;Football;Pokemon,"Buys: ""sell to us"" @ / | Sells Wax: ""booster box"" @ /",https://www.royaltycardsandcollectibles.com
sunny-hobbies-toronto,Sunny Hobbies,Toronto,ON,Sells;Buys;Grading Services;Sells Wax;Trade Nights,Pokemon,"Buys: ""we buy"" @ / | Grading Services: ""grading service"" @ / | Sells Wax: ""booster box"" @ / | Trade Nights: ""tournament"" @ /",https://www.sunnyhobbies.com
the-sword-board-toronto,The Sword & Board,Toronto,ON,Sells;Buys;Trades Singles;Sells Wax;Trade Nights,Magic;Pokemon,"Buys: ""we buy"" @ / | Trades Singles: ""trades welcome"" @ / | Sells Wax: ""sealed product"" @ / | Trade Nights: ""tournament"" @ /pages/about",http://www.theswordandboardtoronto.com
xplore-games-toronto,Xplore Games,Toronto,ON,Sells,,,http://xploregames.ca
401-games-vaughan-vaughan,401 Games Vaughan,Vaughan,ON,Sells;Buys;Grading Services;Sells Wax,Baseball;Basketball;Football;Hockey;Magic;Pokemon,"Buys: ""we buy"" @ / | Grading Services: ""psa submission"" @ / | Sells Wax: ""sealed product"" @ /",https://store.401games.ca
argama-hobby-vaughan,Argama Hobby,Vaughan,ON,Sells,Basketball;Pokemon,,http://www.argamahobby.com
cardboard-classics-vaughan,Cardboard Classics,Vaughan,ON,Sells;Buys;Trades Singles;Sells Wax,Pokemon,"Sells Wax: ""booster box"" @ / | Buys: ""we buy"" @ /pages/sell-us-your-cards | Trades Singles: ""trade-in"" @ /pages/sell-us-your-cards",http://www.cardboardclassics.ca
certified-sports-memorabilia-vaughan,Certified Sports Memorabilia,Vaughan,ON,Sells,Baseball;Hockey,,http://certifiedsportsmemorabilia.com
dd-sports-vaughan-vaughan,DD Sports Vaughan,Vaughan,ON,Sells;Sells Wax,Baseball;Basketball;Hockey;Pokemon,"Sells Wax: ""hobby box"" @ /",https://ddsports.ca
korekuta-games-vaughan,Korekuta Games,Vaughan,ON,Sells;Breaks,Pokemon,"Breaks: ""whatnot"" @ /",http://korekutagames.net
legends-warehouse-vaughan,Legends Warehouse,Vaughan,ON,Sells;Sells Wax;Trade Nights,Magic;Pokemon,"Sells Wax: ""sealed product"" @ / | Trade Nights: ""tournament"" @ /pages/about-us-1",https://legendswarehouse.ca
level-up-games-canada-vaughan,Level Up Games Canada,Vaughan,ON,Sells;Buys;Sells Wax,Magic;Pokemon,"Buys: ""buylist"" @ / | Sells Wax: ""sealed product"" @ /",http://www.levelupgames.ca
nd-sports-cards-ltd-psa-authorized-platinum-dealer-vaughan,ND Sports Cards LTD - PSA AUTHORIZED PLATINUM DEALER,Vaughan,ON,Sells;Grading Services,Pokemon,"Grading Services: ""psa submission"" @ https://ndsportscards.ca/pages/psasubmission-info?_ab=0&key=1735831503384",http://ndsportscards.ca
new-realm-games-vaughan,New Realm Games,Vaughan,ON,Sells;Buys;Sells Wax;Trade Nights,Baseball;Magic;Pokemon,"Buys: ""buylist"" @ / | Sells Wax: ""sealed product"" @ / | Trade Nights: ""tournament"" @ /",https://newrealmgames.com
northern-war-table-vaughan,Northern War Table,Vaughan,ON,Sells;Buys;Trade Nights,Magic;Pokemon,"Buys: ""buylist"" @ / | Trade Nights: ""game night"" @ /",https://northernwartable.com
retro-boyz-collectibles-vaughan,Retro Boyz Collectibles,Vaughan,ON,Sells,,,https://www.longlivethehunt.com/?utm_source=google&utm_medium=wix_google_business_profile&utm_campaign=724417122958267698
toybox-trading-co-vaughan,Toybox Trading Co.,Vaughan,ON,Sells,,,http://toyboxtradingco.square.site
wandering-adventures-vaughan,Wandering Adventures,Vaughan,ON,Sells;Sells Wax;Trade Nights,Pokemon,"Sells Wax: ""booster box"" @ / | Trade Nights: ""tournament"" @ /",http://www.wanderingadventures.ca
wax-box-club-vaughan,Wax Box Club,Vaughan,ON,Sells,Basketball,,http://waxboxclub.com
dolly-s-cards-collectibles-waterloo-waterloo,Dolly's Cards & Collectibles Waterloo,Waterloo,ON,Sells;Buys;Grading Services;Sells Wax;Trade Nights,Baseball;Basketball;Football;Hockey;Magic;Pokemon,"Buys: ""sell to us"" @ / | Grading Services: ""grading submission"" @ / | Sells Wax: ""sealed product"" @ / | Trade Nights: ""game night"" @ /",https://www.dollys.ca
brimstone-games-windsor,Brimstone Games,Windsor,ON,Sells;Buys;Trades Singles;Grading Services;Sells Wax;Trade Nights,Hockey;Magic;Pokemon,"Buys: ""buylist"" @ / | Trades Singles: ""trade-in"" @ / | Grading Services: ""submit your cards"" @ / | Sells Wax: ""hobby box"" @ / | Trade Nights: ""tournament"" @ /pages/about-brimstone",http://brimstonegames.ca
cartoon-kingdom-windsor,Cartoon Kingdom,Windsor,ON,Sells,,,http://www.cartoonkingdom.ca
cedar-creek-hobbies-windsor,Cedar Creek Hobbies,Windsor,ON,Sells,,,http://www.cedarcreekhobbies.com
digital-oasis-windsor,Digital Oasis,Windsor,ON,Sells,,,http://www.digitaloasis.ca
gamecycle-windsor,GameCycle,Windsor,ON,Sells;Trades Singles,Football;Pokemon,"Trades Singles: ""trade-in"" @ /",https://vixeoo.com
helou-s-sports-cards-and-collectibles-windsor,Helou's Sports Cards and Collectibles,Windsor,ON,Sells;Sells Wax,Baseball;Basketball;Football;Hockey;Pokemon,"Sells Wax: ""hobby box"" @ /",https://heloushobby.ca
kunaigames-windsor,KunaiGames,Windsor,ON,Sells;Buys;Trade Nights,Magic;Pokemon,"Buys: ""we buy"" @ / | Trade Nights: ""friday night magic"" @ /",https://kunaigames.com
local-comic-shop-windsor,Local Comic Shop,Windsor,ON,Sells,,,https://localcomicshop.net
putali-chowk-board-games-bar-windsor,Putali Chowk Board Games & Bar,Windsor,ON,Sells;Trade Nights,,"Trade Nights: ""game night"" @ /",http://www.putalichowk.com
rogues-gallery-comics-windsor,Rogues Gallery Comics,Windsor,ON,Sells,,,http://rgcomics.com
rose-city-sports-n-collectables-windsor,Rose City Sports N Collectables,Windsor,ON,Sells;Buys;Breaks,Football;Pokemon,"Buys: ""sell your"" @ / | Breaks: ""live break"" @ /",https://linktr.ee/rosecitysports
soar-hobby-more-windsor,SOAR Hobby & More,Windsor,ON,Sells,Football;Hockey,,http://www.soarhobby.com
tabletop-renaissance-games-hobbies-windsor,Tabletop Renaissance Games & Hobbies,Windsor,ON,Sells,Football;Pokemon,,http://tabletoprenaissance.ca
the-cg-realm-windsor,The CG Realm,Windsor,ON,Sells;Buys;Sells Wax,Magic;Pokemon,"Buys: ""buylist"" @ / | Sells Wax: ""booster box"" @ /",http://www.thecgrealm.com
