slug,Services,Sports/TCG
------,----------,------------
1up-games-hamilton,Sells;Trades Singles;Trade Nights,Pokemon
203-collectibles-ltd-edmonton,Sells;Buys;Trades Singles;Grading Services;Trade Nights,Pokemon
401-games-toronto,Sells;Buys;Grading Services;Sells Wax,Baseball;Basketball;Football;Hockey;Magic;Pokemon
401-games-vaughan-vaughan,Sells;Buys;Grading Services;Sells Wax,Baseball;Basketball;Football;Hockey;Magic;Pokemon
a-c-games-toronto,Sells;Trades Singles;Grading Services;Sells Wax,Baseball;Basketball;Football;Hockey;Magic;Pokemon
a-j-hobbies-markham,Sells,
aces-cool-collectibles-north-bay,Sells;Buys,Baseball;Basketball;Football
action-packed-comics-games-kingston,Sells;Trade Nights,Baseball;Football;Hockey;Magic;Pokemon
addictive-hobbies-games-oshawa,Sells,
advance-rc-hobbies-markham,Sells,
aj-sports-autographed-memorabilia-toronto,Sells;Buys,Baseball;Basketball;Football;Hockey
anime-alley-toronto,Sells;Buys;Sells Wax;Trade Nights,Football;Magic;Pokemon
anime-otaku-hobby-toronto,Sells,Magic;Pokemon
argama-hobby-vaughan,Sells,Basketball;Pokemon
arkane-angel-cold-lake,Sells,
art-noise-kingston,Sells,
avalon-hobbies-medicine-hat,Sells,Basketball;Football
banana-games-hobby-toronto,Sells;Buys;Sells Wax,Pokemon
battle-river-sports-excellence-camrose,Sells,Baseball;Hockey
beardycards-toronto,Sells;Buys;Sells Wax,Football;Magic;Pokemon
big-b-comics-barrie,Sells,
big-b-comics-hamilton,Sells;Buys;Trades Singles,Magic;Pokemon
black-knight-games-hamilton,Sells;Buys;Trades Singles;Sells Wax;Trade Nights,Football;Magic;Pokemon
black-rose-hobbies-toronto,Sells;Sells Wax,Magic;Pokemon
booster-house-kingston,Sells,Magic;Pokemon
border-city-games-lloydminster,Sells;Buys;Sells Wax;Trade Nights,Football;Magic;Pokemon
boreal-gaming-cards-thorold,Sells;Buys;Sells Wax;Trade Nights,Magic;Pokemon
box-of-cards-sports-cards-aurora,Sells;Sells Wax,Baseball;Football;Hockey;Pokemon
box-of-cards-sports-cards-barrie,Sells;Sells Wax,Baseball;Football;Hockey;Pokemon
breakaway-sports-cards-hamilton,Sells;Sells Wax;Breaks;Trade Nights,Baseball;Basketball;Football;Hockey;Pokemon
brimstone-games-windsor,Sells;Buys;Trades Singles;Grading Services;Sells Wax;Trade Nights,Hockey;Magic;Pokemon
burdin-s-comics-hamilton,Sells,
buying-sports-cards-comics-ottawa,Buys,Baseball
camrosenextgen-gaming-camrose,Sells,
cangeek-games-and-collectibles-toronto,Sells,
capital-city-cards-collectibles-edmonton,Sells,
card-board-gaming-appointment-only-markham,Sells;Sells Wax,Pokemon
card-cycle-london,Sells;Trades Singles;Sells Wax;Trade Nights,Pokemon
cardboard-classics-vaughan,Sells;Buys;Trades Singles;Sells Wax,Pokemon
cardboard-hero-oshawa,Buys;Sells;Sells Wax;Grading Services,Hockey;Baseball;Basketball;Football;Pokemon;Magic;Other
cardify-hobby-cards-collectibles-sports-tcgs-toronto,Sells;Sells Wax;Trade Nights,Baseball;Basketball;Football;Hockey;Pokemon
cards-and-coasters-orillia,Buys;Sells;Trades Singles;Sells Wax,Pokemon;Magic;Other
carsncards-com-ottawa,Sells;Sells Wax,Pokemon
carta-magica-ottawa-ottawa,Buys;Sells;Sells Wax;Trade Nights,Hockey;Pokemon;Magic;Other
cartoon-kingdom-windsor,Sells,
cedar-creek-hobbies-windsor,Sells,
cellular-magician-london,Sells;Buys,
celly-sports-games-calgary,Sells;Grading Services;Sells Wax;Breaks,Baseball;Basketball;Football;Hockey;Magic;Pokemon
centre-ice-collectibles-niagara-falls,Buys;Sells;Trades Singles,Hockey
certified-sports-memorabilia-vaughan,Sells,Baseball;Hockey
cheesmo-s-cards-mobile-hobby-shop-mississauga,Buys;Sells;Trades Singles;Sells Wax,
chigun-hobbies-markham,Sells,Pokemon
chimera-gaming-kitchener,Sells;Buys;Trades Singles;Grading Services;Sells Wax;Trade Nights,Basketball;Football;Magic;Pokemon
chonky-collectibles-toronto,Sells;Buys;Sells Wax;Trade Nights,Magic;Pokemon
chumleighs-kingston,Sells;Buys,
collectors-books-cards-calgary,Sells,Baseball;Hockey
comfy-hobbies-markham,Sells;Sells Wax;Trade Nights,Pokemon;Magic;Other
comic-alley-toys-oshawa,Sells;Buys,Football
comic-readers-medicine-hat,Sells,
common-box-games-edmonton,Sells;Sells Wax,Pokemon
conspiracy-comics-games-anime-hamilton,Sells,Magic;Pokemon
conspiracy-comics-games-anime-mississauga,Sells,Other
cool-dragon-hobby-markham,Sells,Pokemon
cyber-city-comix-toronto,Sells,
d-j-s-sports-cards-comics-red-deer,Sells;Buys;Sells Wax;Trade Nights,Football;Hockey;Magic;Pokemon
danireon-cards-games-ottawa,Sells;Sells Wax;Trades Singles,Pokemon
dark-fox-tcg-hamilton,Sells;Buys;Grading Services;Sells Wax;Trade Nights,Magic;Pokemon
dbsport-collectibles-toronto,Sells,
dd-sports-vaughan-vaughan,Sells;Sells Wax,Baseball;Basketball;Hockey;Pokemon
deck-out-gaming-oshawa,Buys;Sells;Sells Wax,Pokemon;Magic;Other
diadem-cards-hobbies-greater-sudbury,Sells;Buys,Magic;Pokemon
digital-oasis-windsor,Sells,
djk-entertainment-toronto,Sells,Football;Pokemon
docs-hobby-shop-greater-sudbury,Sells,
dolly-s-cards-collectibles-waterloo-waterloo,Sells;Buys;Grading Services;Sells Wax;Trade Nights,Baseball;Basketball;Football;Hockey;Magic;Pokemon
dolly-s-sports-cards-toronto,Sells;Buys;Breaks,Football
dolly-s-toys-games-toronto-toronto,Sells;Buys;Grading Services;Sells Wax;Trade Nights,Baseball;Basketball;Football;Hockey;Magic;Pokemon
doug-laurie-sports-barrie,Sells,
duck-duck-games-collectibles-toronto,Sells;Sells Wax,Magic;Pokemon
duel-city-games-mississauga,Sells;Sells Wax,Pokemon;Magic;Other
dxhers-ottawa,Buys;Sells,Pokemon;Other
ea-collectibles-london,Sells;Buys;Trades Singles;Sells Wax;Trade Nights,Football;Magic;Pokemon
eastridge-sports-cards-games-calgary,Sells;Grading Services;Sells Wax,Baseball;Basketball;Football;Hockey;Magic;Pokemon
eclipse-games-edmonton,Sells;Sells Wax,Magic;Pokemon
emmett-s-toystop-hobby-shop-toronto,Sells;Buys;Sells Wax,Baseball;Basketball;Hockey;Pokemon
empire-trading-tcg-ottawa,Buys;Sells;Sells Wax;Trade Nights,Pokemon;Magic;Other
entertainment-ink-ottawa,Sells,
env-collectible-sherwood-park,Sells;Buys,Basketball;Magic;Pokemon
esper-cards-games-toronto,Sells;Sells Wax;Trade Nights,Magic;Pokemon
evolution-sports-excellence-leduc,Sells,Baseball;Hockey
f-g-bradley-s-oshawa,Sells,Hockey
face-to-face-games-toronto,Sells;Buys;Sells Wax;Trade Nights,Magic;Pokemon
fan-of-the-sport-st-thomas,Sells;Buys,Baseball;Basketball;Football;Magic;Pokemon
fearocards-brampton,Sells;Sells Wax,Pokemon
fine-toys-store-markham,Sells;Sells Wax,Pokemon;Magic;Other
five-dragons-hobbies-markham,Sells,
flaring-lair-richmond-hill,Sells;Buys;Grading Services;Sells Wax,Magic;Pokemon
fly-by-nite-movies-games-and-toys-oshawa,Sells,
forest-city-coins-stamps-london,Sells;Buys;Sells Wax,Baseball;Hockey;Magic;Pokemon
froggers-house-of-cards-and-autograph-gallery-edmonton,Sells;Buys;Trade Nights,Baseball;Basketball;Football;Hockey;Magic;Pokemon
galactic-trading-post-fort-mcmurray,Sells;Trade Nights,Hockey;Magic;Pokemon
game-breakers-sports-cards-ottawa,Sells;Sells Wax;Trade Nights,Hockey;Baseball;Basketball;Football;Pokemon;Magic;Other
game-cycle-hamilton-road-london,Sells,
game-cycle-london-wharncliffe-london,Sells,
game-knight-leagues-london,Sells;Sells Wax,Football;Magic
game-shack-toronto,Sells;Sells Wax;Trade Nights,Football;Magic;Pokemon
game-time-collectibles-mississauga,Sells,Pokemon;Magic;Other
gamecycle-windsor,Sells;Trades Singles,Football;Pokemon
gamer-s-lair-ltd-barrie,Sells;Buys;Sells Wax,Magic;Pokemon
gamers-emporium-london,Sells;Sells Wax,Football;Magic;Pokemon
games-galore-the-billiard-store-medicine-hat,Sells,Hockey
george-s-trains-markham,Sells;Trades Singles,
gnu-books-oshawa,Sells;Sells Wax;Trade Nights,Hockey;Baseball;Pokemon;Magic
go-for-game-toronto,Sells;Sells Wax;Trade Nights,Magic;Pokemon
gotham-central-comics-mississauga,Sells,Pokemon;Magic;Other
gp-sports-cards-toronto,Sells;Buys,
great-hobbies-oshawa,Sells,
great-white-north-pottery-supplies-greater-sudbury,Sells,Basketball
hairy-tarantula-toronto,Sells;Buys;Sells Wax,Magic;Pokemon
hall-of-fame-collection-burlington,Sells;Buys,
hallmark-cards-gifts-sault-ste-marie,Sells,
hallmark-oshawa,Sells,
heaven-s-collectibles-tcg-london,Sells;Grading Services;Sells Wax,Pokemon
helou-s-sports-cards-and-collectibles-windsor,Sells;Sells Wax,Baseball;Basketball;Football;Hockey;Pokemon
heroes-comics-london,Sells,Magic
hi-times-head-shop-indoor-growing-equipment-indoor-grow-shop-hydroponics-london,Sells,
high-score-gamez-st-catharines,Sells,
hilltribe-ontario-sault-ste-marie,Sells,
hobbiesville-ottawa,Buys;Sells;Sells Wax;Breaks,Hockey;Baseball;Basketball;Football;Pokemon;Magic;Other
hobbiesville-ottawa-ottawa,Buys;Sells;Sells Wax;Breaks,Hockey;Baseball;Basketball;Football;Pokemon;Magic;Other
hobbiesville-toronto-toronto,Sells;Buys;Sells Wax;Breaks,Baseball;Basketball;Football;Hockey;Magic;Pokemon
hobby-stop-tcg-collectibles-toronto,Sells;Sells Wax,Pokemon
holler-collectibles-camrose,Sells,
hope-club-collectibles-sports-cards-and-trading-card-games-toronto,Sells;Sells Wax;Trade Nights,Magic;Pokemon
horizon-diecast-markham,Sells,
hyperspace-comics-games-spruce-grove,Sells,Magic;Pokemon
icons-and-heroes-edmonton,Sells,Baseball;Basketball;Football;Hockey;Magic;Pokemon
ideal-hobbies-barrie,Sells,
illusionary-toronto,Sells,
image-collections-mississauga,Sells,
improbable-escapes-board-game-lounge-kingston,Sells;Trade Nights,Magic;Pokemon
k-os-collectibles-inc-markham,Sells;Sells Wax,Pokemon;Magic;Other
kadoone-markham,Sells;Sells Wax,Pokemon;Magic;Other
kanto-kreations-sault-ste-marie,Sells;Buys;Grading Services,Football;Pokemon
kanzen-games-sports-collectibles-mississauga,Sells;Sells Wax,Pokemon;Magic;Other
king-arthur-s-collectibles-lethbridge,Sells,
kingston-card-den-kingston,Sells;Buys,Hockey;Pokemon
kingston-gaming-nexus-kingston,Sells;Trade Nights,Magic;Pokemon
korekuta-games-vaughan,Sells;Breaks,Pokemon
kunaigames-windsor,Sells;Buys;Trade Nights,Magic;Pokemon
l-a-mood-comics-games-london,Sells;Buys,Hockey;Magic;Pokemon
legendary-collectables-mississauga,Sells;Sells Wax;Grading Services,Hockey;Baseball;Basketball;Football;Pokemon;Magic;Other
legends-warehouse-vaughan,Sells;Sells Wax;Trade Nights,Magic;Pokemon
level-up-games-canada-vaughan,Sells;Buys;Sells Wax,Magic;Pokemon
local-comic-shop-windsor,Sells,
loot-kingdom-barrie,Sells;Grading Services;Sells Wax;Trade Nights,Baseball;Basketball;Football;Hockey;Pokemon
lvlup-games-mississauga,Sells,Pokemon;Magic;Other
m4-sports-cards-and-collectibles-hamilton,Sells,
mancala-monk-board-game-cafe-hamilton-hamilton,Sells;Trade Nights,Magic
manta-trading-markham,Sells;Sells Wax,Pokemon;Other
maple-leaf-sports-calgary,Sells;Sells Wax;Breaks,Baseball;Basketball;Football;Hockey;Magic;Pokemon
mark-s-autographs-and-collectables-sault-ste-marie,Sells,
masterset-co-markham,Sells;Sells Wax;Grading Services;Trade Nights,Pokemon;Other
meeplemart-toronto,Sells,Pokemon
microplay-video-games-collectibles-guelph,Sells;Buys;Trades Singles,Basketball;Football;Magic;Pokemon
minotaur-games-and-gifts-kingston,Sells;Trade Nights,
mint-sports-cards-collectibles-bolton,Sells;Sells Wax,Baseball;Basketball;Football;Hockey;Pokemon
minty-fresh-collectibles-ottawa,Sells,Hockey;Baseball;Basketball;Football;Pokemon;Magic;Other
mission-fun-games-st-albert,Sells;Sells Wax;Trade Nights,Basketball;Football;Magic;Pokemon
mmlorcana-kingston,Sells;Buys,
morrison-trading-post-airdrie,Sells;Buys;Grading Services;Sells Wax;Breaks;Trade Nights,Baseball;Basketball;Football;Hockey;Pokemon
much-hobby-online-shopping-markham,Sells;Sells Wax,
mypops-ca-erin-mills-town-centre-mississauga-toys-funko-tcg-mississauga,Sells;Buys,Pokemon;Other
mypops-ca-hamilton-toys-funko-tcg-hamilton,Sells;Buys;Trades Singles;Sells Wax,Football;Magic;Pokemon
mypops-ca-markham-toys-funko-tcg-markham,Sells;Buys,Pokemon;Other
nabema-collectibles-ottawa,Buys;Sells;Trades Singles;Sells Wax;Trade Nights,Basketball;Pokemon;Magic;Other
nak-gaming-online-order-pickup-only-mississauga,Sells;Sells Wax,Pokemon
nd-sports-cards-ltd-psa-authorized-platinum-dealer-vaughan,Sells;Grading Services,Pokemon
nefarious-comics-ottawa,Sells,Magic
neo-tokyo-the-anime-store-london,Sells,Basketball;Pokemon
nepal-handicrafts-greater-sudbury,Sells,
nerdvana-cards-games-markham,Sells;Sells Wax;Trade Nights,Pokemon;Magic;Other
never-board-games-lounge-hamilton,Sells,
new-rave-tcg-hobbies-oshawa,Sells,
new-realm-games-vaughan,Sells;Buys;Sells Wax;Trade Nights,Baseball;Magic;Pokemon
nexpack-collectibles-trading-card-shop-markham,Sells;Sells Wax,Hockey;Basketball;Football;Pokemon;Magic;Other
northern-war-table-vaughan,Sells;Buys;Trade Nights,Magic;Pokemon
not-a-hobby-shop-goose-guzzu-mart-markham,Sells,
novel-idea-kingston,Sells,
olympic-sports-cards-and-games-calgary,Sells,
omg-games-barrie,Sells;Buys;Grading Services;Sells Wax;Trade Nights,Football;Magic;Pokemon
out-of-the-box-ottawa,Sells;Grading Services;Sells Wax;Breaks,Baseball;Basketball;Football;Hockey;Magic;Pokemon
over-the-top-gaming-oshawa,Sells,
overtime-sports-cards-grading-balzac,Sells;Grading Services;Sells Wax,Baseball;Basketball;Football;Hockey;Magic;Pokemon
panda-hobby-canada-s-largest-gundam-store-markham,Sells;Trades Singles,Pokemon
paradise-games-and-customs-spruce-grove,Sells,
paradoxtcg-hamilton,Sells,
playdexk-markham,Sells,
players-cards-and-collectibles-london,Sells;Sells Wax;Trade Nights,Baseball;Basketball;Football;Hockey;Magic;Pokemon
pokanada-sealed-pokemon-section-inside-pharmacy-london,Sells,
power-up-gaming-barrie,Sells;Buys;Trades Singles,Football;Hockey;Magic;Pokemon
premium-sports-cards-london,Sells;Sells Wax,Baseball;Basketball;Football;Hockey;Pokemon
prisma-games-edmonton,Sells;Buys,
professional-sports-authenticator-psa-canada-mississauga,Sells;Grading Services,Baseball;Basketball;Football
putali-chowk-board-games-bar-windsor,Sells;Trade Nights,
pvp-shoppe-markham,Sells;Sells Wax,Pokemon;Magic;Other
quantum-comics-collectibles-camrose,Sells;Trade Nights,Pokemon
realm-hoppers-london,Sells;Buys;Trades Singles;Grading Services;Sells Wax;Trade Nights,Magic;Pokemon
red-dragon-comics-cards-games-ottawa,Sells;Sells Wax;Trade Nights,Hockey;Pokemon;Magic;Other
red-riot-games-mississauga,Sells,Pokemon;Magic;Other
relikks-cards-collectibles-toronto,Sells;Grading Services;Sells Wax;Breaks,Baseball;Basketball;Football;Hockey;Pokemon
retro-boyz-collectibles-vaughan,Sells,
retro-camrose,Sells;Trade Nights,
retrosaurus-hamilton,Sells;Buys,Pokemon
rogues-gallery-comics-windsor,Sells,
rolls-and-realms-inc-brantford,Sells,
rose-city-sports-n-collectables-windsor,Sells;Buys;Breaks,Football;Pokemon
royal-cat-records-guelph,Sells;Buys,
royalty-cards-and-collectibles-toronto,Sells;Buys;Sells Wax,Basketball;Football;Pokemon
sell-your-pokemon-cards-barrie,Sells;Buys;Sells Wax,Pokemon
sentry-box-cards-calgary,Sells;Buys,Magic;Pokemon
seven-sisters-ritual-apothecary-london,Sells,
shikdar-trading-inc-ottawa,Sells,Hockey;Baseball;Basketball;Football;Pokemon;Magic;Other
showcase-comics-hobbies-ltd-comics-collectibles-rc-boardgames-lethbridge,Sells;Breaks,Baseball;Basketball;Football;Hockey;Magic;Pokemon
simply-wonderful-toys-gizmos-inc-guelph,Sells,Pokemon
sino-hobby-markham-markham,Sells,
skyfox-games-oshawa,Buys;Sells;Sells Wax,Pokemon;Magic;Other
slab-sharks-sports-cards-collectibles-consignment-mississauga,Buys;Sells,Hockey;Baseball;Basketball;Football;Pokemon;Other
snap-collectables-airdrie,Sells,
soar-hobby-more-windsor,Sells,Football;Hockey
soul-tcg-ottawa,Sells;Buys;Sells Wax;Breaks,Basketball;Football;Magic;Pokemon
sports-closet-sherwood-park,Sells,Baseball;Basketball;Football;Hockey
sports-closet-st-albert,Sells,Baseball;Basketball;Football;Hockey
springer-hobbies-markham,Sells;Trade Nights,Pokemon;Magic;Other
stephen-licence-bicycles-hobbies-belleville,Sells,
strange-ideas-comics-and-collectibles-grande-prairie,Sells,
studio-staja-ottawa,Sells;Sells Wax,
sunny-hobbies-toronto,Sells;Buys;Grading Services;Sells Wax;Trade Nights,Pokemon
tabletop-renaissance-games-hobbies-windsor,Sells,Football;Pokemon
taps-games-edmonton,Sells;Buys,Magic;Pokemon
the-3d-shoppe-oshawa,Sells;Sells Wax;Trade Nights,Magic;Pokemon;Other
the-bard-and-bear-games-cafe-hamilton-hamilton,Sells;Trade Nights,Football;Magic
the-beat-goes-on-guelph,Sells;Buys,
the-bookshelf-guelph,Sells,
the-card-goat-edmonton,Sells;Sells Wax,Hockey;Magic;Pokemon
the-cg-realm-windsor,Sells;Buys;Sells Wax,Magic;Pokemon
the-comic-book-shoppe-ottawa,Sells;Buys;Sells Wax,Magic
the-comic-doctor-inc-oshawa,Grading Services,
the-data-base-camrose-camrose,Sells,
the-dragon-guelph,Sells;Buys;Trade Nights,Magic;Pokemon
the-dragon-s-lair-unleashed-hamilton,Sells,
the-game-chamber-london,Sells;Sells Wax;Trade Nights,Magic;Pokemon
the-hobby-centre-ottawa,Sells;Buys,Pokemon
the-hobby-spot-leduc-quarantined-case-breaks-leduc,Sells;Buys;Sells Wax;Breaks;Trade Nights,Baseball;Hockey;Magic;Pokemon
the-mana-lounge-london,Sells;Sells Wax;Trade Nights,Basketball;Magic;Pokemon
the-rad-zone-sault-ste-marie,Sells,
the-rocking-horse-toys-kingston,Sells,
the-sword-board-toronto,Sells;Buys;Trades Singles;Sells Wax;Trade Nights,Magic;Pokemon
the-trading-post-guelph,Sells;Buys;Sells Wax;Trade Nights,Football;Magic;Pokemon
the-trading-post-sault-ste-marie,Sells,
the-upper-hand-mississauga,Sells,Pokemon;Magic;Other
thunderground-comics-and-collectibles-st-albert,Sells;Buys;Sells Wax;Trade Nights,Magic
tistaminis-hamilton,Sells,
tom-tech-repairs-game-vault-kingston-kingston,Sells,
top-shelf-co-oakville,Sells,Pokemon;Magic;Other
toybox-trading-co-vaughan,Sells,
toys-on-fire-ottawa,Sells,Baseball;Basketball;Football;Hockey;Magic;Pokemon
treasure-cove-comics-collectables-airdrie,Sells;Trade Nights,Magic;Pokemon
trinity-hobby-ottawa,Sells;Buys,Magic;Pokemon
up-north-games-huntsville,Sells;Trade Nights,Magic
valixya-greater-sudbury,Sells,
video-time-barrie,Sells;Buys,
vtrgaming-mississauga,Sells;Sells Wax,Pokemon;Magic;Other
vulcan-collectibles-ottawa,Sells;Buys;Grading Services;Sells Wax,Football;Magic;Pokemon
wandering-adventures-vaughan,Sells;Sells Wax;Trade Nights,Pokemon
warp-zone-gaming-mississauga,Sells,Pokemon
wax-box-club-vaughan,Sells,Basketball
wayne-s-sports-cards-collectibles-edmonton,Sells;Sells Wax,Baseball;Basketball;Football;Hockey;Pokemon
waypoint-games-hamilton,Sells;Buys;Sells Wax;Trade Nights,Magic;Pokemon
webber-s-balloons-cards-and-collectibles-hamilton,Sells;Sells Wax,Baseball;Basketball;Football;Hockey;Magic;Pokemon
west-s-sports-cards-edmonton,Sells;Sells Wax;Breaks,Baseball;Basketball;Football;Hockey;Pokemon
woodforsheep-hobbies-ltd-markham,Sells,Magic;Other
worlds-collide-oshawa,Sells;Sells Wax,Magic
wyndham-art-supplies-guelph,Sells,Basketball;Football
x-planet-games-mississauga,Sells;Trade Nights,Magic
xplore-games-toronto,Sells,
xtreme-r-c-raceways-oshawa,Sells,
yeg-nhlhockeystickers-com-edmonton,Sells,Hockey
