slug,name,city,province,website,address
advance-rc-hobbies-markham,Advance RC & Hobbies,Markham,ON,https://advancerc.ca/,"Woodbine Ave B200, Markham, ON L3R 4X9, Canada"
card-board-gaming-appointment-only-markham,Card Board Gaming - Appointment Only,Markham,ON,https://cardboardgaming.ca/,"257 Riverwalk Dr, Markham, ON L6B 0H2"
chigun-hobbies-markham,Chigun Hobbies,Markham,ON,https://www.chigunhobbies.com/,"Pacific Mall, 4300 Steeles Ave E Unit A2-203, Markham, ON L3R 0Y5, Canada"
comfy-hobbies-markham,Comfy Hobbies,Markham,ON,https://comfyhobbies.com/,"57 Glen Cameron Rd East, Thornhill, ON L3T 1P3"
cool-dragon-hobby-markham,Cool Dragon Hobby,Markham,ON,https://cooldragonhobby.ca/,"372 Kirkham Dr, Markham, ON L3S 0E4, Canada"
fine-toys-store-markham,Fine Toys Store,Markham,ON,https://www.finetoys.ca/,"8333 Kennedy Rd #2017-2018, Markham, ON L3R 4P8, Canada"
five-dragons-hobbies-markham,Five Dragons hobbies,Markham,ON,https://www.fivedragonshobby.ca/,"8339 Kennedy Rd Unit 2331-2332, Markham, ON L3R 5T5, Canada"
george-s-trains-markham,George's Trains,Markham,ON,http://www.georgestrains.com/,"550 Alden Rd Unit 102, Markham, ON L3R 6A8, Canada"
horizon-diecast-markham,Horizon Diecast,Markham,ON,https://horizondiecast.com/,"280 Yorktech Dr Unit 27, Markham, ON L6G 0A6, Canada"
k-os-collectibles-inc-markham,K-OS Collectibles Inc,Markham,ON,https://koscollectibles.ca/,"3636 Steeles Ave E #135, Markham, ON L3R 1K9"
kadoone-markham,KadOone,Markham,ON,http://kadoone.ca/,"290 Yorktech Dr #15, Markham, ON L6G 0A7"
manta-trading-markham,Manta Trading,Markham,ON,https://mantatrading.com/,"7170 Warden Ave. Unit 22, Markham, ON L3R 8B4"
masterset-co-markham,MasterSet Co.,Markham,ON,https://masterset.ca/,"3255 Hwy 7 Unit 72, Markham, ON L3R 3P3"
much-hobby-online-shopping-markham,Much Hobby Online Shopping,Markham,ON,https://www.muchhobbyonline.com/aboutus.asp,"8865 Woodbine Ave, Markham, ON L3R 5G1, Canada"
mypops-ca-markham-toys-funko-tcg-markham,MyPops.ca Markham Toys Funko TCG,Markham,ON,http://mypops.ca/,"431 Alden Rd Unit 19-20, Markham, ON L3R 3L4"
nerdvana-cards-games-markham,Nerdvana Cards & Games,Markham,ON,https://www.nerdvanacardsandgames.com/,"59 Main Street Markham N, Markham, ON L3P 1X7"
nexpack-collectibles-trading-card-shop-markham,NexPack Collectibles - Trading Card Shop,Markham,ON,https://www.npcollectibles.com/,"7225 Woodbine Ave #119, Markham, ON L3R 1A3"
not-a-hobby-shop-goose-guzzu-mart-markham,Not A Hobby Shop & Goose Guzzu Mart,Markham,ON,https://www.notahobby.shop/,"3255 Hwy 7 Unit 212, Markham, ON L3R 3P9, Canada"
panda-hobby-canada-s-largest-gundam-store-markham,Panda Hobby - Canada's Largest Gundam Store,Markham,ON,http://www.pandahobby.ca/,"140 Amber St #8, Markham, ON L3R 3J8, Canada"
playdexk-markham,Playdexk,Markham,ON,https://playdexk.com/,"180 Enterprise Blvd 2/F K202, Markham, ON L6G 0E6"
pvp-shoppe-markham,PvP Shoppe,Markham,ON,https://pvpshoppe.com/,"2/F, 9390 Woodbine Ave 2/F, Unit 2R2, Markham, ON L6C 0M5"
sino-hobby-markham-markham,Sino Hobby Markham,Markham,ON,http://sinohobby.ca/,"3255 Hwy 7 Unit 151, Markham, ON L3R 3P9, Canada"
springer-hobbies-markham,Springer Hobbies,Markham,ON,https://springerhobbies.com/,"61 Telson Rd Unit 1, Markham, ON L3R 1E4"
true-gem-sports-collectibles-markham,True Gem Sports Collectibles,Markham,ON,https://www.facebook.com/groups/546030109461282,"4418 Hwy 7 #204, Unionville, ON L3R 1M2"
woodforsheep-hobbies-ltd-markham,WoodForSheep Hobbies Ltd.,Markham,ON,https://www.woodforsheep.ca/,"220 Royal Crest Ct #3, Markham, ON L3R 9Y2, Canada"
a-spec-cards-inc-milton,A-Spec Cards Inc.,Milton,ON,http://www.aspeccards.com/,"1224 Main St E, Milton, ON L9T 9K7"
cheesmo-s-cards-mobile-hobby-shop-mississauga,Cheesmo's Cards Mobile Hobby Shop,Mississauga,ON,https://cheesmoscards.ca/,"3125B Wolfedale Rd, Mississauga, ON L5C 1V8"
conspiracy-comics-games-anime-mississauga,Conspiracy Comics Games & Anime,Mississauga,ON,https://conspiracycomics.com/,"100 City Centre Dr, Mississauga, ON L5B 2C9"
duel-city-games-mississauga,Duel City Games,Mississauga,ON,http://duelcitygames.com/,"Leanne Blvd, Mississauga, ON L5K 2K8"
game-time-collectibles-mississauga,Game Time Collectibles,Mississauga,ON,http://itsgametime.ca/,"2205 Bostock Crescent, Mississauga, ON L5J 3S8"
gotham-central-comics-mississauga,Gotham Central Comics,Mississauga,ON,http://www.gothamcentralcomics.com/,"1400 Aimco Blvd Unit 1, Mississauga, ON L4W 4K2"
image-collections-mississauga,Image Collections,Mississauga,ON,http://www.imagecollections.ca/,"181 Queen St S, Mississauga, ON L5M 1L1"
kanzen-games-sports-collectibles-mississauga,KanZen Games Sports & Collectibles,Mississauga,ON,http://kanzengames.com/,"7070 St Barbara Blvd Unit 60-62, Mississauga, ON L5W 0E6"
legendary-collectables-mississauga,Legendary Collectables,Mississauga,ON,https://legendarycollectables.com/,"800 Dundas St E Unit G, Mississauga, ON L4Y 2B6"
lvlup-games-mississauga,LVLUP GAMES,Mississauga,ON,http://www.lvlupgames.ca/,"833 Westlock Rd, Mississauga, ON L5C 1K7"
mypops-ca-erin-mills-town-centre-mississauga-toys-funko-tcg-mississauga,MyPops.ca Erin Mills Town Centre Mississauga Toys Funko TCG,Mississauga,ON,http://www.mypops.ca/,"Lower Floor near Food Court, 5100 Erin Mills Pkwy Unit B124, Mississauga, ON L5M 4Z5"
nak-gaming-online-order-pickup-only-mississauga,Nak Gaming - Online Order Pickup Only,Mississauga,ON,https://www.nakgaming.com/,"5170 Winston Churchill Blvd Unit 105, Mississauga, ON L5M 0P2"
professional-sports-authenticator-psa-canada-mississauga,Professional Sports Authenticator - PSA Canada,Mississauga,ON,https://www.psacard.com/,"5560 Explorer Dr #101, Mississauga, ON L4W 5M3"
red-riot-games-mississauga,Red Riot Games,Mississauga,ON,http://redriotgames.ca/,"265 Queen St S, Mississauga, ON L5M 1L9"
slab-sharks-sports-cards-collectibles-consignment-mississauga,Slab Sharks - Sports Cards & Collectibles Consignment,Mississauga,ON,https://www.slabsharks.com/,"6760 Davand Dr Unit 8 & 9, Mississauga, ON L5T 2L9"
the-upper-hand-mississauga,The Upper Hand,Mississauga,ON,https://www.theupperhand.ca/,"2150 Burnhamthorpe Rd W, Mississauga, ON L5L 3A2"
vtrgaming-mississauga,VTRGaming,Mississauga,ON,https://www.vtrgaming.ca/,"714 Burnhamthorpe Rd E, Mississauga, ON L4Y 2X3"
warp-zone-gaming-mississauga,Warp Zone Gaming,Mississauga,ON,https://warpzonegaming.ca/,"1151 Dundas St W #9, Mississauga, ON L5C 1C6"
x-planet-games-mississauga,X Planet Games,Mississauga,ON,http://xplanetgames.com/,"5170 Dixie Rd, Mississauga, ON L4W 1E3"
centre-ice-collectibles-niagara-falls,Centre Ice Collectibles,Niagara Falls,ON,http://centreicecollectibles.com/,"6272 Parkside Rd, Niagara Falls, ON L2H 0B2"
aces-cool-collectibles-north-bay,Aces Cool Collectibles,North Bay,ON,https://www.ebay.ca/str/acescoolcollectibles,"1180 Cassells St, North Bay, ON P1B 4B6, Canada"
top-shelf-co-oakville,Top Shelf Co.,Oakville,ON,https://topshelfco.ca/,"481 North Service Rd W A13, Oakville, ON L6M 2V6"
cards-and-coasters-orillia,Cards and Coasters,Orillia,ON,https://cardsandcoasters.com/,"58 Mississaga St E 2nd floor, Orillia, ON L3V 1V5"
addictive-hobbies-games-oshawa,Addictive Hobbies & Games,Oshawa,ON,https://addictivehobbies.wixsite.com/website,"13 King St W, Oshawa, ON L1H 1A1"
cardboard-hero-oshawa,Cardboard Hero,Oshawa,ON,http://www.cardboardhero.com/,"88 Simcoe St N, Oshawa, ON L1G 4S2"
comic-alley-toys-oshawa,Comic Alley Toys,Oshawa,ON,https://linktr.ee/comicalleytoys?utm_source=linktree_profile_share&ltsid=f56cfd19-af61-4c35-9f99-4ebb1ad7093f,"9 Bond St W, Oshawa, ON L1H 1A3"
deck-out-gaming-oshawa,Deck Out Gaming,Oshawa,ON,https://deckoutgaming.ca/,"1255 Skae Dr #5, Oshawa, ON L1J 7A3"
f-g-bradley-s-oshawa,F.G.Bradley's,Oshawa,ON,https://www.fgbradleys.com/,"Oshawa Centre, 419 King St W Unit #2015, Oshawa, ON L1J 2K5"
fly-by-nite-movies-games-and-toys-oshawa,"Fly By Nite Movies, Games, and Toys",Oshawa,ON,https://flybynitecollectibles.square.site/,"15 Bond St E, Oshawa, ON L1G 1A8"
g-a-m-e-s-oshawa,G A M E S,Oshawa,ON,http://www.facebook.com/GamesAreMySource,"1180 Simcoe St N, Oshawa, ON L1G 4W8"
gnu-books-oshawa,GNU Books,Oshawa,ON,http://www.gnubooks.net/,"Northway Plaza, 1120 Simcoe St N, Oshawa, ON L1G 4W6"
great-hobbies-oshawa,Great Hobbies,Oshawa,ON,http://www.greathobbies.com/,"991 Taunton Rd E Unit 6B, Oshawa, ON L1K 2M6, Canada"
hallmark-oshawa,Hallmark,Oshawa,ON,https://stores.hallmark.com/on/oshawa/hallmark-oshawa-on-031267.html,"991 Taunton Rd E Unit 6, Oshawa, ON L1K 0Z7"
new-rave-tcg-hobbies-oshawa,New Rave TCG & Hobbies,Oshawa,ON,https://newrave.ca/,"1300 King St E #11, Oshawa, ON L1H 8J4"
over-the-top-gaming-oshawa,Over The Top Gaming,Oshawa,ON,https://overthetopgaming.ca/,"909 Simcoe St N Unit 204, Oshawa, ON L1G 4W1"
skyfox-games-oshawa,Skyfox Games,Oshawa,ON,http://www.skyfoxgames.com/,"86 William St E, Oshawa, ON L1G 1K6"
the-3d-shoppe-oshawa,The 3D Shoppe,Oshawa,ON,http://the3dshoppe.ca/,"88 King St W, Oshawa, ON L1H 1A6"
the-comic-doctor-inc-oshawa,The Comic Doctor Inc,Oshawa,ON,http://www.thecomicdoctor.com/,"Unit #5, 90 Russett Ave, Oshawa, ON L1G 3R5"
the-entertainment-cube-oshawa,The Entertainment Cube,Oshawa,ON,http://www.facebook.com/cubeclown/,"5 Bond St W, Oshawa, ON L1G 1A1"
worlds-collide-oshawa,Worlds Collide,Oshawa,ON,http://www.worldscollide.ca/,"10 Simcoe St N, Oshawa, ON L1G 4R8"
xtreme-r-c-raceways-oshawa,Xtreme R/C & Raceways,Oshawa,ON,https://www.xtremerc.ca/,"57 Simcoe St S, Oshawa, ON L1H 4G4, Canada"
buying-sports-cards-comics-ottawa,Buying Sports Cards & Comics,Ottawa,ON,http://cardandcomicbuyer.com/,"1701 Woodroffe Ave, Ottawa, ON K2G 1W2"
carsncards-com-ottawa,carsncards.com,Ottawa,ON,https://carsncards.com/,"1010 Polytek St #33, Ottawa, ON K1J 9J2"
carta-magica-ottawa-ottawa,Carta Magica Ottawa,Ottawa,ON,http://www.cartamagicaottawa.com/,"1179 St. Laurent Blvd, Ottawa, ON K1K 3B7"
danireon-cards-games-ottawa,Danireon Cards & Games,Ottawa,ON,https://www.danireon.com/,"250 Centrum Blvd Unit 110, Ottawa, ON K1E 3L8"
dxhers-ottawa,Dxhers,Ottawa,ON,https://www.dxhers.ca/,"Claudet Crescent, Ottawa, ON K1G 4R3"
empire-trading-tcg-ottawa,Empire Trading TCG,Ottawa,ON,https://www.empiretradings.com/,"1980 Ogilvie Rd #113, Gloucester, ON K1J 9L3"
entertainment-ink-ottawa,Entertainment Ink!,Ottawa,ON,https://entertainmentink.ca/,"110 Place d'Orléans Dr, Orléans, ON K1E 0B6"
game-breakers-sports-cards-ottawa,Game Breakers Sports Cards,Ottawa,ON,http://gamebreakers.ca/,"780 Baseline Rd Unit 11, Ottawa, ON K2C 3V8"
hobbiesville-ottawa,Hobbiesville,Ottawa,ON,https://hobbiesville.com/,"2635 Blackwell St Unit 5, Ottawa, ON K1B 4E4"
hobbiesville-ottawa-ottawa,Hobbiesville Ottawa,Ottawa,ON,https://hobbiesville.com/?utm_source=google&utm_medium=organic&utm_campaign=gmb,"607 Somerset St W, Ottawa, ON K1R 6C6"
imaginaire-store-ottawa-ottawa,Imaginaire Store Ottawa,Ottawa,ON,http://www.imaginaire.com/,"50 Rideau St Level 3, Ottawa, ON K1N 9J7"
minty-fresh-collectibles-ottawa,Minty Fresh Collectibles,Ottawa,ON,https://mintyfreshcollectible.ca/,"16 Green St Unit 202, Nepean, ON K2J 3R2"
nabema-collectibles-ottawa,Nabema Collectibles,Ottawa,ON,http://www.nabemacollectibles.com/,"1615 Orléans Blvd #108, Ottawa, ON K1C 7E2"
nefarious-comics-ottawa,Nefarious Comics,Ottawa,ON,http://www.nefariouscomics.com/,"386a Bank St, Ottawa, ON K2P 1Y4"
nostalgia-warehouse-ottawa,Nostalgia Warehouse,Ottawa,ON,https://www.facebook.com/nostalgiawarehouseottawa/,"233-C Armstrong St, Ottawa, ON K1Y 1B4"
out-of-the-box-ottawa,Out of the Box,Ottawa,ON,https://www.outoftheboxcards.com/,"1826 Robertson Rd Unit 16 Suite 321, Nepean, ON K2H 5Z6"
pokemon-tcg-supply-ottawa,Pokemon TCG Supply,Ottawa,ON,https://www.facebook.com/share/1CNPHB3Gmx/?mibextid=wwXIfr,"90 Elgin St, Ottawa, ON K1P 5E9"
red-dragon-comics-cards-games-ottawa,"Red Dragon Comics, Cards, Games",Ottawa,ON,http://www.red-dragon.ca/,"6008 Voyageur Dr, Orléans, ON K1C 2K1"
shikdar-trading-inc-ottawa,Shikdar Trading Inc.,Ottawa,ON,http://www.shikdartrading.com/,"1564 Carling Ave, Ottawa, ON K1Z 7M4"
soul-tcg-ottawa,Soul TCG,Ottawa,ON,https://www.soultcg.com/,"50 Rideau St, Ottawa, ON K1N 9J7"
